input_points,nonfinite_removed,too_near_removed,too_far_removed,total_removed,output_points,drop_rate_pct,seq,frame_id
124668,0,0,0,0,124668,0.0,00,000000
124605,0,0,0,0,124605,0.0,00,000001
124478,0,0,0,0,124478,0.0,00,000002
124167,0,0,0,0,124167,0.0,00,000003
123969,0,0,0,0,123969,0.0,00,000004
123924,0,0,0,0,123924,0.0,00,000005
123373,0,0,0,0,123373,0.0,00,000006
122765,0,0,0,0,122765,0.0,00,000007
122123,0,0,0,0,122123,0.0,00,000008
121357,0,0,0,0,121357,0.0,00,000009
121018,0,0,0,0,121018,0.0,00,000010
120945,0,0,0,0,120945,0.0,00,000011
120503,0,0,0,0,120503,0.0,00,000012
120295,0,0,0,0,120295,0.0,00,000013
120406,0,0,0,0,120406,0.0,00,000014
121023,0,0,0,0,121023,0.0,00,000015
121842,0,0,0,0,121842,0.0,00,000016
123107,0,0,0,0,123107,0.0,00,000017
123940,0,0,0,0,123940,0.0,00,000018
124301,0,0,0,0,124301,0.0,00,000019
124553,0,0,0,0,124553,0.0,00,000020
124656,0,0,0,0,124656,0.0,00,000021
124644,0,0,0,0,124644,0.0,00,000022
124526,0,0,0,0,124526,0.0,00,000023
124520,0,0,0,0,124520,0.0,00,000024
124600,0,0,0,0,124600,0.0,00,000025
124550,0,0,0,0,124550,0.0,00,000026
124242,0,0,0,0,124242,0.0,00,000027
124163,0,0,0,0,124163,0.0,00,000028
124018,0,0,0,0,124018,0.0,00,000029
124134,0,0,0,0,124134,0.0,00,000030
124140,0,0,0,0,124140,0.0,00,000031
123932,0,0,0,0,123932,0.0,00,000032
123826,0,0,0,0,123826,0.0,00,000033
123502,0,0,0,0,123502,0.0,00,000034
123006,0,0,0,0,123006,0.0,00,000035
122749,0,0,0,0,122749,0.0,00,000036
122379,0,0,0,0,122379,0.0,00,000037
121738,0,0,0,0,121738,0.0,00,000038
121497,0,0,0,0,121497,0.0,00,000039
121148,0,0,0,0,121148,0.0,00,000040
120359,0,0,0,0,120359,0.0,00,000041
119454,0,0,0,0,119454,0.0,00,000042
118399,0,0,0,0,118399,0.0,00,000043
116881,0,0,0,0,116881,0.0,00,000044
114496,0,0,0,0,114496,0.0,00,000045
113139,0,0,0,0,113139,0.0,00,000046
113810,0,0,0,0,113810,0.0,00,000047
115974,0,0,0,0,115974,0.0,00,000048
117156,0,0,0,0,117156,0.0,00,000049
118636,0,0,0,0,118636,0.0,00,000050
119830,0,0,0,0,119830,0.0,00,000051
120796,0,0,0,0,120796,0.0,00,000052
121891,0,0,0,0,121891,0.0,00,000053
122639,0,0,0,0,122639,0.0,00,000054
123343,0,0,0,0,123343,0.0,00,000055
123232,0,0,0,0,123232,0.0,00,000056
123130,0,0,0,0,123130,0.0,00,000057
122929,0,0,0,0,122929,0.0,00,000058
122703,0,0,0,0,122703,0.0,00,000059
122569,0,0,0,0,122569,0.0,00,000060
122161,0,0,0,0,122161,0.0,00,000061
121732,0,0,0,0,121732,0.0,00,000062
120696,0,0,0,0,120696,0.0,00,000063
120938,0,0,0,0,120938,0.0,00,000064
121051,0,0,0,0,121051,0.0,00,000065
121199,0,0,0,0,121199,0.0,00,000066
121116,0,0,0,0,121116,0.0,00,000067
121081,0,0,0,0,121081,0.0,00,000068
121097,0,0,0,0,121097,0.0,00,000069
120793,0,0,0,0,120793,0.0,00,000070
120492,0,0,0,0,120492,0.0,00,000071
120282,0,0,0,0,120282,0.0,00,000072
120036,0,0,0,0,120036,0.0,00,000073
119747,0,0,0,0,119747,0.0,00,000074
119053,0,0,0,0,119053,0.0,00,000075
118742,0,0,0,0,118742,0.0,00,000076
118174,0,0,0,0,118174,0.0,00,000077
117478,0,0,0,0,117478,0.0,00,000078
117445,0,0,0,0,117445,0.0,00,000079
117412,0,0,0,0,117412,0.0,00,000080
117740,0,0,0,0,117740,0.0,00,000081
117977,0,0,0,0,117977,0.0,00,000082
118573,0,0,0,0,118573,0.0,00,000083
119351,0,0,0,0,119351,0.0,00,000084
119125,0,0,0,0,119125,0.0,00,000085
119352,0,0,0,0,119352,0.0,00,000086
119815,0,0,0,0,119815,0.0,00,000087
120067,0,0,0,0,120067,0.0,00,000088
120549,0,0,0,0,120549,0.0,00,000089
120965,0,0,0,0,120965,0.0,00,000090
121333,0,0,0,0,121333,0.0,00,000091
121500,0,0,0,0,121500,0.0,00,000092
121595,0,0,0,0,121595,0.0,00,000093
121618,0,0,0,0,121618,0.0,00,000094
121671,0,0,0,0,121671,0.0,00,000095
121760,0,0,0,0,121760,0.0,00,000096
121951,0,0,0,0,121951,0.0,00,000097
122234,0,0,0,0,122234,0.0,00,000098
122492,0,0,0,0,122492,0.0,00,000099
122683,0,0,0,0,122683,0.0,00,000100
122661,0,0,0,0,122661,0.0,00,000101
122789,0,0,0,0,122789,0.0,00,000102
122887,0,0,0,0,122887,0.0,00,000103
123008,0,0,0,0,123008,0.0,00,000104
123212,0,0,0,0,123212,0.0,00,000105
123177,0,0,0,0,123177,0.0,00,000106
123244,0,0,0,0,123244,0.0,00,000107
123146,0,0,0,0,123146,0.0,00,000108
123192,0,0,0,0,123192,0.0,00,000109
123172,0,0,0,0,123172,0.0,00,000110
123160,0,0,0,0,123160,0.0,00,000111
123026,0,0,0,0,123026,0.0,00,000112
122730,0,0,0,0,122730,0.0,00,000113
122621,0,0,0,0,122621,0.0,00,000114
122638,0,0,0,0,122638,0.0,00,000115
122577,0,0,0,0,122577,0.0,00,000116
122408,0,0,0,0,122408,0.0,00,000117
121994,0,0,0,0,121994,0.0,00,000118
121680,0,0,0,0,121680,0.0,00,000119
121444,0,0,0,0,121444,0.0,00,000120
121592,0,0,0,0,121592,0.0,00,000121
121451,0,0,0,0,121451,0.0,00,000122
121527,0,0,0,0,121527,0.0,00,000123
121650,0,0,0,0,121650,0.0,00,000124
121603,0,0,0,0,121603,0.0,00,000125
121529,0,0,0,0,121529,0.0,00,000126
120869,0,0,0,0,120869,0.0,00,000127
120301,0,0,0,0,120301,0.0,00,000128
118851,0,0,0,0,118851,0.0,00,000129
118077,0,0,0,0,118077,0.0,00,000130
116978,0,0,0,0,116978,0.0,00,000131
115325,0,0,0,0,115325,0.0,00,000132
114733,0,0,0,0,114733,0.0,00,000133
115217,0,0,0,0,115217,0.0,00,000134
114462,0,0,0,0,114462,0.0,00,000135
114479,0,0,0,0,114479,0.0,00,000136
115917,0,0,0,0,115917,0.0,00,000137
117597,0,0,0,0,117597,0.0,00,000138
118909,0,0,0,0,118909,0.0,00,000139
119793,0,0,0,0,119793,0.0,00,000140
120981,0,0,0,0,120981,0.0,00,000141
121497,0,0,0,0,121497,0.0,00,000142
121816,0,0,0,0,121816,0.0,00,000143
121429,0,0,0,0,121429,0.0,00,000144
121253,0,0,0,0,121253,0.0,00,000145
120947,0,0,0,0,120947,0.0,00,000146
120755,0,0,0,0,120755,0.0,00,000147
121063,0,0,0,0,121063,0.0,00,000148
121850,0,0,0,0,121850,0.0,00,000149
122226,0,0,0,0,122226,0.0,00,000150
121983,0,0,0,0,121983,0.0,00,000151
122398,0,0,0,0,122398,0.0,00,000152
122833,0,0,0,0,122833,0.0,00,000153
123485,0,0,0,0,123485,0.0,00,000154
124502,0,0,0,0,124502,0.0,00,000155
125387,0,0,0,0,125387,0.0,00,000156
125911,0,0,0,0,125911,0.0,00,000157
126049,0,0,0,0,126049,0.0,00,000158
126187,0,0,0,0,126187,0.0,00,000159
126288,0,0,0,0,126288,0.0,00,000160
126173,0,0,0,0,126173,0.0,00,000161
126167,0,0,0,0,126167,0.0,00,000162
126087,0,0,0,0,126087,0.0,00,000163
125879,0,0,0,0,125879,0.0,00,000164
125423,0,0,0,0,125423,0.0,00,000165
124987,0,0,0,0,124987,0.0,00,000166
123626,0,0,0,0,123626,0.0,00,000167
122532,0,0,0,0,122532,0.0,00,000168
121394,0,0,0,0,121394,0.0,00,000169
120674,0,0,0,0,120674,0.0,00,000170
119591,0,0,0,0,119591,0.0,00,000171
118344,0,0,0,0,118344,0.0,00,000172
116993,0,0,0,0,116993,0.0,00,000173
116334,0,0,0,0,116334,0.0,00,000174
115106,0,0,0,0,115106,0.0,00,000175
113921,0,0,0,0,113921,0.0,00,000176
112396,0,0,0,0,112396,0.0,00,000177
112096,0,0,0,0,112096,0.0,00,000178
111952,0,0,0,0,111952,0.0,00,000179
111881,0,0,0,0,111881,0.0,00,000180
112852,0,0,0,0,112852,0.0,00,000181
114677,0,0,0,0,114677,0.0,00,000182
116509,0,0,0,0,116509,0.0,00,000183
117476,0,0,0,0,117476,0.0,00,000184
118814,0,0,0,0,118814,0.0,00,000185
119616,0,0,0,0,119616,0.0,00,000186
121047,0,0,0,0,121047,0.0,00,000187
121819,0,0,0,0,121819,0.0,00,000188
122660,0,0,0,0,122660,0.0,00,000189
123174,0,0,0,0,123174,0.0,00,000190
123160,0,0,0,0,123160,0.0,00,000191
123489,0,0,0,0,123489,0.0,00,000192
123695,0,0,0,0,123695,0.0,00,000193
123805,0,0,0,0,123805,0.0,00,000194
123697,0,0,0,0,123697,0.0,00,000195
123276,0,0,0,0,123276,0.0,00,000196
123184,0,0,0,0,123184,0.0,00,000197
123034,0,0,0,0,123034,0.0,00,000198
122914,0,0,0,0,122914,0.0,00,000199
122651,0,0,0,0,122651,0.0,00,000200
122333,0,0,0,0,122333,0.0,00,000201
122501,0,0,0,0,122501,0.0,00,000202
122865,0,0,0,0,122865,0.0,00,000203
123207,0,0,0,0,123207,0.0,00,000204
123305,0,0,0,0,123305,0.0,00,000205
123260,0,0,0,0,123260,0.0,00,000206
122967,0,0,0,0,122967,0.0,00,000207
123061,0,0,0,0,123061,0.0,00,000208
122559,0,0,0,0,122559,0.0,00,000209
122027,0,0,0,0,122027,0.0,00,000210
121679,0,0,0,0,121679,0.0,00,000211
121386,0,0,0,0,121386,0.0,00,000212
121126,0,0,0,0,121126,0.0,00,000213
120989,0,0,0,0,120989,0.0,00,000214
120722,0,0,0,0,120722,0.0,00,000215
120438,0,0,0,0,120438,0.0,00,000216
120011,0,0,0,0,120011,0.0,00,000217
119858,0,0,0,0,119858,0.0,00,000218
119583,0,0,0,0,119583,0.0,00,000219
119432,0,0,0,0,119432,0.0,00,000220
119770,0,0,0,0,119770,0.0,00,000221
119877,0,0,0,0,119877,0.0,00,000222
119856,0,0,0,0,119856,0.0,00,000223
119683,0,0,0,0,119683,0.0,00,000224
119732,0,0,0,0,119732,0.0,00,000225
119141,0,0,0,0,119141,0.0,00,000226
118722,0,0,0,0,118722,0.0,00,000227
119444,0,0,0,0,119444,0.0,00,000228
119695,0,0,0,0,119695,0.0,00,000229
119477,0,0,0,0,119477,0.0,00,000230
119691,0,0,0,0,119691,0.0,00,000231
120297,0,0,0,0,120297,0.0,00,000232
120525,0,0,0,0,120525,0.0,00,000233
120080,0,0,0,0,120080,0.0,00,000234
119604,0,0,0,0,119604,0.0,00,000235
119873,0,0,0,0,119873,0.0,00,000236
120150,0,0,0,0,120150,0.0,00,000237
120135,0,0,0,0,120135,0.0,00,000238
119951,0,0,0,0,119951,0.0,00,000239
119328,0,0,0,0,119328,0.0,00,000240
118218,0,0,0,0,118218,0.0,00,000241
117861,0,0,0,0,117861,0.0,00,000242
117466,0,0,0,0,117466,0.0,00,000243
116907,0,0,0,0,116907,0.0,00,000244
115398,0,0,0,0,115398,0.0,00,000245
113815,0,0,0,0,113815,0.0,00,000246
113734,0,0,0,0,113734,0.0,00,000247
114195,0,0,0,0,114195,0.0,00,000248
114865,0,0,0,0,114865,0.0,00,000249
116583,0,0,0,0,116583,0.0,00,000250
117162,0,0,0,0,117162,0.0,00,000251
116714,0,0,0,0,116714,0.0,00,000252
116678,0,0,0,0,116678,0.0,00,000253
117878,0,0,0,0,117878,0.0,00,000254
119354,0,0,0,0,119354,0.0,00,000255
119605,0,0,0,0,119605,0.0,00,000256
120602,0,0,0,0,120602,0.0,00,000257
122611,0,0,0,0,122611,0.0,00,000258
124180,0,0,0,0,124180,0.0,00,000259
124776,0,0,0,0,124776,0.0,00,000260
125429,0,0,0,0,125429,0.0,00,000261
125934,0,0,0,0,125934,0.0,00,000262
126293,0,0,0,0,126293,0.0,00,000263
126327,0,0,0,0,126327,0.0,00,000264
126051,0,0,0,0,126051,0.0,00,000265
126168,0,0,0,0,126168,0.0,00,000266
126163,0,0,0,0,126163,0.0,00,000267
125891,0,0,0,0,125891,0.0,00,000268
125685,0,0,0,0,125685,0.0,00,000269
125516,0,0,0,0,125516,0.0,00,000270
125063,0,0,0,0,125063,0.0,00,000271
124361,0,0,0,0,124361,0.0,00,000272
123670,0,0,0,0,123670,0.0,00,000273
124086,0,0,0,0,124086,0.0,00,000274
124006,0,0,0,0,124006,0.0,00,000275
122847,0,0,0,0,122847,0.0,00,000276
122094,0,0,0,0,122094,0.0,00,000277
121468,0,0,0,0,121468,0.0,00,000278
120038,0,0,0,0,120038,0.0,00,000279
118735,0,0,0,0,118735,0.0,00,000280
117104,0,0,0,0,117104,0.0,00,000281
115794,0,0,0,0,115794,0.0,00,000282
115657,0,0,0,0,115657,0.0,00,000283
116060,0,0,0,0,116060,0.0,00,000284
116404,0,0,0,0,116404,0.0,00,000285
115192,0,0,0,0,115192,0.0,00,000286
112914,0,0,0,0,112914,0.0,00,000287
109940,0,0,0,0,109940,0.0,00,000288
108469,0,0,0,0,108469,0.0,00,000289
107769,0,0,0,0,107769,0.0,00,000290
108995,0,0,0,0,108995,0.0,00,000291
109085,0,0,0,0,109085,0.0,00,000292
111317,0,0,0,0,111317,0.0,00,000293
114115,0,0,0,0,114115,0.0,00,000294
116356,0,0,0,0,116356,0.0,00,000295
118295,0,0,0,0,118295,0.0,00,000296
120152,0,0,0,0,120152,0.0,00,000297
121569,0,0,0,0,121569,0.0,00,000298
122643,0,0,0,0,122643,0.0,00,000299
123338,0,0,0,0,123338,0.0,00,000300
123656,0,0,0,0,123656,0.0,00,000301
123808,0,0,0,0,123808,0.0,00,000302
123547,0,0,0,0,123547,0.0,00,000303
123573,0,0,0,0,123573,0.0,00,000304
123514,0,0,0,0,123514,0.0,00,000305
123388,0,0,0,0,123388,0.0,00,000306
124150,0,0,0,0,124150,0.0,00,000307
123663,0,0,0,0,123663,0.0,00,000308
122991,0,0,0,0,122991,0.0,00,000309
122353,0,0,0,0,122353,0.0,00,000310
122409,0,0,0,0,122409,0.0,00,000311
121910,0,0,0,0,121910,0.0,00,000312
121853,0,0,0,0,121853,0.0,00,000313
121903,0,0,0,0,121903,0.0,00,000314
120971,0,0,0,0,120971,0.0,00,000315
120201,0,0,0,0,120201,0.0,00,000316
120657,0,0,0,0,120657,0.0,00,000317
120878,0,0,0,0,120878,0.0,00,000318
121676,0,0,0,0,121676,0.0,00,000319
122629,0,0,0,0,122629,0.0,00,000320
122614,0,0,0,0,122614,0.0,00,000321
122204,0,0,0,0,122204,0.0,00,000322
122221,0,0,0,0,122221,0.0,00,000323
121896,0,0,0,0,121896,0.0,00,000324
121670,0,0,0,0,121670,0.0,00,000325
121448,0,0,0,0,121448,0.0,00,000326
121329,0,0,0,0,121329,0.0,00,000327
120850,0,0,0,0,120850,0.0,00,000328
120159,0,0,0,0,120159,0.0,00,000329
119774,0,0,0,0,119774,0.0,00,000330
121136,0,0,0,0,121136,0.0,00,000331
121852,0,0,0,0,121852,0.0,00,000332
123016,0,0,0,0,123016,0.0,00,000333
123729,0,0,0,0,123729,0.0,00,000334
124409,0,0,0,0,124409,0.0,00,000335
124883,0,0,0,0,124883,0.0,00,000336
125027,0,0,0,0,125027,0.0,00,000337
125173,0,0,0,0,125173,0.0,00,000338
125265,0,0,0,0,125265,0.0,00,000339
125109,0,0,0,0,125109,0.0,00,000340
124929,0,0,0,0,124929,0.0,00,000341
124672,0,0,0,0,124672,0.0,00,000342
124380,0,0,0,0,124380,0.0,00,000343
123733,0,0,0,0,123733,0.0,00,000344
122806,0,0,0,0,122806,0.0,00,000345
121732,0,0,0,0,121732,0.0,00,000346
120775,0,0,0,0,120775,0.0,00,000347
119829,0,0,0,0,119829,0.0,00,000348
118893,0,0,0,0,118893,0.0,00,000349
119106,0,0,0,0,119106,0.0,00,000350
118718,0,0,0,0,118718,0.0,00,000351
115913,0,0,0,0,115913,0.0,00,000352
113715,0,0,0,0,113715,0.0,00,000353
114152,0,0,0,0,114152,0.0,00,000354
115494,0,0,0,0,115494,0.0,00,000355
115985,0,0,0,0,115985,0.0,00,000356
117480,0,0,0,0,117480,0.0,00,000357
118823,0,0,0,0,118823,0.0,00,000358
118893,0,0,0,0,118893,0.0,00,000359
118769,0,0,0,0,118769,0.0,00,000360
118693,0,0,0,0,118693,0.0,00,000361
119762,0,0,0,0,119762,0.0,00,000362
120802,0,0,0,0,120802,0.0,00,000363
121571,0,0,0,0,121571,0.0,00,000364
122157,0,0,0,0,122157,0.0,00,000365
122671,0,0,0,0,122671,0.0,00,000366
123244,0,0,0,0,123244,0.0,00,000367
123813,0,0,0,0,123813,0.0,00,000368
124133,0,0,0,0,124133,0.0,00,000369
124221,0,0,0,0,124221,0.0,00,000370
124509,0,0,0,0,124509,0.0,00,000371
124460,0,0,0,0,124460,0.0,00,000372
124613,0,0,0,0,124613,0.0,00,000373
124600,0,0,0,0,124600,0.0,00,000374
124620,0,0,0,0,124620,0.0,00,000375
124484,0,0,0,0,124484,0.0,00,000376
124000,0,0,0,0,124000,0.0,00,000377
123744,0,0,0,0,123744,0.0,00,000378
123596,0,0,0,0,123596,0.0,00,000379
123343,0,0,0,0,123343,0.0,00,000380
123254,0,0,0,0,123254,0.0,00,000381
123163,0,0,0,0,123163,0.0,00,000382
123244,0,0,0,0,123244,0.0,00,000383
122844,0,0,0,0,122844,0.0,00,000384
122696,0,0,0,0,122696,0.0,00,000385
122725,0,0,0,0,122725,0.0,00,000386
122867,0,0,0,0,122867,0.0,00,000387
122976,0,0,0,0,122976,0.0,00,000388
123203,0,0,0,0,123203,0.0,00,000389
123397,0,0,0,0,123397,0.0,00,000390
123522,0,0,0,0,123522,0.0,00,000391
123631,0,0,0,0,123631,0.0,00,000392
124098,0,0,0,0,124098,0.0,00,000393
124357,0,0,0,0,124357,0.0,00,000394
124348,0,0,0,0,124348,0.0,00,000395
124346,0,0,0,0,124346,0.0,00,000396
124019,0,0,0,0,124019,0.0,00,000397
123655,0,0,0,0,123655,0.0,00,000398
123451,0,0,0,0,123451,0.0,00,000399
123434,0,0,0,0,123434,0.0,00,000400
123322,0,0,0,0,123322,0.0,00,000401
123488,0,0,0,0,123488,0.0,00,000402
123442,0,0,0,0,123442,0.0,00,000403
123605,0,0,0,0,123605,0.0,00,000404
123522,0,0,0,0,123522,0.0,00,000405
123476,0,0,0,0,123476,0.0,00,000406
123175,0,0,0,0,123175,0.0,00,000407
123093,0,0,0,0,123093,0.0,00,000408
123034,0,0,0,0,123034,0.0,00,000409
122986,0,0,0,0,122986,0.0,00,000410
122977,0,0,0,0,122977,0.0,00,000411
123055,0,0,0,0,123055,0.0,00,000412
122991,0,0,0,0,122991,0.0,00,000413
123065,0,0,0,0,123065,0.0,00,000414
122967,0,0,0,0,122967,0.0,00,000415
122820,0,0,0,0,122820,0.0,00,000416
122622,0,0,0,0,122622,0.0,00,000417
122661,0,0,0,0,122661,0.0,00,000418
122762,0,0,0,0,122762,0.0,00,000419
122967,0,0,0,0,122967,0.0,00,000420
123219,0,0,0,0,123219,0.0,00,000421
123361,0,0,0,0,123361,0.0,00,000422
123599,0,0,0,0,123599,0.0,00,000423
123632,0,0,0,0,123632,0.0,00,000424
123718,0,0,0,0,123718,0.0,00,000425
123621,0,0,0,0,123621,0.0,00,000426
123323,0,0,0,0,123323,0.0,00,000427
123351,0,0,0,0,123351,0.0,00,000428
123069,0,0,0,0,123069,0.0,00,000429
123112,0,0,0,0,123112,0.0,00,000430
123047,0,0,0,0,123047,0.0,00,000431
122946,0,0,0,0,122946,0.0,00,000432
122896,0,0,0,0,122896,0.0,00,000433
123197,0,0,0,0,123197,0.0,00,000434
123229,0,0,0,0,123229,0.0,00,000435
122849,0,0,0,0,122849,0.0,00,000436
122468,0,0,0,0,122468,0.0,00,000437
121435,0,0,0,0,121435,0.0,00,000438
119924,0,0,0,0,119924,0.0,00,000439
118286,0,0,0,0,118286,0.0,00,000440
116550,0,0,0,0,116550,0.0,00,000441
115071,0,0,0,0,115071,0.0,00,000442
114795,0,0,0,0,114795,0.0,00,000443
114768,0,0,0,0,114768,0.0,00,000444
113751,0,0,0,0,113751,0.0,00,000445
113146,0,0,0,0,113146,0.0,00,000446
112145,0,0,0,0,112145,0.0,00,000447
112542,0,0,0,0,112542,0.0,00,000448
112872,0,0,0,0,112872,0.0,00,000449
112906,0,0,0,0,112906,0.0,00,000450
112308,0,0,0,0,112308,0.0,00,000451
112573,0,0,0,0,112573,0.0,00,000452
114205,0,0,0,0,114205,0.0,00,000453
116907,0,0,0,0,116907,0.0,00,000454
118915,0,0,0,0,118915,0.0,00,000455
118458,0,0,0,0,118458,0.0,00,000456
118676,0,0,0,0,118676,0.0,00,000457
119663,0,0,0,0,119663,0.0,00,000458
120839,0,0,0,0,120839,0.0,00,000459
122380,0,0,0,0,122380,0.0,00,000460
123588,0,0,0,0,123588,0.0,00,000461
124173,0,0,0,0,124173,0.0,00,000462
124497,0,0,0,0,124497,0.0,00,000463
124597,0,0,0,0,124597,0.0,00,000464
124563,0,0,0,0,124563,0.0,00,000465
124528,0,0,0,0,124528,0.0,00,000466
124410,0,0,0,0,124410,0.0,00,000467
124271,0,0,0,0,124271,0.0,00,000468
123894,0,0,0,0,123894,0.0,00,000469
123148,0,0,0,0,123148,0.0,00,000470
121787,0,0,0,0,121787,0.0,00,000471
120539,0,0,0,0,120539,0.0,00,000472
119397,0,0,0,0,119397,0.0,00,000473
119657,0,0,0,0,119657,0.0,00,000474
119211,0,0,0,0,119211,0.0,00,000475
119548,0,0,0,0,119548,0.0,00,000476
119607,0,0,0,0,119607,0.0,00,000477
119515,0,0,0,0,119515,0.0,00,000478
119072,0,0,0,0,119072,0.0,00,000479
118761,0,0,0,0,118761,0.0,00,000480
118679,0,0,0,0,118679,0.0,00,000481
118672,0,0,0,0,118672,0.0,00,000482
117697,0,0,0,0,117697,0.0,00,000483
116458,0,0,0,0,116458,0.0,00,000484
115402,0,0,0,0,115402,0.0,00,000485
114982,0,0,0,0,114982,0.0,00,000486
115643,0,0,0,0,115643,0.0,00,000487
116345,0,0,0,0,116345,0.0,00,000488
115936,0,0,0,0,115936,0.0,00,000489
115737,0,0,0,0,115737,0.0,00,000490
116756,0,0,0,0,116756,0.0,00,000491
118294,0,0,0,0,118294,0.0,00,000492
119310,0,0,0,0,119310,0.0,00,000493
120056,0,0,0,0,120056,0.0,00,000494
121115,0,0,0,0,121115,0.0,00,000495
121804,0,0,0,0,121804,0.0,00,000496
123028,0,0,0,0,123028,0.0,00,000497
123673,0,0,0,0,123673,0.0,00,000498
124175,0,0,0,0,124175,0.0,00,000499
124446,0,0,0,0,124446,0.0,00,000500
124587,0,0,0,0,124587,0.0,00,000501
123626,0,0,0,0,123626,0.0,00,000502
123350,0,0,0,0,123350,0.0,00,000503
123015,0,0,0,0,123015,0.0,00,000504
122945,0,0,0,0,122945,0.0,00,000505
122772,0,0,0,0,122772,0.0,00,000506
122670,0,0,0,0,122670,0.0,00,000507
122178,0,0,0,0,122178,0.0,00,000508
122704,0,0,0,0,122704,0.0,00,000509
123383,0,0,0,0,123383,0.0,00,000510
123996,0,0,0,0,123996,0.0,00,000511
124470,0,0,0,0,124470,0.0,00,000512
124651,0,0,0,0,124651,0.0,00,000513
124837,0,0,0,0,124837,0.0,00,000514
124832,0,0,0,0,124832,0.0,00,000515
124648,0,0,0,0,124648,0.0,00,000516
124237,0,0,0,0,124237,0.0,00,000517
123611,0,0,0,0,123611,0.0,00,000518
123045,0,0,0,0,123045,0.0,00,000519
122601,0,0,0,0,122601,0.0,00,000520
122479,0,0,0,0,122479,0.0,00,000521
122486,0,0,0,0,122486,0.0,00,000522
122236,0,0,0,0,122236,0.0,00,000523
121717,0,0,0,0,121717,0.0,00,000524
121045,0,0,0,0,121045,0.0,00,000525
120287,0,0,0,0,120287,0.0,00,000526
120125,0,0,0,0,120125,0.0,00,000527
119738,0,0,0,0,119738,0.0,00,000528
120071,0,0,0,0,120071,0.0,00,000529
120346,0,0,0,0,120346,0.0,00,000530
120645,0,0,0,0,120645,0.0,00,000531
120804,0,0,0,0,120804,0.0,00,000532
120749,0,0,0,0,120749,0.0,00,000533
120622,0,0,0,0,120622,0.0,00,000534
120616,0,0,0,0,120616,0.0,00,000535
120590,0,0,0,0,120590,0.0,00,000536
120616,0,0,0,0,120616,0.0,00,000537
120766,0,0,0,0,120766,0.0,00,000538
120804,0,0,0,0,120804,0.0,00,000539
120797,0,0,0,0,120797,0.0,00,000540
120843,0,0,0,0,120843,0.0,00,000541
120780,0,0,0,0,120780,0.0,00,000542
120767,0,0,0,0,120767,0.0,00,000543
120765,0,0,0,0,120765,0.0,00,000544
120785,0,0,0,0,120785,0.0,00,000545
120781,0,0,0,0,120781,0.0,00,000546
120915,0,0,0,0,120915,0.0,00,000547
120853,0,0,0,0,120853,0.0,00,000548
120912,0,0,0,0,120912,0.0,00,000549
120918,0,0,0,0,120918,0.0,00,000550
120955,0,0,0,0,120955,0.0,00,000551
120919,0,0,0,0,120919,0.0,00,000552
120578,0,0,0,0,120578,0.0,00,000553
120907,0,0,0,0,120907,0.0,00,000554
120973,0,0,0,0,120973,0.0,00,000555
120960,0,0,0,0,120960,0.0,00,000556
120988,0,0,0,0,120988,0.0,00,000557
120983,0,0,0,0,120983,0.0,00,000558
121080,0,0,0,0,121080,0.0,00,000559
120989,0,0,0,0,120989,0.0,00,000560
120987,0,0,0,0,120987,0.0,00,000561
121008,0,0,0,0,121008,0.0,00,000562
121130,0,0,0,0,121130,0.0,00,000563
121017,0,0,0,0,121017,0.0,00,000564
120979,0,0,0,0,120979,0.0,00,000565
120947,0,0,0,0,120947,0.0,00,000566
121047,0,0,0,0,121047,0.0,00,000567
121137,0,0,0,0,121137,0.0,00,000568
121226,0,0,0,0,121226,0.0,00,000569
121256,0,0,0,0,121256,0.0,00,000570
121204,0,0,0,0,121204,0.0,00,000571
121288,0,0,0,0,121288,0.0,00,000572
121452,0,0,0,0,121452,0.0,00,000573
121487,0,0,0,0,121487,0.0,00,000574
121495,0,0,0,0,121495,0.0,00,000575
121456,0,0,0,0,121456,0.0,00,000576
121409,0,0,0,0,121409,0.0,00,000577
121234,0,0,0,0,121234,0.0,00,000578
121112,0,0,0,0,121112,0.0,00,000579
120864,0,0,0,0,120864,0.0,00,000580
120632,0,0,0,0,120632,0.0,00,000581
120331,0,0,0,0,120331,0.0,00,000582
119829,0,0,0,0,119829,0.0,00,000583
119311,0,0,0,0,119311,0.0,00,000584
118718,0,0,0,0,118718,0.0,00,000585
118317,0,0,0,0,118317,0.0,00,000586
117585,0,0,0,0,117585,0.0,00,000587
116931,0,0,0,0,116931,0.0,00,000588
116311,0,0,0,0,116311,0.0,00,000589
115733,0,0,0,0,115733,0.0,00,000590
115494,0,0,0,0,115494,0.0,00,000591
115396,0,0,0,0,115396,0.0,00,000592
115352,0,0,0,0,115352,0.0,00,000593
115642,0,0,0,0,115642,0.0,00,000594
115614,0,0,0,0,115614,0.0,00,000595
115798,0,0,0,0,115798,0.0,00,000596
114950,0,0,0,0,114950,0.0,00,000597
114622,0,0,0,0,114622,0.0,00,000598
113773,0,0,0,0,113773,0.0,00,000599
113648,0,0,0,0,113648,0.0,00,000600
113588,0,0,0,0,113588,0.0,00,000601
113903,0,0,0,0,113903,0.0,00,000602
114559,0,0,0,0,114559,0.0,00,000603
115630,0,0,0,0,115630,0.0,00,000604
116666,0,0,0,0,116666,0.0,00,000605
117426,0,0,0,0,117426,0.0,00,000606
118078,0,0,0,0,118078,0.0,00,000607
118735,0,0,0,0,118735,0.0,00,000608
119559,0,0,0,0,119559,0.0,00,000609
119880,0,0,0,0,119880,0.0,00,000610
120243,0,0,0,0,120243,0.0,00,000611
120194,0,0,0,0,120194,0.0,00,000612
120684,0,0,0,0,120684,0.0,00,000613
121298,0,0,0,0,121298,0.0,00,000614
121358,0,0,0,0,121358,0.0,00,000615
121562,0,0,0,0,121562,0.0,00,000616
121751,0,0,0,0,121751,0.0,00,000617
121304,0,0,0,0,121304,0.0,00,000618
120912,0,0,0,0,120912,0.0,00,000619
120611,0,0,0,0,120611,0.0,00,000620
119689,0,0,0,0,119689,0.0,00,000621
119668,0,0,0,0,119668,0.0,00,000622
120399,0,0,0,0,120399,0.0,00,000623
121102,0,0,0,0,121102,0.0,00,000624
121057,0,0,0,0,121057,0.0,00,000625
120660,0,0,0,0,120660,0.0,00,000626
119183,0,0,0,0,119183,0.0,00,000627
117923,0,0,0,0,117923,0.0,00,000628
117383,0,0,0,0,117383,0.0,00,000629
116288,0,0,0,0,116288,0.0,00,000630
115779,0,0,0,0,115779,0.0,00,000631
115647,0,0,0,0,115647,0.0,00,000632
116496,0,0,0,0,116496,0.0,00,000633
117522,0,0,0,0,117522,0.0,00,000634
118653,0,0,0,0,118653,0.0,00,000635
118857,0,0,0,0,118857,0.0,00,000636
119283,0,0,0,0,119283,0.0,00,000637
119979,0,0,0,0,119979,0.0,00,000638
119303,0,0,0,0,119303,0.0,00,000639
119102,0,0,0,0,119102,0.0,00,000640
118961,0,0,0,0,118961,0.0,00,000641
118938,0,0,0,0,118938,0.0,00,000642
118615,0,0,0,0,118615,0.0,00,000643
118990,0,0,0,0,118990,0.0,00,000644
119562,0,0,0,0,119562,0.0,00,000645
119935,0,0,0,0,119935,0.0,00,000646
119654,0,0,0,0,119654,0.0,00,000647
119920,0,0,0,0,119920,0.0,00,000648
119290,0,0,0,0,119290,0.0,00,000649
118118,0,0,0,0,118118,0.0,00,000650
117333,0,0,0,0,117333,0.0,00,000651
116496,0,0,0,0,116496,0.0,00,000652
115842,0,0,0,0,115842,0.0,00,000653
116199,0,0,0,0,116199,0.0,00,000654
116958,0,0,0,0,116958,0.0,00,000655
118497,0,0,0,0,118497,0.0,00,000656
119652,0,0,0,0,119652,0.0,00,000657
119521,0,0,0,0,119521,0.0,00,000658
118455,0,0,0,0,118455,0.0,00,000659
118704,0,0,0,0,118704,0.0,00,000660
118323,0,0,0,0,118323,0.0,00,000661
118364,0,0,0,0,118364,0.0,00,000662
118276,0,0,0,0,118276,0.0,00,000663
117166,0,0,0,0,117166,0.0,00,000664
115777,0,0,0,0,115777,0.0,00,000665
115117,0,0,0,0,115117,0.0,00,000666
115298,0,0,0,0,115298,0.0,00,000667
115663,0,0,0,0,115663,0.0,00,000668
114969,0,0,0,0,114969,0.0,00,000669
115128,0,0,0,0,115128,0.0,00,000670
115807,0,0,0,0,115807,0.0,00,000671
117136,0,0,0,0,117136,0.0,00,000672
118266,0,0,0,0,118266,0.0,00,000673
117876,0,0,0,0,117876,0.0,00,000674
117466,0,0,0,0,117466,0.0,00,000675
116811,0,0,0,0,116811,0.0,00,000676
117215,0,0,0,0,117215,0.0,00,000677
116733,0,0,0,0,116733,0.0,00,000678
116822,0,0,0,0,116822,0.0,00,000679
117480,0,0,0,0,117480,0.0,00,000680
117390,0,0,0,0,117390,0.0,00,000681
117378,0,0,0,0,117378,0.0,00,000682
117112,0,0,0,0,117112,0.0,00,000683
117265,0,0,0,0,117265,0.0,00,000684
117372,0,0,0,0,117372,0.0,00,000685
117668,0,0,0,0,117668,0.0,00,000686
116644,0,0,0,0,116644,0.0,00,000687
115853,0,0,0,0,115853,0.0,00,000688
115422,0,0,0,0,115422,0.0,00,000689
114466,0,0,0,0,114466,0.0,00,000690
113932,0,0,0,0,113932,0.0,00,000691
113586,0,0,0,0,113586,0.0,00,000692
113618,0,0,0,0,113618,0.0,00,000693
113268,0,0,0,0,113268,0.0,00,000694
113298,0,0,0,0,113298,0.0,00,000695
114146,0,0,0,0,114146,0.0,00,000696
116164,0,0,0,0,116164,0.0,00,000697
118016,0,0,0,0,118016,0.0,00,000698
119595,0,0,0,0,119595,0.0,00,000699
120735,0,0,0,0,120735,0.0,00,000700
121248,0,0,0,0,121248,0.0,00,000701
121517,0,0,0,0,121517,0.0,00,000702
121622,0,0,0,0,121622,0.0,00,000703
121857,0,0,0,0,121857,0.0,00,000704
122002,0,0,0,0,122002,0.0,00,000705
121983,0,0,0,0,121983,0.0,00,000706
121366,0,0,0,0,121366,0.0,00,000707
120559,0,0,0,0,120559,0.0,00,000708
120121,0,0,0,0,120121,0.0,00,000709
119358,0,0,0,0,119358,0.0,00,000710
119447,0,0,0,0,119447,0.0,00,000711
119341,0,0,0,0,119341,0.0,00,000712
119200,0,0,0,0,119200,0.0,00,000713
119102,0,0,0,0,119102,0.0,00,000714
118389,0,0,0,0,118389,0.0,00,000715
118887,0,0,0,0,118887,0.0,00,000716
119197,0,0,0,0,119197,0.0,00,000717
119550,0,0,0,0,119550,0.0,00,000718
120710,0,0,0,0,120710,0.0,00,000719
121606,0,0,0,0,121606,0.0,00,000720
121916,0,0,0,0,121916,0.0,00,000721
122443,0,0,0,0,122443,0.0,00,000722
122715,0,0,0,0,122715,0.0,00,000723
122877,0,0,0,0,122877,0.0,00,000724
122969,0,0,0,0,122969,0.0,00,000725
122922,0,0,0,0,122922,0.0,00,000726
122876,0,0,0,0,122876,0.0,00,000727
122581,0,0,0,0,122581,0.0,00,000728
122321,0,0,0,0,122321,0.0,00,000729
121946,0,0,0,0,121946,0.0,00,000730
121785,0,0,0,0,121785,0.0,00,000731
121854,0,0,0,0,121854,0.0,00,000732
121915,0,0,0,0,121915,0.0,00,000733
122079,0,0,0,0,122079,0.0,00,000734
122111,0,0,0,0,122111,0.0,00,000735
122183,0,0,0,0,122183,0.0,00,000736
122332,0,0,0,0,122332,0.0,00,000737
122287,0,0,0,0,122287,0.0,00,000738
122407,0,0,0,0,122407,0.0,00,000739
122730,0,0,0,0,122730,0.0,00,000740
122919,0,0,0,0,122919,0.0,00,000741
123058,0,0,0,0,123058,0.0,00,000742
123205,0,0,0,0,123205,0.0,00,000743
123475,0,0,0,0,123475,0.0,00,000744
123619,0,0,0,0,123619,0.0,00,000745
123838,0,0,0,0,123838,0.0,00,000746
123968,0,0,0,0,123968,0.0,00,000747
124213,0,0,0,0,124213,0.0,00,000748
124274,0,0,0,0,124274,0.0,00,000749
124475,0,0,0,0,124475,0.0,00,000750
124484,0,0,0,0,124484,0.0,00,000751
124831,0,0,0,0,124831,0.0,00,000752
124956,0,0,0,0,124956,0.0,00,000753
124928,0,0,0,0,124928,0.0,00,000754
124876,0,0,0,0,124876,0.0,00,000755
124864,0,0,0,0,124864,0.0,00,000756
124888,0,0,0,0,124888,0.0,00,000757
124768,0,0,0,0,124768,0.0,00,000758
124442,0,0,0,0,124442,0.0,00,000759
124534,0,0,0,0,124534,0.0,00,000760
124660,0,0,0,0,124660,0.0,00,000761
124853,0,0,0,0,124853,0.0,00,000762
124772,0,0,0,0,124772,0.0,00,000763
124576,0,0,0,0,124576,0.0,00,000764
124387,0,0,0,0,124387,0.0,00,000765
124289,0,0,0,0,124289,0.0,00,000766
124159,0,0,0,0,124159,0.0,00,000767
123599,0,0,0,0,123599,0.0,00,000768
122538,0,0,0,0,122538,0.0,00,000769
121056,0,0,0,0,121056,0.0,00,000770
119310,0,0,0,0,119310,0.0,00,000771
118466,0,0,0,0,118466,0.0,00,000772
118461,0,0,0,0,118461,0.0,00,000773
118802,0,0,0,0,118802,0.0,00,000774
119169,0,0,0,0,119169,0.0,00,000775
118346,0,0,0,0,118346,0.0,00,000776
117455,0,0,0,0,117455,0.0,00,000777
119548,0,0,0,0,119548,0.0,00,000778
122296,0,0,0,0,122296,0.0,00,000779
123885,0,0,0,0,123885,0.0,00,000780
124206,0,0,0,0,124206,0.0,00,000781
124342,0,0,0,0,124342,0.0,00,000782
124620,0,0,0,0,124620,0.0,00,000783
125047,0,0,0,0,125047,0.0,00,000784
124896,0,0,0,0,124896,0.0,00,000785
124731,0,0,0,0,124731,0.0,00,000786
124439,0,0,0,0,124439,0.0,00,000787
124340,0,0,0,0,124340,0.0,00,000788
123976,0,0,0,0,123976,0.0,00,000789
123222,0,0,0,0,123222,0.0,00,000790
121430,0,0,0,0,121430,0.0,00,000791
119335,0,0,0,0,119335,0.0,00,000792
118086,0,0,0,0,118086,0.0,00,000793
116919,0,0,0,0,116919,0.0,00,000794
115633,0,0,0,0,115633,0.0,00,000795
115720,0,0,0,0,115720,0.0,00,000796
116720,0,0,0,0,116720,0.0,00,000797
117627,0,0,0,0,117627,0.0,00,000798
117719,0,0,0,0,117719,0.0,00,000799
117813,0,0,0,0,117813,0.0,00,000800
118520,0,0,0,0,118520,0.0,00,000801
118990,0,0,0,0,118990,0.0,00,000802
119043,0,0,0,0,119043,0.0,00,000803
119999,0,0,0,0,119999,0.0,00,000804
119820,0,0,0,0,119820,0.0,00,000805
118896,0,0,0,0,118896,0.0,00,000806
118340,0,0,0,0,118340,0.0,00,000807
118586,0,0,0,0,118586,0.0,00,000808
119078,0,0,0,0,119078,0.0,00,000809
119384,0,0,0,0,119384,0.0,00,000810
119463,0,0,0,0,119463,0.0,00,000811
120173,0,0,0,0,120173,0.0,00,000812
121324,0,0,0,0,121324,0.0,00,000813
122311,0,0,0,0,122311,0.0,00,000814
123396,0,0,0,0,123396,0.0,00,000815
124579,0,0,0,0,124579,0.0,00,000816
125182,0,0,0,0,125182,0.0,00,000817
125656,0,0,0,0,125656,0.0,00,000818
125996,0,0,0,0,125996,0.0,00,000819
126129,0,0,0,0,126129,0.0,00,000820
126222,0,0,0,0,126222,0.0,00,000821
126470,0,0,0,0,126470,0.0,00,000822
126547,0,0,0,0,126547,0.0,00,000823
126738,0,0,0,0,126738,0.0,00,000824
126756,0,0,0,0,126756,0.0,00,000825
126862,0,0,0,0,126862,0.0,00,000826
127026,0,0,0,0,127026,0.0,00,000827
127100,0,0,0,0,127100,0.0,00,000828
127109,0,0,0,0,127109,0.0,00,000829
127126,0,0,0,0,127126,0.0,00,000830
127191,0,0,0,0,127191,0.0,00,000831
127153,0,0,0,0,127153,0.0,00,000832
127213,0,0,0,0,127213,0.0,00,000833
127222,0,0,0,0,127222,0.0,00,000834
127199,0,0,0,0,127199,0.0,00,000835
127206,0,0,0,0,127206,0.0,00,000836
127172,0,0,0,0,127172,0.0,00,000837
126993,0,0,0,0,126993,0.0,00,000838
126887,0,0,0,0,126887,0.0,00,000839
126797,0,0,0,0,126797,0.0,00,000840
126606,0,0,0,0,126606,0.0,00,000841
126554,0,0,0,0,126554,0.0,00,000842
126298,0,0,0,0,126298,0.0,00,000843
126132,0,0,0,0,126132,0.0,00,000844
125847,0,0,0,0,125847,0.0,00,000845
125636,0,0,0,0,125636,0.0,00,000846
125237,0,0,0,0,125237,0.0,00,000847
125039,0,0,0,0,125039,0.0,00,000848
124892,0,0,0,0,124892,0.0,00,000849
124604,0,0,0,0,124604,0.0,00,000850
124452,0,0,0,0,124452,0.0,00,000851
124327,0,0,0,0,124327,0.0,00,000852
124232,0,0,0,0,124232,0.0,00,000853
123871,0,0,0,0,123871,0.0,00,000854
123461,0,0,0,0,123461,0.0,00,000855
123195,0,0,0,0,123195,0.0,00,000856
122776,0,0,0,0,122776,0.0,00,000857
122922,0,0,0,0,122922,0.0,00,000858
122913,0,0,0,0,122913,0.0,00,000859
122587,0,0,0,0,122587,0.0,00,000860
121878,0,0,0,0,121878,0.0,00,000861
120813,0,0,0,0,120813,0.0,00,000862
119824,0,0,0,0,119824,0.0,00,000863
119559,0,0,0,0,119559,0.0,00,000864
119782,0,0,0,0,119782,0.0,00,000865
119244,0,0,0,0,119244,0.0,00,000866
118817,0,0,0,0,118817,0.0,00,000867
117953,0,0,0,0,117953,0.0,00,000868
117964,0,0,0,0,117964,0.0,00,000869
117614,0,0,0,0,117614,0.0,00,000870
118061,0,0,0,0,118061,0.0,00,000871
118588,0,0,0,0,118588,0.0,00,000872
118571,0,0,0,0,118571,0.0,00,000873
118573,0,0,0,0,118573,0.0,00,000874
118239,0,0,0,0,118239,0.0,00,000875
119359,0,0,0,0,119359,0.0,00,000876
120798,0,0,0,0,120798,0.0,00,000877
122429,0,0,0,0,122429,0.0,00,000878
124094,0,0,0,0,124094,0.0,00,000879
124852,0,0,0,0,124852,0.0,00,000880
125342,0,0,0,0,125342,0.0,00,000881
125824,0,0,0,0,125824,0.0,00,000882
125951,0,0,0,0,125951,0.0,00,000883
126117,0,0,0,0,126117,0.0,00,000884
125974,0,0,0,0,125974,0.0,00,000885
126061,0,0,0,0,126061,0.0,00,000886
126016,0,0,0,0,126016,0.0,00,000887
125971,0,0,0,0,125971,0.0,00,000888
126005,0,0,0,0,126005,0.0,00,000889
125872,0,0,0,0,125872,0.0,00,000890
125738,0,0,0,0,125738,0.0,00,000891
125429,0,0,0,0,125429,0.0,00,000892
124990,0,0,0,0,124990,0.0,00,000893
124563,0,0,0,0,124563,0.0,00,000894
124184,0,0,0,0,124184,0.0,00,000895
123511,0,0,0,0,123511,0.0,00,000896
122532,0,0,0,0,122532,0.0,00,000897
121395,0,0,0,0,121395,0.0,00,000898
119580,0,0,0,0,119580,0.0,00,000899
117929,0,0,0,0,117929,0.0,00,000900
115745,0,0,0,0,115745,0.0,00,000901
113746,0,0,0,0,113746,0.0,00,000902
112560,0,0,0,0,112560,0.0,00,000903
112412,0,0,0,0,112412,0.0,00,000904
113188,0,0,0,0,113188,0.0,00,000905
112760,0,0,0,0,112760,0.0,00,000906
112924,0,0,0,0,112924,0.0,00,000907
112912,0,0,0,0,112912,0.0,00,000908
112748,0,0,0,0,112748,0.0,00,000909
112910,0,0,0,0,112910,0.0,00,000910
112749,0,0,0,0,112749,0.0,00,000911
112126,0,0,0,0,112126,0.0,00,000912
110474,0,0,0,0,110474,0.0,00,000913
109923,0,0,0,0,109923,0.0,00,000914
110402,0,0,0,0,110402,0.0,00,000915
110513,0,0,0,0,110513,0.0,00,000916
110610,0,0,0,0,110610,0.0,00,000917
111732,0,0,0,0,111732,0.0,00,000918
113206,0,0,0,0,113206,0.0,00,000919
115018,0,0,0,0,115018,0.0,00,000920
116627,0,0,0,0,116627,0.0,00,000921
118918,0,0,0,0,118918,0.0,00,000922
121024,0,0,0,0,121024,0.0,00,000923
122461,0,0,0,0,122461,0.0,00,000924
122955,0,0,0,0,122955,0.0,00,000925
123395,0,0,0,0,123395,0.0,00,000926
123781,0,0,0,0,123781,0.0,00,000927
124188,0,0,0,0,124188,0.0,00,000928
124302,0,0,0,0,124302,0.0,00,000929
124336,0,0,0,0,124336,0.0,00,000930
124686,0,0,0,0,124686,0.0,00,000931
124777,0,0,0,0,124777,0.0,00,000932
124693,0,0,0,0,124693,0.0,00,000933
124542,0,0,0,0,124542,0.0,00,000934
124152,0,0,0,0,124152,0.0,00,000935
123522,0,0,0,0,123522,0.0,00,000936
122892,0,0,0,0,122892,0.0,00,000937
122729,0,0,0,0,122729,0.0,00,000938
122859,0,0,0,0,122859,0.0,00,000939
122235,0,0,0,0,122235,0.0,00,000940
121893,0,0,0,0,121893,0.0,00,000941
121430,0,0,0,0,121430,0.0,00,000942
121501,0,0,0,0,121501,0.0,00,000943
121451,0,0,0,0,121451,0.0,00,000944
121420,0,0,0,0,121420,0.0,00,000945
120984,0,0,0,0,120984,0.0,00,000946
120544,0,0,0,0,120544,0.0,00,000947
120313,0,0,0,0,120313,0.0,00,000948
119948,0,0,0,0,119948,0.0,00,000949
119841,0,0,0,0,119841,0.0,00,000950
119768,0,0,0,0,119768,0.0,00,000951
119898,0,0,0,0,119898,0.0,00,000952
120209,0,0,0,0,120209,0.0,00,000953
120512,0,0,0,0,120512,0.0,00,000954
120864,0,0,0,0,120864,0.0,00,000955
121228,0,0,0,0,121228,0.0,00,000956
121424,0,0,0,0,121424,0.0,00,000957
121611,0,0,0,0,121611,0.0,00,000958
121929,0,0,0,0,121929,0.0,00,000959
121866,0,0,0,0,121866,0.0,00,000960
121773,0,0,0,0,121773,0.0,00,000961
121654,0,0,0,0,121654,0.0,00,000962
121577,0,0,0,0,121577,0.0,00,000963
121715,0,0,0,0,121715,0.0,00,000964
122052,0,0,0,0,122052,0.0,00,000965
122525,0,0,0,0,122525,0.0,00,000966
122610,0,0,0,0,122610,0.0,00,000967
122943,0,0,0,0,122943,0.0,00,000968
122637,0,0,0,0,122637,0.0,00,000969
122111,0,0,0,0,122111,0.0,00,000970
122231,0,0,0,0,122231,0.0,00,000971
122545,0,0,0,0,122545,0.0,00,000972
123268,0,0,0,0,123268,0.0,00,000973
123963,0,0,0,0,123963,0.0,00,000974
124647,0,0,0,0,124647,0.0,00,000975
125324,0,0,0,0,125324,0.0,00,000976
125717,0,0,0,0,125717,0.0,00,000977
125999,0,0,0,0,125999,0.0,00,000978
126257,0,0,0,0,126257,0.0,00,000979
126443,0,0,0,0,126443,0.0,00,000980
126476,0,0,0,0,126476,0.0,00,000981
126477,0,0,0,0,126477,0.0,00,000982
126194,0,0,0,0,126194,0.0,00,000983
125953,0,0,0,0,125953,0.0,00,000984
125593,0,0,0,0,125593,0.0,00,000985
125083,0,0,0,0,125083,0.0,00,000986
124461,0,0,0,0,124461,0.0,00,000987
124203,0,0,0,0,124203,0.0,00,000988
124137,0,0,0,0,124137,0.0,00,000989
124640,0,0,0,0,124640,0.0,00,000990
124157,0,0,0,0,124157,0.0,00,000991
122878,0,0,0,0,122878,0.0,00,000992
120014,0,0,0,0,120014,0.0,00,000993
117941,0,0,0,0,117941,0.0,00,000994
117175,0,0,0,0,117175,0.0,00,000995
116341,0,0,0,0,116341,0.0,00,000996
117385,0,0,0,0,117385,0.0,00,000997
120057,0,0,0,0,120057,0.0,00,000998
121633,0,0,0,0,121633,0.0,00,000999
122470,0,0,0,0,122470,0.0,00,001000
123189,0,0,0,0,123189,0.0,00,001001
123955,0,0,0,0,123955,0.0,00,001002
124392,0,0,0,0,124392,0.0,00,001003
124367,0,0,0,0,124367,0.0,00,001004
124072,0,0,0,0,124072,0.0,00,001005
123695,0,0,0,0,123695,0.0,00,001006
123481,0,0,0,0,123481,0.0,00,001007
122616,0,0,0,0,122616,0.0,00,001008
123312,0,0,0,0,123312,0.0,00,001009
122722,0,0,0,0,122722,0.0,00,001010
122511,0,0,0,0,122511,0.0,00,001011
122805,0,0,0,0,122805,0.0,00,001012
123707,0,0,0,0,123707,0.0,00,001013
124403,0,0,0,0,124403,0.0,00,001014
124494,0,0,0,0,124494,0.0,00,001015
124749,0,0,0,0,124749,0.0,00,001016
124549,0,0,0,0,124549,0.0,00,001017
124495,0,0,0,0,124495,0.0,00,001018
123774,0,0,0,0,123774,0.0,00,001019
122916,0,0,0,0,122916,0.0,00,001020
122113,0,0,0,0,122113,0.0,00,001021
120970,0,0,0,0,120970,0.0,00,001022
118701,0,0,0,0,118701,0.0,00,001023
115614,0,0,0,0,115614,0.0,00,001024
113094,0,0,0,0,113094,0.0,00,001025
110486,0,0,0,0,110486,0.0,00,001026
108643,0,0,0,0,108643,0.0,00,001027
106784,0,0,0,0,106784,0.0,00,001028
104177,0,0,0,0,104177,0.0,00,001029
102066,0,0,0,0,102066,0.0,00,001030
101427,0,0,0,0,101427,0.0,00,001031
101387,0,0,0,0,101387,0.0,00,001032
103096,0,0,0,0,103096,0.0,00,001033
105822,0,0,0,0,105822,0.0,00,001034
107679,0,0,0,0,107679,0.0,00,001035
111041,0,0,0,0,111041,0.0,00,001036
111552,0,0,0,0,111552,0.0,00,001037
113369,0,0,0,0,113369,0.0,00,001038
116130,0,0,0,0,116130,0.0,00,001039
117850,0,0,0,0,117850,0.0,00,001040
118184,0,0,0,0,118184,0.0,00,001041
116903,0,0,0,0,116903,0.0,00,001042
114145,0,0,0,0,114145,0.0,00,001043
111300,0,0,0,0,111300,0.0,00,001044
109912,0,0,0,0,109912,0.0,00,001045
108874,0,0,0,0,108874,0.0,00,001046
107682,0,0,0,0,107682,0.0,00,001047
106356,0,0,0,0,106356,0.0,00,001048
106332,0,0,0,0,106332,0.0,00,001049
108126,0,0,0,0,108126,0.0,00,001050
110465,0,0,0,0,110465,0.0,00,001051
112715,0,0,0,0,112715,0.0,00,001052
114954,0,0,0,0,114954,0.0,00,001053
117529,0,0,0,0,117529,0.0,00,001054
119612,0,0,0,0,119612,0.0,00,001055
120931,0,0,0,0,120931,0.0,00,001056
121341,0,0,0,0,121341,0.0,00,001057
121035,0,0,0,0,121035,0.0,00,001058
119811,0,0,0,0,119811,0.0,00,001059
117830,0,0,0,0,117830,0.0,00,001060
116104,0,0,0,0,116104,0.0,00,001061
115463,0,0,0,0,115463,0.0,00,001062
114976,0,0,0,0,114976,0.0,00,001063
114327,0,0,0,0,114327,0.0,00,001064
115295,0,0,0,0,115295,0.0,00,001065
116111,0,0,0,0,116111,0.0,00,001066
116753,0,0,0,0,116753,0.0,00,001067
115655,0,0,0,0,115655,0.0,00,001068
116162,0,0,0,0,116162,0.0,00,001069
117335,0,0,0,0,117335,0.0,00,001070
119124,0,0,0,0,119124,0.0,00,001071
119928,0,0,0,0,119928,0.0,00,001072
119295,0,0,0,0,119295,0.0,00,001073
118626,0,0,0,0,118626,0.0,00,001074
118036,0,0,0,0,118036,0.0,00,001075
118119,0,0,0,0,118119,0.0,00,001076
116631,0,0,0,0,116631,0.0,00,001077
114952,0,0,0,0,114952,0.0,00,001078
114956,0,0,0,0,114956,0.0,00,001079
116238,0,0,0,0,116238,0.0,00,001080
118283,0,0,0,0,118283,0.0,00,001081
118566,0,0,0,0,118566,0.0,00,001082
117890,0,0,0,0,117890,0.0,00,001083
117777,0,0,0,0,117777,0.0,00,001084
118106,0,0,0,0,118106,0.0,00,001085
119146,0,0,0,0,119146,0.0,00,001086
119879,0,0,0,0,119879,0.0,00,001087
120034,0,0,0,0,120034,0.0,00,001088
120200,0,0,0,0,120200,0.0,00,001089
121052,0,0,0,0,121052,0.0,00,001090
121865,0,0,0,0,121865,0.0,00,001091
122600,0,0,0,0,122600,0.0,00,001092
123611,0,0,0,0,123611,0.0,00,001093
124178,0,0,0,0,124178,0.0,00,001094
124284,0,0,0,0,124284,0.0,00,001095
123930,0,0,0,0,123930,0.0,00,001096
123493,0,0,0,0,123493,0.0,00,001097
122983,0,0,0,0,122983,0.0,00,001098
121982,0,0,0,0,121982,0.0,00,001099
121947,0,0,0,0,121947,0.0,00,001100
121298,0,0,0,0,121298,0.0,00,001101
120921,0,0,0,0,120921,0.0,00,001102
120249,0,0,0,0,120249,0.0,00,001103
120551,0,0,0,0,120551,0.0,00,001104
121788,0,0,0,0,121788,0.0,00,001105
122645,0,0,0,0,122645,0.0,00,001106
123111,0,0,0,0,123111,0.0,00,001107
123414,0,0,0,0,123414,0.0,00,001108
123588,0,0,0,0,123588,0.0,00,001109
123634,0,0,0,0,123634,0.0,00,001110
123567,0,0,0,0,123567,0.0,00,001111
123733,0,0,0,0,123733,0.0,00,001112
123653,0,0,0,0,123653,0.0,00,001113
123452,0,0,0,0,123452,0.0,00,001114
123247,0,0,0,0,123247,0.0,00,001115
123036,0,0,0,0,123036,0.0,00,001116
122848,0,0,0,0,122848,0.0,00,001117
122780,0,0,0,0,122780,0.0,00,001118
122834,0,0,0,0,122834,0.0,00,001119
122449,0,0,0,0,122449,0.0,00,001120
122124,0,0,0,0,122124,0.0,00,001121
121784,0,0,0,0,121784,0.0,00,001122
121825,0,0,0,0,121825,0.0,00,001123
121926,0,0,0,0,121926,0.0,00,001124
121869,0,0,0,0,121869,0.0,00,001125
121992,0,0,0,0,121992,0.0,00,001126
122080,0,0,0,0,122080,0.0,00,001127
122442,0,0,0,0,122442,0.0,00,001128
122679,0,0,0,0,122679,0.0,00,001129
122887,0,0,0,0,122887,0.0,00,001130
123182,0,0,0,0,123182,0.0,00,001131
123449,0,0,0,0,123449,0.0,00,001132
123514,0,0,0,0,123514,0.0,00,001133
123786,0,0,0,0,123786,0.0,00,001134
123999,0,0,0,0,123999,0.0,00,001135
124183,0,0,0,0,124183,0.0,00,001136
124302,0,0,0,0,124302,0.0,00,001137
124651,0,0,0,0,124651,0.0,00,001138
124722,0,0,0,0,124722,0.0,00,001139
124927,0,0,0,0,124927,0.0,00,001140
125098,0,0,0,0,125098,0.0,00,001141
125344,0,0,0,0,125344,0.0,00,001142
125342,0,0,0,0,125342,0.0,00,001143
125468,0,0,0,0,125468,0.0,00,001144
125324,0,0,0,0,125324,0.0,00,001145
124912,0,0,0,0,124912,0.0,00,001146
125089,0,0,0,0,125089,0.0,00,001147
125048,0,0,0,0,125048,0.0,00,001148
124114,0,0,0,0,124114,0.0,00,001149
123694,0,0,0,0,123694,0.0,00,001150
124185,0,0,0,0,124185,0.0,00,001151
125144,0,0,0,0,125144,0.0,00,001152
125487,0,0,0,0,125487,0.0,00,001153
125589,0,0,0,0,125589,0.0,00,001154
125872,0,0,0,0,125872,0.0,00,001155
126016,0,0,0,0,126016,0.0,00,001156
126290,0,0,0,0,126290,0.0,00,001157
126374,0,0,0,0,126374,0.0,00,001158
126360,0,0,0,0,126360,0.0,00,001159
126485,0,0,0,0,126485,0.0,00,001160
126398,0,0,0,0,126398,0.0,00,001161
126596,0,0,0,0,126596,0.0,00,001162
126762,0,0,0,0,126762,0.0,00,001163
126888,0,0,0,0,126888,0.0,00,001164
126991,0,0,0,0,126991,0.0,00,001165
126907,0,0,0,0,126907,0.0,00,001166
126813,0,0,0,0,126813,0.0,00,001167
126841,0,0,0,0,126841,0.0,00,001168
126725,0,0,0,0,126725,0.0,00,001169
126933,0,0,0,0,126933,0.0,00,001170
126869,0,0,0,0,126869,0.0,00,001171
126933,0,0,0,0,126933,0.0,00,001172
126880,0,0,0,0,126880,0.0,00,001173
126958,0,0,0,0,126958,0.0,00,001174
126771,0,0,0,0,126771,0.0,00,001175
126826,0,0,0,0,126826,0.0,00,001176
126965,0,0,0,0,126965,0.0,00,001177
127079,0,0,0,0,127079,0.0,00,001178
127137,0,0,0,0,127137,0.0,00,001179
126986,0,0,0,0,126986,0.0,00,001180
127013,0,0,0,0,127013,0.0,00,001181
127024,0,0,0,0,127024,0.0,00,001182
127119,0,0,0,0,127119,0.0,00,001183
126983,0,0,0,0,126983,0.0,00,001184
126985,0,0,0,0,126985,0.0,00,001185
126898,0,0,0,0,126898,0.0,00,001186
126800,0,0,0,0,126800,0.0,00,001187
126725,0,0,0,0,126725,0.0,00,001188
126567,0,0,0,0,126567,0.0,00,001189
126512,0,0,0,0,126512,0.0,00,001190
126132,0,0,0,0,126132,0.0,00,001191
125953,0,0,0,0,125953,0.0,00,001192
125884,0,0,0,0,125884,0.0,00,001193
125726,0,0,0,0,125726,0.0,00,001194
125536,0,0,0,0,125536,0.0,00,001195
125222,0,0,0,0,125222,0.0,00,001196
124971,0,0,0,0,124971,0.0,00,001197
124239,0,0,0,0,124239,0.0,00,001198
123744,0,0,0,0,123744,0.0,00,001199
123691,0,0,0,0,123691,0.0,00,001200
123932,0,0,0,0,123932,0.0,00,001201
122446,0,0,0,0,122446,0.0,00,001202
121714,0,0,0,0,121714,0.0,00,001203
122227,0,0,0,0,122227,0.0,00,001204
123189,0,0,0,0,123189,0.0,00,001205
123732,0,0,0,0,123732,0.0,00,001206
123943,0,0,0,0,123943,0.0,00,001207
124377,0,0,0,0,124377,0.0,00,001208
124492,0,0,0,0,124492,0.0,00,001209
124599,0,0,0,0,124599,0.0,00,001210
124527,0,0,0,0,124527,0.0,00,001211
124820,0,0,0,0,124820,0.0,00,001212
124965,0,0,0,0,124965,0.0,00,001213
125074,0,0,0,0,125074,0.0,00,001214
124942,0,0,0,0,124942,0.0,00,001215
124845,0,0,0,0,124845,0.0,00,001216
124822,0,0,0,0,124822,0.0,00,001217
124778,0,0,0,0,124778,0.0,00,001218
124643,0,0,0,0,124643,0.0,00,001219
124571,0,0,0,0,124571,0.0,00,001220
124295,0,0,0,0,124295,0.0,00,001221
124362,0,0,0,0,124362,0.0,00,001222
124297,0,0,0,0,124297,0.0,00,001223
124276,0,0,0,0,124276,0.0,00,001224
123916,0,0,0,0,123916,0.0,00,001225
123683,0,0,0,0,123683,0.0,00,001226
123404,0,0,0,0,123404,0.0,00,001227
123423,0,0,0,0,123423,0.0,00,001228
123668,0,0,0,0,123668,0.0,00,001229
123913,0,0,0,0,123913,0.0,00,001230
123874,0,0,0,0,123874,0.0,00,001231
124016,0,0,0,0,124016,0.0,00,001232
123925,0,0,0,0,123925,0.0,00,001233
123783,0,0,0,0,123783,0.0,00,001234
123698,0,0,0,0,123698,0.0,00,001235
123482,0,0,0,0,123482,0.0,00,001236
123266,0,0,0,0,123266,0.0,00,001237
123104,0,0,0,0,123104,0.0,00,001238
123023,0,0,0,0,123023,0.0,00,001239
123152,0,0,0,0,123152,0.0,00,001240
123230,0,0,0,0,123230,0.0,00,001241
123502,0,0,0,0,123502,0.0,00,001242
123568,0,0,0,0,123568,0.0,00,001243
123493,0,0,0,0,123493,0.0,00,001244
123340,0,0,0,0,123340,0.0,00,001245
123081,0,0,0,0,123081,0.0,00,001246
123161,0,0,0,0,123161,0.0,00,001247
123202,0,0,0,0,123202,0.0,00,001248
122864,0,0,0,0,122864,0.0,00,001249
122609,0,0,0,0,122609,0.0,00,001250
122492,0,0,0,0,122492,0.0,00,001251
122300,0,0,0,0,122300,0.0,00,001252
122492,0,0,0,0,122492,0.0,00,001253
122769,0,0,0,0,122769,0.0,00,001254
122839,0,0,0,0,122839,0.0,00,001255
122985,0,0,0,0,122985,0.0,00,001256
123218,0,0,0,0,123218,0.0,00,001257
123406,0,0,0,0,123406,0.0,00,001258
123699,0,0,0,0,123699,0.0,00,001259
123966,0,0,0,0,123966,0.0,00,001260
124084,0,0,0,0,124084,0.0,00,001261
124029,0,0,0,0,124029,0.0,00,001262
123953,0,0,0,0,123953,0.0,00,001263
123890,0,0,0,0,123890,0.0,00,001264
123607,0,0,0,0,123607,0.0,00,001265
123637,0,0,0,0,123637,0.0,00,001266
123472,0,0,0,0,123472,0.0,00,001267
123310,0,0,0,0,123310,0.0,00,001268
122826,0,0,0,0,122826,0.0,00,001269
122583,0,0,0,0,122583,0.0,00,001270
122139,0,0,0,0,122139,0.0,00,001271
121826,0,0,0,0,121826,0.0,00,001272
121398,0,0,0,0,121398,0.0,00,001273
120918,0,0,0,0,120918,0.0,00,001274
120224,0,0,0,0,120224,0.0,00,001275
119605,0,0,0,0,119605,0.0,00,001276
118527,0,0,0,0,118527,0.0,00,001277
117201,0,0,0,0,117201,0.0,00,001278
115609,0,0,0,0,115609,0.0,00,001279
114732,0,0,0,0,114732,0.0,00,001280
114068,0,0,0,0,114068,0.0,00,001281
112931,0,0,0,0,112931,0.0,00,001282
112356,0,0,0,0,112356,0.0,00,001283
112011,0,0,0,0,112011,0.0,00,001284
111827,0,0,0,0,111827,0.0,00,001285
110805,0,0,0,0,110805,0.0,00,001286
110167,0,0,0,0,110167,0.0,00,001287
109439,0,0,0,0,109439,0.0,00,001288
109580,0,0,0,0,109580,0.0,00,001289
110084,0,0,0,0,110084,0.0,00,001290
110949,0,0,0,0,110949,0.0,00,001291
111380,0,0,0,0,111380,0.0,00,001292
112054,0,0,0,0,112054,0.0,00,001293
112523,0,0,0,0,112523,0.0,00,001294
114033,0,0,0,0,114033,0.0,00,001295
113392,0,0,0,0,113392,0.0,00,001296
114498,0,0,0,0,114498,0.0,00,001297
116064,0,0,0,0,116064,0.0,00,001298
116171,0,0,0,0,116171,0.0,00,001299
116931,0,0,0,0,116931,0.0,00,001300
118568,0,0,0,0,118568,0.0,00,001301
120571,0,0,0,0,120571,0.0,00,001302
121512,0,0,0,0,121512,0.0,00,001303
121968,0,0,0,0,121968,0.0,00,001304
122015,0,0,0,0,122015,0.0,00,001305
122366,0,0,0,0,122366,0.0,00,001306
122533,0,0,0,0,122533,0.0,00,001307
122417,0,0,0,0,122417,0.0,00,001308
122078,0,0,0,0,122078,0.0,00,001309
121678,0,0,0,0,121678,0.0,00,001310
120662,0,0,0,0,120662,0.0,00,001311
119183,0,0,0,0,119183,0.0,00,001312
117365,0,0,0,0,117365,0.0,00,001313
116677,0,0,0,0,116677,0.0,00,001314
116116,0,0,0,0,116116,0.0,00,001315
114416,0,0,0,0,114416,0.0,00,001316
113127,0,0,0,0,113127,0.0,00,001317
114405,0,0,0,0,114405,0.0,00,001318
116510,0,0,0,0,116510,0.0,00,001319
116762,0,0,0,0,116762,0.0,00,001320
116436,0,0,0,0,116436,0.0,00,001321
115936,0,0,0,0,115936,0.0,00,001322
115554,0,0,0,0,115554,0.0,00,001323
115983,0,0,0,0,115983,0.0,00,001324
115469,0,0,0,0,115469,0.0,00,001325
115218,0,0,0,0,115218,0.0,00,001326
116026,0,0,0,0,116026,0.0,00,001327
117697,0,0,0,0,117697,0.0,00,001328
117891,0,0,0,0,117891,0.0,00,001329
119052,0,0,0,0,119052,0.0,00,001330
120241,0,0,0,0,120241,0.0,00,001331
120766,0,0,0,0,120766,0.0,00,001332
121612,0,0,0,0,121612,0.0,00,001333
122276,0,0,0,0,122276,0.0,00,001334
122594,0,0,0,0,122594,0.0,00,001335
122834,0,0,0,0,122834,0.0,00,001336
122864,0,0,0,0,122864,0.0,00,001337
122506,0,0,0,0,122506,0.0,00,001338
121500,0,0,0,0,121500,0.0,00,001339
119331,0,0,0,0,119331,0.0,00,001340
116270,0,0,0,0,116270,0.0,00,001341
114182,0,0,0,0,114182,0.0,00,001342
112908,0,0,0,0,112908,0.0,00,001343
112622,0,0,0,0,112622,0.0,00,001344
112193,0,0,0,0,112193,0.0,00,001345
111992,0,0,0,0,111992,0.0,00,001346
112270,0,0,0,0,112270,0.0,00,001347
113933,0,0,0,0,113933,0.0,00,001348
115049,0,0,0,0,115049,0.0,00,001349
115774,0,0,0,0,115774,0.0,00,001350
116721,0,0,0,0,116721,0.0,00,001351
117909,0,0,0,0,117909,0.0,00,001352
118625,0,0,0,0,118625,0.0,00,001353
118969,0,0,0,0,118969,0.0,00,001354
118636,0,0,0,0,118636,0.0,00,001355
119236,0,0,0,0,119236,0.0,00,001356
119730,0,0,0,0,119730,0.0,00,001357
119798,0,0,0,0,119798,0.0,00,001358
118943,0,0,0,0,118943,0.0,00,001359
117734,0,0,0,0,117734,0.0,00,001360
116917,0,0,0,0,116917,0.0,00,001361
115043,0,0,0,0,115043,0.0,00,001362
113691,0,0,0,0,113691,0.0,00,001363
113696,0,0,0,0,113696,0.0,00,001364
115145,0,0,0,0,115145,0.0,00,001365
116366,0,0,0,0,116366,0.0,00,001366
116681,0,0,0,0,116681,0.0,00,001367
117060,0,0,0,0,117060,0.0,00,001368
117981,0,0,0,0,117981,0.0,00,001369
118586,0,0,0,0,118586,0.0,00,001370
119069,0,0,0,0,119069,0.0,00,001371
119465,0,0,0,0,119465,0.0,00,001372
119823,0,0,0,0,119823,0.0,00,001373
120000,0,0,0,0,120000,0.0,00,001374
119824,0,0,0,0,119824,0.0,00,001375
120112,0,0,0,0,120112,0.0,00,001376
120384,0,0,0,0,120384,0.0,00,001377
120628,0,0,0,0,120628,0.0,00,001378
120732,0,0,0,0,120732,0.0,00,001379
120756,0,0,0,0,120756,0.0,00,001380
120909,0,0,0,0,120909,0.0,00,001381
121099,0,0,0,0,121099,0.0,00,001382
121200,0,0,0,0,121200,0.0,00,001383
121205,0,0,0,0,121205,0.0,00,001384
121210,0,0,0,0,121210,0.0,00,001385
121311,0,0,0,0,121311,0.0,00,001386
121090,0,0,0,0,121090,0.0,00,001387
121247,0,0,0,0,121247,0.0,00,001388
121240,0,0,0,0,121240,0.0,00,001389
121313,0,0,0,0,121313,0.0,00,001390
121462,0,0,0,0,121462,0.0,00,001391
121381,0,0,0,0,121381,0.0,00,001392
121449,0,0,0,0,121449,0.0,00,001393
121350,0,0,0,0,121350,0.0,00,001394
121202,0,0,0,0,121202,0.0,00,001395
121256,0,0,0,0,121256,0.0,00,001396
121000,0,0,0,0,121000,0.0,00,001397
120873,0,0,0,0,120873,0.0,00,001398
120834,0,0,0,0,120834,0.0,00,001399
120732,0,0,0,0,120732,0.0,00,001400
120622,0,0,0,0,120622,0.0,00,001401
120612,0,0,0,0,120612,0.0,00,001402
120393,0,0,0,0,120393,0.0,00,001403
120160,0,0,0,0,120160,0.0,00,001404
120108,0,0,0,0,120108,0.0,00,001405
120087,0,0,0,0,120087,0.0,00,001406
119816,0,0,0,0,119816,0.0,00,001407
119872,0,0,0,0,119872,0.0,00,001408
119734,0,0,0,0,119734,0.0,00,001409
119362,0,0,0,0,119362,0.0,00,001410
118962,0,0,0,0,118962,0.0,00,001411
118761,0,0,0,0,118761,0.0,00,001412
118407,0,0,0,0,118407,0.0,00,001413
118168,0,0,0,0,118168,0.0,00,001414
117742,0,0,0,0,117742,0.0,00,001415
117834,0,0,0,0,117834,0.0,00,001416
118045,0,0,0,0,118045,0.0,00,001417
118176,0,0,0,0,118176,0.0,00,001418
118186,0,0,0,0,118186,0.0,00,001419
117861,0,0,0,0,117861,0.0,00,001420
117790,0,0,0,0,117790,0.0,00,001421
117413,0,0,0,0,117413,0.0,00,001422
116756,0,0,0,0,116756,0.0,00,001423
116341,0,0,0,0,116341,0.0,00,001424
116028,0,0,0,0,116028,0.0,00,001425
115828,0,0,0,0,115828,0.0,00,001426
115568,0,0,0,0,115568,0.0,00,001427
115565,0,0,0,0,115565,0.0,00,001428
115692,0,0,0,0,115692,0.0,00,001429
116020,0,0,0,0,116020,0.0,00,001430
115776,0,0,0,0,115776,0.0,00,001431
115888,0,0,0,0,115888,0.0,00,001432
115719,0,0,0,0,115719,0.0,00,001433
115755,0,0,0,0,115755,0.0,00,001434
115606,0,0,0,0,115606,0.0,00,001435
116207,0,0,0,0,116207,0.0,00,001436
116427,0,0,0,0,116427,0.0,00,001437
115492,0,0,0,0,115492,0.0,00,001438
115701,0,0,0,0,115701,0.0,00,001439
115760,0,0,0,0,115760,0.0,00,001440
116022,0,0,0,0,116022,0.0,00,001441
116790,0,0,0,0,116790,0.0,00,001442
116000,0,0,0,0,116000,0.0,00,001443
114972,0,0,0,0,114972,0.0,00,001444
115615,0,0,0,0,115615,0.0,00,001445
114692,0,0,0,0,114692,0.0,00,001446
114806,0,0,0,0,114806,0.0,00,001447
115589,0,0,0,0,115589,0.0,00,001448
116052,0,0,0,0,116052,0.0,00,001449
115812,0,0,0,0,115812,0.0,00,001450
115404,0,0,0,0,115404,0.0,00,001451
116587,0,0,0,0,116587,0.0,00,001452
117229,0,0,0,0,117229,0.0,00,001453
118140,0,0,0,0,118140,0.0,00,001454
118643,0,0,0,0,118643,0.0,00,001455
119167,0,0,0,0,119167,0.0,00,001456
119687,0,0,0,0,119687,0.0,00,001457
119347,0,0,0,0,119347,0.0,00,001458
118924,0,0,0,0,118924,0.0,00,001459
118170,0,0,0,0,118170,0.0,00,001460
117241,0,0,0,0,117241,0.0,00,001461
116846,0,0,0,0,116846,0.0,00,001462
116365,0,0,0,0,116365,0.0,00,001463
116080,0,0,0,0,116080,0.0,00,001464
115947,0,0,0,0,115947,0.0,00,001465
115518,0,0,0,0,115518,0.0,00,001466
114077,0,0,0,0,114077,0.0,00,001467
114309,0,0,0,0,114309,0.0,00,001468
114522,0,0,0,0,114522,0.0,00,001469
112947,0,0,0,0,112947,0.0,00,001470
111774,0,0,0,0,111774,0.0,00,001471
111054,0,0,0,0,111054,0.0,00,001472
111438,0,0,0,0,111438,0.0,00,001473
111978,0,0,0,0,111978,0.0,00,001474
111621,0,0,0,0,111621,0.0,00,001475
112224,0,0,0,0,112224,0.0,00,001476
113055,0,0,0,0,113055,0.0,00,001477
114001,0,0,0,0,114001,0.0,00,001478
114366,0,0,0,0,114366,0.0,00,001479
115354,0,0,0,0,115354,0.0,00,001480
115076,0,0,0,0,115076,0.0,00,001481
114704,0,0,0,0,114704,0.0,00,001482
114187,0,0,0,0,114187,0.0,00,001483
114043,0,0,0,0,114043,0.0,00,001484
115675,0,0,0,0,115675,0.0,00,001485
116227,0,0,0,0,116227,0.0,00,001486
117010,0,0,0,0,117010,0.0,00,001487
117291,0,0,0,0,117291,0.0,00,001488
118626,0,0,0,0,118626,0.0,00,001489
118597,0,0,0,0,118597,0.0,00,001490
119336,0,0,0,0,119336,0.0,00,001491
119983,0,0,0,0,119983,0.0,00,001492
120401,0,0,0,0,120401,0.0,00,001493
120338,0,0,0,0,120338,0.0,00,001494
119616,0,0,0,0,119616,0.0,00,001495
118533,0,0,0,0,118533,0.0,00,001496
117787,0,0,0,0,117787,0.0,00,001497
116781,0,0,0,0,116781,0.0,00,001498
115012,0,0,0,0,115012,0.0,00,001499
113250,0,0,0,0,113250,0.0,00,001500
111942,0,0,0,0,111942,0.0,00,001501
111112,0,0,0,0,111112,0.0,00,001502
110947,0,0,0,0,110947,0.0,00,001503
111151,0,0,0,0,111151,0.0,00,001504
111399,0,0,0,0,111399,0.0,00,001505
112798,0,0,0,0,112798,0.0,00,001506
114930,0,0,0,0,114930,0.0,00,001507
116372,0,0,0,0,116372,0.0,00,001508
117544,0,0,0,0,117544,0.0,00,001509
118671,0,0,0,0,118671,0.0,00,001510
118809,0,0,0,0,118809,0.0,00,001511
118731,0,0,0,0,118731,0.0,00,001512
118630,0,0,0,0,118630,0.0,00,001513
118171,0,0,0,0,118171,0.0,00,001514
116777,0,0,0,0,116777,0.0,00,001515
115200,0,0,0,0,115200,0.0,00,001516
114785,0,0,0,0,114785,0.0,00,001517
114237,0,0,0,0,114237,0.0,00,001518
112848,0,0,0,0,112848,0.0,00,001519
112517,0,0,0,0,112517,0.0,00,001520
112749,0,0,0,0,112749,0.0,00,001521
114056,0,0,0,0,114056,0.0,00,001522
114749,0,0,0,0,114749,0.0,00,001523
115499,0,0,0,0,115499,0.0,00,001524
116783,0,0,0,0,116783,0.0,00,001525
117614,0,0,0,0,117614,0.0,00,001526
118354,0,0,0,0,118354,0.0,00,001527
118998,0,0,0,0,118998,0.0,00,001528
119022,0,0,0,0,119022,0.0,00,001529
118904,0,0,0,0,118904,0.0,00,001530
119181,0,0,0,0,119181,0.0,00,001531
118930,0,0,0,0,118930,0.0,00,001532
118203,0,0,0,0,118203,0.0,00,001533
118175,0,0,0,0,118175,0.0,00,001534
118302,0,0,0,0,118302,0.0,00,001535
117656,0,0,0,0,117656,0.0,00,001536
116880,0,0,0,0,116880,0.0,00,001537
116123,0,0,0,0,116123,0.0,00,001538
116247,0,0,0,0,116247,0.0,00,001539
115849,0,0,0,0,115849,0.0,00,001540
116000,0,0,0,0,116000,0.0,00,001541
116772,0,0,0,0,116772,0.0,00,001542
117545,0,0,0,0,117545,0.0,00,001543
118068,0,0,0,0,118068,0.0,00,001544
118337,0,0,0,0,118337,0.0,00,001545
118939,0,0,0,0,118939,0.0,00,001546
119934,0,0,0,0,119934,0.0,00,001547
120806,0,0,0,0,120806,0.0,00,001548
121343,0,0,0,0,121343,0.0,00,001549
121637,0,0,0,0,121637,0.0,00,001550
121761,0,0,0,0,121761,0.0,00,001551
122179,0,0,0,0,122179,0.0,00,001552
122250,0,0,0,0,122250,0.0,00,001553
122262,0,0,0,0,122262,0.0,00,001554
122232,0,0,0,0,122232,0.0,00,001555
122104,0,0,0,0,122104,0.0,00,001556
122229,0,0,0,0,122229,0.0,00,001557
122348,0,0,0,0,122348,0.0,00,001558
122340,0,0,0,0,122340,0.0,00,001559
122485,0,0,0,0,122485,0.0,00,001560
122434,0,0,0,0,122434,0.0,00,001561
122360,0,0,0,0,122360,0.0,00,001562
122362,0,0,0,0,122362,0.0,00,001563
122303,0,0,0,0,122303,0.0,00,001564
122475,0,0,0,0,122475,0.0,00,001565
122515,0,0,0,0,122515,0.0,00,001566
122425,0,0,0,0,122425,0.0,00,001567
122152,0,0,0,0,122152,0.0,00,001568
121904,0,0,0,0,121904,0.0,00,001569
121768,0,0,0,0,121768,0.0,00,001570
121961,0,0,0,0,121961,0.0,00,001571
122296,0,0,0,0,122296,0.0,00,001572
122311,0,0,0,0,122311,0.0,00,001573
121385,0,0,0,0,121385,0.0,00,001574
120190,0,0,0,0,120190,0.0,00,001575
118234,0,0,0,0,118234,0.0,00,001576
117278,0,0,0,0,117278,0.0,00,001577
115810,0,0,0,0,115810,0.0,00,001578
115256,0,0,0,0,115256,0.0,00,001579
114966,0,0,0,0,114966,0.0,00,001580
114603,0,0,0,0,114603,0.0,00,001581
115531,0,0,0,0,115531,0.0,00,001582
116699,0,0,0,0,116699,0.0,00,001583
118304,0,0,0,0,118304,0.0,00,001584
119616,0,0,0,0,119616,0.0,00,001585
120894,0,0,0,0,120894,0.0,00,001586
121356,0,0,0,0,121356,0.0,00,001587
121766,0,0,0,0,121766,0.0,00,001588
121388,0,0,0,0,121388,0.0,00,001589
121318,0,0,0,0,121318,0.0,00,001590
121296,0,0,0,0,121296,0.0,00,001591
121117,0,0,0,0,121117,0.0,00,001592
121475,0,0,0,0,121475,0.0,00,001593
122277,0,0,0,0,122277,0.0,00,001594
122275,0,0,0,0,122275,0.0,00,001595
122352,0,0,0,0,122352,0.0,00,001596
122760,0,0,0,0,122760,0.0,00,001597
123259,0,0,0,0,123259,0.0,00,001598
124117,0,0,0,0,124117,0.0,00,001599
125136,0,0,0,0,125136,0.0,00,001600
125798,0,0,0,0,125798,0.0,00,001601
126135,0,0,0,0,126135,0.0,00,001602
126139,0,0,0,0,126139,0.0,00,001603
126272,0,0,0,0,126272,0.0,00,001604
126202,0,0,0,0,126202,0.0,00,001605
126103,0,0,0,0,126103,0.0,00,001606
125953,0,0,0,0,125953,0.0,00,001607
125910,0,0,0,0,125910,0.0,00,001608
125291,0,0,0,0,125291,0.0,00,001609
124670,0,0,0,0,124670,0.0,00,001610
123280,0,0,0,0,123280,0.0,00,001611
122366,0,0,0,0,122366,0.0,00,001612
120665,0,0,0,0,120665,0.0,00,001613
120233,0,0,0,0,120233,0.0,00,001614
119019,0,0,0,0,119019,0.0,00,001615
117167,0,0,0,0,117167,0.0,00,001616
116285,0,0,0,0,116285,0.0,00,001617
115062,0,0,0,0,115062,0.0,00,001618
113741,0,0,0,0,113741,0.0,00,001619
111958,0,0,0,0,111958,0.0,00,001620
112099,0,0,0,0,112099,0.0,00,001621
112053,0,0,0,0,112053,0.0,00,001622
112440,0,0,0,0,112440,0.0,00,001623
114667,0,0,0,0,114667,0.0,00,001624
116812,0,0,0,0,116812,0.0,00,001625
118294,0,0,0,0,118294,0.0,00,001626
119486,0,0,0,0,119486,0.0,00,001627
121442,0,0,0,0,121442,0.0,00,001628
122473,0,0,0,0,122473,0.0,00,001629
123204,0,0,0,0,123204,0.0,00,001630
123717,0,0,0,0,123717,0.0,00,001631
123925,0,0,0,0,123925,0.0,00,001632
123813,0,0,0,0,123813,0.0,00,001633
123331,0,0,0,0,123331,0.0,00,001634
122715,0,0,0,0,122715,0.0,00,001635
121976,0,0,0,0,121976,0.0,00,001636
121397,0,0,0,0,121397,0.0,00,001637
120208,0,0,0,0,120208,0.0,00,001638
120610,0,0,0,0,120610,0.0,00,001639
120940,0,0,0,0,120940,0.0,00,001640
119459,0,0,0,0,119459,0.0,00,001641
119802,0,0,0,0,119802,0.0,00,001642
120333,0,0,0,0,120333,0.0,00,001643
120870,0,0,0,0,120870,0.0,00,001644
121694,0,0,0,0,121694,0.0,00,001645
122600,0,0,0,0,122600,0.0,00,001646
122967,0,0,0,0,122967,0.0,00,001647
122208,0,0,0,0,122208,0.0,00,001648
121039,0,0,0,0,121039,0.0,00,001649
119977,0,0,0,0,119977,0.0,00,001650
119598,0,0,0,0,119598,0.0,00,001651
119014,0,0,0,0,119014,0.0,00,001652
118892,0,0,0,0,118892,0.0,00,001653
118863,0,0,0,0,118863,0.0,00,001654
119639,0,0,0,0,119639,0.0,00,001655
120232,0,0,0,0,120232,0.0,00,001656
120244,0,0,0,0,120244,0.0,00,001657
120120,0,0,0,0,120120,0.0,00,001658
120465,0,0,0,0,120465,0.0,00,001659
120823,0,0,0,0,120823,0.0,00,001660
119629,0,0,0,0,119629,0.0,00,001661
119619,0,0,0,0,119619,0.0,00,001662
120751,0,0,0,0,120751,0.0,00,001663
122149,0,0,0,0,122149,0.0,00,001664
122785,0,0,0,0,122785,0.0,00,001665
123860,0,0,0,0,123860,0.0,00,001666
124691,0,0,0,0,124691,0.0,00,001667
125527,0,0,0,0,125527,0.0,00,001668
125801,0,0,0,0,125801,0.0,00,001669
126104,0,0,0,0,126104,0.0,00,001670
126309,0,0,0,0,126309,0.0,00,001671
126467,0,0,0,0,126467,0.0,00,001672
126424,0,0,0,0,126424,0.0,00,001673
126368,0,0,0,0,126368,0.0,00,001674
126180,0,0,0,0,126180,0.0,00,001675
125912,0,0,0,0,125912,0.0,00,001676
125580,0,0,0,0,125580,0.0,00,001677
125276,0,0,0,0,125276,0.0,00,001678
124516,0,0,0,0,124516,0.0,00,001679
122974,0,0,0,0,122974,0.0,00,001680
121385,0,0,0,0,121385,0.0,00,001681
120481,0,0,0,0,120481,0.0,00,001682
119813,0,0,0,0,119813,0.0,00,001683
119543,0,0,0,0,119543,0.0,00,001684
119227,0,0,0,0,119227,0.0,00,001685
117854,0,0,0,0,117854,0.0,00,001686
118671,0,0,0,0,118671,0.0,00,001687
119636,0,0,0,0,119636,0.0,00,001688
120772,0,0,0,0,120772,0.0,00,001689
122244,0,0,0,0,122244,0.0,00,001690
122380,0,0,0,0,122380,0.0,00,001691
122929,0,0,0,0,122929,0.0,00,001692
123504,0,0,0,0,123504,0.0,00,001693
124298,0,0,0,0,124298,0.0,00,001694
124817,0,0,0,0,124817,0.0,00,001695
124625,0,0,0,0,124625,0.0,00,001696
125034,0,0,0,0,125034,0.0,00,001697
125363,0,0,0,0,125363,0.0,00,001698
125787,0,0,0,0,125787,0.0,00,001699
126163,0,0,0,0,126163,0.0,00,001700
126216,0,0,0,0,126216,0.0,00,001701
126089,0,0,0,0,126089,0.0,00,001702
125976,0,0,0,0,125976,0.0,00,001703
125509,0,0,0,0,125509,0.0,00,001704
125436,0,0,0,0,125436,0.0,00,001705
125674,0,0,0,0,125674,0.0,00,001706
125759,0,0,0,0,125759,0.0,00,001707
125326,0,0,0,0,125326,0.0,00,001708
125354,0,0,0,0,125354,0.0,00,001709
125378,0,0,0,0,125378,0.0,00,001710
125207,0,0,0,0,125207,0.0,00,001711
125279,0,0,0,0,125279,0.0,00,001712
125250,0,0,0,0,125250,0.0,00,001713
125194,0,0,0,0,125194,0.0,00,001714
125149,0,0,0,0,125149,0.0,00,001715
125044,0,0,0,0,125044,0.0,00,001716
124792,0,0,0,0,124792,0.0,00,001717
124851,0,0,0,0,124851,0.0,00,001718
124768,0,0,0,0,124768,0.0,00,001719
124732,0,0,0,0,124732,0.0,00,001720
124525,0,0,0,0,124525,0.0,00,001721
124326,0,0,0,0,124326,0.0,00,001722
124274,0,0,0,0,124274,0.0,00,001723
124328,0,0,0,0,124328,0.0,00,001724
124285,0,0,0,0,124285,0.0,00,001725
124163,0,0,0,0,124163,0.0,00,001726
123680,0,0,0,0,123680,0.0,00,001727
122487,0,0,0,0,122487,0.0,00,001728
121833,0,0,0,0,121833,0.0,00,001729
121446,0,0,0,0,121446,0.0,00,001730
121519,0,0,0,0,121519,0.0,00,001731
120826,0,0,0,0,120826,0.0,00,001732
120846,0,0,0,0,120846,0.0,00,001733
121549,0,0,0,0,121549,0.0,00,001734
121463,0,0,0,0,121463,0.0,00,001735
121237,0,0,0,0,121237,0.0,00,001736
121446,0,0,0,0,121446,0.0,00,001737
120497,0,0,0,0,120497,0.0,00,001738
119881,0,0,0,0,119881,0.0,00,001739
120466,0,0,0,0,120466,0.0,00,001740
121776,0,0,0,0,121776,0.0,00,001741
122543,0,0,0,0,122543,0.0,00,001742
122736,0,0,0,0,122736,0.0,00,001743
123101,0,0,0,0,123101,0.0,00,001744
123129,0,0,0,0,123129,0.0,00,001745
123380,0,0,0,0,123380,0.0,00,001746
123879,0,0,0,0,123879,0.0,00,001747
124222,0,0,0,0,124222,0.0,00,001748
124273,0,0,0,0,124273,0.0,00,001749
124385,0,0,0,0,124385,0.0,00,001750
124692,0,0,0,0,124692,0.0,00,001751
124775,0,0,0,0,124775,0.0,00,001752
124320,0,0,0,0,124320,0.0,00,001753
123015,0,0,0,0,123015,0.0,00,001754
121931,0,0,0,0,121931,0.0,00,001755
121631,0,0,0,0,121631,0.0,00,001756
121329,0,0,0,0,121329,0.0,00,001757
120911,0,0,0,0,120911,0.0,00,001758
121475,0,0,0,0,121475,0.0,00,001759
121000,0,0,0,0,121000,0.0,00,001760
122261,0,0,0,0,122261,0.0,00,001761
122829,0,0,0,0,122829,0.0,00,001762
123748,0,0,0,0,123748,0.0,00,001763
124716,0,0,0,0,124716,0.0,00,001764
125136,0,0,0,0,125136,0.0,00,001765
125651,0,0,0,0,125651,0.0,00,001766
125868,0,0,0,0,125868,0.0,00,001767
125838,0,0,0,0,125838,0.0,00,001768
125226,0,0,0,0,125226,0.0,00,001769
124716,0,0,0,0,124716,0.0,00,001770
124258,0,0,0,0,124258,0.0,00,001771
124874,0,0,0,0,124874,0.0,00,001772
125634,0,0,0,0,125634,0.0,00,001773
124985,0,0,0,0,124985,0.0,00,001774
124839,0,0,0,0,124839,0.0,00,001775
125349,0,0,0,0,125349,0.0,00,001776
125818,0,0,0,0,125818,0.0,00,001777
126179,0,0,0,0,126179,0.0,00,001778
126372,0,0,0,0,126372,0.0,00,001779
126440,0,0,0,0,126440,0.0,00,001780
126304,0,0,0,0,126304,0.0,00,001781
126318,0,0,0,0,126318,0.0,00,001782
126296,0,0,0,0,126296,0.0,00,001783
126089,0,0,0,0,126089,0.0,00,001784
125984,0,0,0,0,125984,0.0,00,001785
125826,0,0,0,0,125826,0.0,00,001786
125691,0,0,0,0,125691,0.0,00,001787
125651,0,0,0,0,125651,0.0,00,001788
125732,0,0,0,0,125732,0.0,00,001789
125867,0,0,0,0,125867,0.0,00,001790
126057,0,0,0,0,126057,0.0,00,001791
126180,0,0,0,0,126180,0.0,00,001792
126303,0,0,0,0,126303,0.0,00,001793
126261,0,0,0,0,126261,0.0,00,001794
126103,0,0,0,0,126103,0.0,00,001795
126041,0,0,0,0,126041,0.0,00,001796
126008,0,0,0,0,126008,0.0,00,001797
125834,0,0,0,0,125834,0.0,00,001798
125599,0,0,0,0,125599,0.0,00,001799
125513,0,0,0,0,125513,0.0,00,001800
125267,0,0,0,0,125267,0.0,00,001801
125021,0,0,0,0,125021,0.0,00,001802
124916,0,0,0,0,124916,0.0,00,001803
124802,0,0,0,0,124802,0.0,00,001804
124818,0,0,0,0,124818,0.0,00,001805
124682,0,0,0,0,124682,0.0,00,001806
124133,0,0,0,0,124133,0.0,00,001807
123019,0,0,0,0,123019,0.0,00,001808
121678,0,0,0,0,121678,0.0,00,001809
120589,0,0,0,0,120589,0.0,00,001810
119628,0,0,0,0,119628,0.0,00,001811
119627,0,0,0,0,119627,0.0,00,001812
118269,0,0,0,0,118269,0.0,00,001813
118443,0,0,0,0,118443,0.0,00,001814
118225,0,0,0,0,118225,0.0,00,001815
118745,0,0,0,0,118745,0.0,00,001816
119339,0,0,0,0,119339,0.0,00,001817
119380,0,0,0,0,119380,0.0,00,001818
119913,0,0,0,0,119913,0.0,00,001819
120696,0,0,0,0,120696,0.0,00,001820
121623,0,0,0,0,121623,0.0,00,001821
121864,0,0,0,0,121864,0.0,00,001822
121231,0,0,0,0,121231,0.0,00,001823
120620,0,0,0,0,120620,0.0,00,001824
119670,0,0,0,0,119670,0.0,00,001825
120265,0,0,0,0,120265,0.0,00,001826
120482,0,0,0,0,120482,0.0,00,001827
119015,0,0,0,0,119015,0.0,00,001828
118906,0,0,0,0,118906,0.0,00,001829
119657,0,0,0,0,119657,0.0,00,001830
118859,0,0,0,0,118859,0.0,00,001831
119137,0,0,0,0,119137,0.0,00,001832
119997,0,0,0,0,119997,0.0,00,001833
120487,0,0,0,0,120487,0.0,00,001834
120684,0,0,0,0,120684,0.0,00,001835
120292,0,0,0,0,120292,0.0,00,001836
120397,0,0,0,0,120397,0.0,00,001837
120940,0,0,0,0,120940,0.0,00,001838
121010,0,0,0,0,121010,0.0,00,001839
120731,0,0,0,0,120731,0.0,00,001840
121208,0,0,0,0,121208,0.0,00,001841
121973,0,0,0,0,121973,0.0,00,001842
122130,0,0,0,0,122130,0.0,00,001843
123408,0,0,0,0,123408,0.0,00,001844
124273,0,0,0,0,124273,0.0,00,001845
125029,0,0,0,0,125029,0.0,00,001846
125365,0,0,0,0,125365,0.0,00,001847
125502,0,0,0,0,125502,0.0,00,001848
125626,0,0,0,0,125626,0.0,00,001849
125730,0,0,0,0,125730,0.0,00,001850
125784,0,0,0,0,125784,0.0,00,001851
126028,0,0,0,0,126028,0.0,00,001852
126090,0,0,0,0,126090,0.0,00,001853
125567,0,0,0,0,125567,0.0,00,001854
124842,0,0,0,0,124842,0.0,00,001855
124071,0,0,0,0,124071,0.0,00,001856
124401,0,0,0,0,124401,0.0,00,001857
123572,0,0,0,0,123572,0.0,00,001858
122854,0,0,0,0,122854,0.0,00,001859
122914,0,0,0,0,122914,0.0,00,001860
123369,0,0,0,0,123369,0.0,00,001861
123353,0,0,0,0,123353,0.0,00,001862
123524,0,0,0,0,123524,0.0,00,001863
123747,0,0,0,0,123747,0.0,00,001864
123409,0,0,0,0,123409,0.0,00,001865
123006,0,0,0,0,123006,0.0,00,001866
123914,0,0,0,0,123914,0.0,00,001867
124934,0,0,0,0,124934,0.0,00,001868
125223,0,0,0,0,125223,0.0,00,001869
125270,0,0,0,0,125270,0.0,00,001870
125304,0,0,0,0,125304,0.0,00,001871
125190,0,0,0,0,125190,0.0,00,001872
124969,0,0,0,0,124969,0.0,00,001873
124546,0,0,0,0,124546,0.0,00,001874
123618,0,0,0,0,123618,0.0,00,001875
123553,0,0,0,0,123553,0.0,00,001876
121566,0,0,0,0,121566,0.0,00,001877
121654,0,0,0,0,121654,0.0,00,001878
122005,0,0,0,0,122005,0.0,00,001879
122903,0,0,0,0,122903,0.0,00,001880
124676,0,0,0,0,124676,0.0,00,001881
125571,0,0,0,0,125571,0.0,00,001882
125804,0,0,0,0,125804,0.0,00,001883
126074,0,0,0,0,126074,0.0,00,001884
126458,0,0,0,0,126458,0.0,00,001885
126947,0,0,0,0,126947,0.0,00,001886
127246,0,0,0,0,127246,0.0,00,001887
127466,0,0,0,0,127466,0.0,00,001888
127674,0,0,0,0,127674,0.0,00,001889
127765,0,0,0,0,127765,0.0,00,001890
127875,0,0,0,0,127875,0.0,00,001891
127988,0,0,0,0,127988,0.0,00,001892
127943,0,0,0,0,127943,0.0,00,001893
127982,0,0,0,0,127982,0.0,00,001894
128015,0,0,0,0,128015,0.0,00,001895
128146,0,0,0,0,128146,0.0,00,001896
128040,0,0,0,0,128040,0.0,00,001897
127816,0,0,0,0,127816,0.0,00,001898
127687,0,0,0,0,127687,0.0,00,001899
127708,0,0,0,0,127708,0.0,00,001900
127724,0,0,0,0,127724,0.0,00,001901
127785,0,0,0,0,127785,0.0,00,001902
127551,0,0,0,0,127551,0.0,00,001903
127268,0,0,0,0,127268,0.0,00,001904
127117,0,0,0,0,127117,0.0,00,001905
127091,0,0,0,0,127091,0.0,00,001906
127050,0,0,0,0,127050,0.0,00,001907
127040,0,0,0,0,127040,0.0,00,001908
126747,0,0,0,0,126747,0.0,00,001909
126397,0,0,0,0,126397,0.0,00,001910
125970,0,0,0,0,125970,0.0,00,001911
125819,0,0,0,0,125819,0.0,00,001912
125670,0,0,0,0,125670,0.0,00,001913
126394,0,0,0,0,126394,0.0,00,001914
125842,0,0,0,0,125842,0.0,00,001915
125164,0,0,0,0,125164,0.0,00,001916
124768,0,0,0,0,124768,0.0,00,001917
124790,0,0,0,0,124790,0.0,00,001918
125298,0,0,0,0,125298,0.0,00,001919
125671,0,0,0,0,125671,0.0,00,001920
126256,0,0,0,0,126256,0.0,00,001921
126432,0,0,0,0,126432,0.0,00,001922
126820,0,0,0,0,126820,0.0,00,001923
127014,0,0,0,0,127014,0.0,00,001924
127043,0,0,0,0,127043,0.0,00,001925
127112,0,0,0,0,127112,0.0,00,001926
127144,0,0,0,0,127144,0.0,00,001927
127130,0,0,0,0,127130,0.0,00,001928
127219,0,0,0,0,127219,0.0,00,001929
127223,0,0,0,0,127223,0.0,00,001930
127248,0,0,0,0,127248,0.0,00,001931
127248,0,0,0,0,127248,0.0,00,001932
127263,0,0,0,0,127263,0.0,00,001933
127228,0,0,0,0,127228,0.0,00,001934
127313,0,0,0,0,127313,0.0,00,001935
127308,0,0,0,0,127308,0.0,00,001936
127292,0,0,0,0,127292,0.0,00,001937
127297,0,0,0,0,127297,0.0,00,001938
127268,0,0,0,0,127268,0.0,00,001939
127204,0,0,0,0,127204,0.0,00,001940
127260,0,0,0,0,127260,0.0,00,001941
127147,0,0,0,0,127147,0.0,00,001942
127067,0,0,0,0,127067,0.0,00,001943
126906,0,0,0,0,126906,0.0,00,001944
126808,0,0,0,0,126808,0.0,00,001945
126569,0,0,0,0,126569,0.0,00,001946
126611,0,0,0,0,126611,0.0,00,001947
126416,0,0,0,0,126416,0.0,00,001948
126260,0,0,0,0,126260,0.0,00,001949
126111,0,0,0,0,126111,0.0,00,001950
126050,0,0,0,0,126050,0.0,00,001951
125713,0,0,0,0,125713,0.0,00,001952
125724,0,0,0,0,125724,0.0,00,001953
125700,0,0,0,0,125700,0.0,00,001954
125737,0,0,0,0,125737,0.0,00,001955
125596,0,0,0,0,125596,0.0,00,001956
125557,0,0,0,0,125557,0.0,00,001957
125515,0,0,0,0,125515,0.0,00,001958
125603,0,0,0,0,125603,0.0,00,001959
125654,0,0,0,0,125654,0.0,00,001960
125947,0,0,0,0,125947,0.0,00,001961
126287,0,0,0,0,126287,0.0,00,001962
126509,0,0,0,0,126509,0.0,00,001963
126567,0,0,0,0,126567,0.0,00,001964
126672,0,0,0,0,126672,0.0,00,001965
126317,0,0,0,0,126317,0.0,00,001966
126044,0,0,0,0,126044,0.0,00,001967
125867,0,0,0,0,125867,0.0,00,001968
125837,0,0,0,0,125837,0.0,00,001969
125588,0,0,0,0,125588,0.0,00,001970
125757,0,0,0,0,125757,0.0,00,001971
125632,0,0,0,0,125632,0.0,00,001972
125523,0,0,0,0,125523,0.0,00,001973
125472,0,0,0,0,125472,0.0,00,001974
125772,0,0,0,0,125772,0.0,00,001975
126061,0,0,0,0,126061,0.0,00,001976
126298,0,0,0,0,126298,0.0,00,001977
126246,0,0,0,0,126246,0.0,00,001978
126172,0,0,0,0,126172,0.0,00,001979
126137,0,0,0,0,126137,0.0,00,001980
125869,0,0,0,0,125869,0.0,00,001981
125719,0,0,0,0,125719,0.0,00,001982
125297,0,0,0,0,125297,0.0,00,001983
124388,0,0,0,0,124388,0.0,00,001984
122910,0,0,0,0,122910,0.0,00,001985
122093,0,0,0,0,122093,0.0,00,001986
122067,0,0,0,0,122067,0.0,00,001987
121937,0,0,0,0,121937,0.0,00,001988
121662,0,0,0,0,121662,0.0,00,001989
120704,0,0,0,0,120704,0.0,00,001990
120939,0,0,0,0,120939,0.0,00,001991
120482,0,0,0,0,120482,0.0,00,001992
121300,0,0,0,0,121300,0.0,00,001993
122165,0,0,0,0,122165,0.0,00,001994
122141,0,0,0,0,122141,0.0,00,001995
123329,0,0,0,0,123329,0.0,00,001996
123708,0,0,0,0,123708,0.0,00,001997
123913,0,0,0,0,123913,0.0,00,001998
124452,0,0,0,0,124452,0.0,00,001999
124505,0,0,0,0,124505,0.0,00,002000
124729,0,0,0,0,124729,0.0,00,002001
125185,0,0,0,0,125185,0.0,00,002002
125631,0,0,0,0,125631,0.0,00,002003
125857,0,0,0,0,125857,0.0,00,002004
125929,0,0,0,0,125929,0.0,00,002005
126015,0,0,0,0,126015,0.0,00,002006
125791,0,0,0,0,125791,0.0,00,002007
125723,0,0,0,0,125723,0.0,00,002008
125496,0,0,0,0,125496,0.0,00,002009
124903,0,0,0,0,124903,0.0,00,002010
124171,0,0,0,0,124171,0.0,00,002011
123123,0,0,0,0,123123,0.0,00,002012
122324,0,0,0,0,122324,0.0,00,002013
120677,0,0,0,0,120677,0.0,00,002014
119405,0,0,0,0,119405,0.0,00,002015
119688,0,0,0,0,119688,0.0,00,002016
119527,0,0,0,0,119527,0.0,00,002017
119806,0,0,0,0,119806,0.0,00,002018
120145,0,0,0,0,120145,0.0,00,002019
119803,0,0,0,0,119803,0.0,00,002020
120866,0,0,0,0,120866,0.0,00,002021
121294,0,0,0,0,121294,0.0,00,002022
121633,0,0,0,0,121633,0.0,00,002023
123433,0,0,0,0,123433,0.0,00,002024
123575,0,0,0,0,123575,0.0,00,002025
124329,0,0,0,0,124329,0.0,00,002026
124728,0,0,0,0,124728,0.0,00,002027
124934,0,0,0,0,124934,0.0,00,002028
124915,0,0,0,0,124915,0.0,00,002029
125053,0,0,0,0,125053,0.0,00,002030
125307,0,0,0,0,125307,0.0,00,002031
125411,0,0,0,0,125411,0.0,00,002032
125399,0,0,0,0,125399,0.0,00,002033
125056,0,0,0,0,125056,0.0,00,002034
124286,0,0,0,0,124286,0.0,00,002035
123561,0,0,0,0,123561,0.0,00,002036
123267,0,0,0,0,123267,0.0,00,002037
122123,0,0,0,0,122123,0.0,00,002038
122036,0,0,0,0,122036,0.0,00,002039
122951,0,0,0,0,122951,0.0,00,002040
123345,0,0,0,0,123345,0.0,00,002041
123529,0,0,0,0,123529,0.0,00,002042
122933,0,0,0,0,122933,0.0,00,002043
123067,0,0,0,0,123067,0.0,00,002044
123747,0,0,0,0,123747,0.0,00,002045
123796,0,0,0,0,123796,0.0,00,002046
123648,0,0,0,0,123648,0.0,00,002047
122931,0,0,0,0,122931,0.0,00,002048
122555,0,0,0,0,122555,0.0,00,002049
121629,0,0,0,0,121629,0.0,00,002050
119580,0,0,0,0,119580,0.0,00,002051
118528,0,0,0,0,118528,0.0,00,002052
117714,0,0,0,0,117714,0.0,00,002053
117167,0,0,0,0,117167,0.0,00,002054
116968,0,0,0,0,116968,0.0,00,002055
117423,0,0,0,0,117423,0.0,00,002056
118822,0,0,0,0,118822,0.0,00,002057
120646,0,0,0,0,120646,0.0,00,002058
122241,0,0,0,0,122241,0.0,00,002059
123611,0,0,0,0,123611,0.0,00,002060
124813,0,0,0,0,124813,0.0,00,002061
125343,0,0,0,0,125343,0.0,00,002062
125814,0,0,0,0,125814,0.0,00,002063
125959,0,0,0,0,125959,0.0,00,002064
126171,0,0,0,0,126171,0.0,00,002065
126108,0,0,0,0,126108,0.0,00,002066
126125,0,0,0,0,126125,0.0,00,002067
126237,0,0,0,0,126237,0.0,00,002068
126209,0,0,0,0,126209,0.0,00,002069
126224,0,0,0,0,126224,0.0,00,002070
126267,0,0,0,0,126267,0.0,00,002071
126272,0,0,0,0,126272,0.0,00,002072
126387,0,0,0,0,126387,0.0,00,002073
126305,0,0,0,0,126305,0.0,00,002074
126292,0,0,0,0,126292,0.0,00,002075
126259,0,0,0,0,126259,0.0,00,002076
126175,0,0,0,0,126175,0.0,00,002077
126351,0,0,0,0,126351,0.0,00,002078
126464,0,0,0,0,126464,0.0,00,002079
126411,0,0,0,0,126411,0.0,00,002080
126544,0,0,0,0,126544,0.0,00,002081
126492,0,0,0,0,126492,0.0,00,002082
126510,0,0,0,0,126510,0.0,00,002083
126590,0,0,0,0,126590,0.0,00,002084
126790,0,0,0,0,126790,0.0,00,002085
126734,0,0,0,0,126734,0.0,00,002086
126711,0,0,0,0,126711,0.0,00,002087
126668,0,0,0,0,126668,0.0,00,002088
126713,0,0,0,0,126713,0.0,00,002089
126772,0,0,0,0,126772,0.0,00,002090
126708,0,0,0,0,126708,0.0,00,002091
126790,0,0,0,0,126790,0.0,00,002092
127039,0,0,0,0,127039,0.0,00,002093
127098,0,0,0,0,127098,0.0,00,002094
127079,0,0,0,0,127079,0.0,00,002095
126999,0,0,0,0,126999,0.0,00,002096
126877,0,0,0,0,126877,0.0,00,002097
127037,0,0,0,0,127037,0.0,00,002098
127063,0,0,0,0,127063,0.0,00,002099
127103,0,0,0,0,127103,0.0,00,002100
127092,0,0,0,0,127092,0.0,00,002101
127065,0,0,0,0,127065,0.0,00,002102
127045,0,0,0,0,127045,0.0,00,002103
126983,0,0,0,0,126983,0.0,00,002104
126913,0,0,0,0,126913,0.0,00,002105
126752,0,0,0,0,126752,0.0,00,002106
126807,0,0,0,0,126807,0.0,00,002107
126619,0,0,0,0,126619,0.0,00,002108
126666,0,0,0,0,126666,0.0,00,002109
126530,0,0,0,0,126530,0.0,00,002110
126469,0,0,0,0,126469,0.0,00,002111
126410,0,0,0,0,126410,0.0,00,002112
126362,0,0,0,0,126362,0.0,00,002113
126206,0,0,0,0,126206,0.0,00,002114
126158,0,0,0,0,126158,0.0,00,002115
126108,0,0,0,0,126108,0.0,00,002116
126016,0,0,0,0,126016,0.0,00,002117
126046,0,0,0,0,126046,0.0,00,002118
125912,0,0,0,0,125912,0.0,00,002119
125913,0,0,0,0,125913,0.0,00,002120
125781,0,0,0,0,125781,0.0,00,002121
125821,0,0,0,0,125821,0.0,00,002122
125899,0,0,0,0,125899,0.0,00,002123
126149,0,0,0,0,126149,0.0,00,002124
126277,0,0,0,0,126277,0.0,00,002125
126444,0,0,0,0,126444,0.0,00,002126
126625,0,0,0,0,126625,0.0,00,002127
126564,0,0,0,0,126564,0.0,00,002128
126659,0,0,0,0,126659,0.0,00,002129
126630,0,0,0,0,126630,0.0,00,002130
126698,0,0,0,0,126698,0.0,00,002131
126945,0,0,0,0,126945,0.0,00,002132
127198,0,0,0,0,127198,0.0,00,002133
127241,0,0,0,0,127241,0.0,00,002134
127217,0,0,0,0,127217,0.0,00,002135
127093,0,0,0,0,127093,0.0,00,002136
127027,0,0,0,0,127027,0.0,00,002137
126898,0,0,0,0,126898,0.0,00,002138
126616,0,0,0,0,126616,0.0,00,002139
125579,0,0,0,0,125579,0.0,00,002140
124459,0,0,0,0,124459,0.0,00,002141
123561,0,0,0,0,123561,0.0,00,002142
122788,0,0,0,0,122788,0.0,00,002143
122469,0,0,0,0,122469,0.0,00,002144
122505,0,0,0,0,122505,0.0,00,002145
123510,0,0,0,0,123510,0.0,00,002146
124800,0,0,0,0,124800,0.0,00,002147
125413,0,0,0,0,125413,0.0,00,002148
125815,0,0,0,0,125815,0.0,00,002149
125985,0,0,0,0,125985,0.0,00,002150
126056,0,0,0,0,126056,0.0,00,002151
126085,0,0,0,0,126085,0.0,00,002152
126096,0,0,0,0,126096,0.0,00,002153
126051,0,0,0,0,126051,0.0,00,002154
125697,0,0,0,0,125697,0.0,00,002155
124801,0,0,0,0,124801,0.0,00,002156
123565,0,0,0,0,123565,0.0,00,002157
122145,0,0,0,0,122145,0.0,00,002158
122342,0,0,0,0,122342,0.0,00,002159
122223,0,0,0,0,122223,0.0,00,002160
122396,0,0,0,0,122396,0.0,00,002161
121463,0,0,0,0,121463,0.0,00,002162
121792,0,0,0,0,121792,0.0,00,002163
123108,0,0,0,0,123108,0.0,00,002164
123893,0,0,0,0,123893,0.0,00,002165
124657,0,0,0,0,124657,0.0,00,002166
125618,0,0,0,0,125618,0.0,00,002167
125937,0,0,0,0,125937,0.0,00,002168
126116,0,0,0,0,126116,0.0,00,002169
126143,0,0,0,0,126143,0.0,00,002170
126095,0,0,0,0,126095,0.0,00,002171
126236,0,0,0,0,126236,0.0,00,002172
126487,0,0,0,0,126487,0.0,00,002173
126630,0,0,0,0,126630,0.0,00,002174
126517,0,0,0,0,126517,0.0,00,002175
126360,0,0,0,0,126360,0.0,00,002176
126249,0,0,0,0,126249,0.0,00,002177
126326,0,0,0,0,126326,0.0,00,002178
126352,0,0,0,0,126352,0.0,00,002179
125998,0,0,0,0,125998,0.0,00,002180
125787,0,0,0,0,125787,0.0,00,002181
125803,0,0,0,0,125803,0.0,00,002182
125628,0,0,0,0,125628,0.0,00,002183
125585,0,0,0,0,125585,0.0,00,002184
125396,0,0,0,0,125396,0.0,00,002185
125347,0,0,0,0,125347,0.0,00,002186
125235,0,0,0,0,125235,0.0,00,002187
124646,0,0,0,0,124646,0.0,00,002188
123554,0,0,0,0,123554,0.0,00,002189
122534,0,0,0,0,122534,0.0,00,002190
122245,0,0,0,0,122245,0.0,00,002191
121969,0,0,0,0,121969,0.0,00,002192
122327,0,0,0,0,122327,0.0,00,002193
123045,0,0,0,0,123045,0.0,00,002194
124088,0,0,0,0,124088,0.0,00,002195
124626,0,0,0,0,124626,0.0,00,002196
124768,0,0,0,0,124768,0.0,00,002197
124924,0,0,0,0,124924,0.0,00,002198
124865,0,0,0,0,124865,0.0,00,002199
124957,0,0,0,0,124957,0.0,00,002200
125236,0,0,0,0,125236,0.0,00,002201
125025,0,0,0,0,125025,0.0,00,002202
124684,0,0,0,0,124684,0.0,00,002203
124340,0,0,0,0,124340,0.0,00,002204
123853,0,0,0,0,123853,0.0,00,002205
123175,0,0,0,0,123175,0.0,00,002206
122793,0,0,0,0,122793,0.0,00,002207
121847,0,0,0,0,121847,0.0,00,002208
121281,0,0,0,0,121281,0.0,00,002209
120941,0,0,0,0,120941,0.0,00,002210
120686,0,0,0,0,120686,0.0,00,002211
120795,0,0,0,0,120795,0.0,00,002212
120226,0,0,0,0,120226,0.0,00,002213
120293,0,0,0,0,120293,0.0,00,002214
120763,0,0,0,0,120763,0.0,00,002215
121507,0,0,0,0,121507,0.0,00,002216
122890,0,0,0,0,122890,0.0,00,002217
123603,0,0,0,0,123603,0.0,00,002218
124197,0,0,0,0,124197,0.0,00,002219
124439,0,0,0,0,124439,0.0,00,002220
124421,0,0,0,0,124421,0.0,00,002221
124089,0,0,0,0,124089,0.0,00,002222
124484,0,0,0,0,124484,0.0,00,002223
124649,0,0,0,0,124649,0.0,00,002224
125026,0,0,0,0,125026,0.0,00,002225
124907,0,0,0,0,124907,0.0,00,002226
125016,0,0,0,0,125016,0.0,00,002227
125082,0,0,0,0,125082,0.0,00,002228
125144,0,0,0,0,125144,0.0,00,002229
125156,0,0,0,0,125156,0.0,00,002230
125123,0,0,0,0,125123,0.0,00,002231
124968,0,0,0,0,124968,0.0,00,002232
125023,0,0,0,0,125023,0.0,00,002233
124944,0,0,0,0,124944,0.0,00,002234
124961,0,0,0,0,124961,0.0,00,002235
124904,0,0,0,0,124904,0.0,00,002236
124887,0,0,0,0,124887,0.0,00,002237
124766,0,0,0,0,124766,0.0,00,002238
124779,0,0,0,0,124779,0.0,00,002239
124746,0,0,0,0,124746,0.0,00,002240
124804,0,0,0,0,124804,0.0,00,002241
124658,0,0,0,0,124658,0.0,00,002242
124668,0,0,0,0,124668,0.0,00,002243
124516,0,0,0,0,124516,0.0,00,002244
124438,0,0,0,0,124438,0.0,00,002245
124469,0,0,0,0,124469,0.0,00,002246
124407,0,0,0,0,124407,0.0,00,002247
124504,0,0,0,0,124504,0.0,00,002248
124398,0,0,0,0,124398,0.0,00,002249
124258,0,0,0,0,124258,0.0,00,002250
124255,0,0,0,0,124255,0.0,00,002251
124360,0,0,0,0,124360,0.0,00,002252
124371,0,0,0,0,124371,0.0,00,002253
124447,0,0,0,0,124447,0.0,00,002254
124594,0,0,0,0,124594,0.0,00,002255
124491,0,0,0,0,124491,0.0,00,002256
124600,0,0,0,0,124600,0.0,00,002257
124533,0,0,0,0,124533,0.0,00,002258
124456,0,0,0,0,124456,0.0,00,002259
124357,0,0,0,0,124357,0.0,00,002260
124293,0,0,0,0,124293,0.0,00,002261
124278,0,0,0,0,124278,0.0,00,002262
124210,0,0,0,0,124210,0.0,00,002263
124278,0,0,0,0,124278,0.0,00,002264
124139,0,0,0,0,124139,0.0,00,002265
124018,0,0,0,0,124018,0.0,00,002266
123895,0,0,0,0,123895,0.0,00,002267
123914,0,0,0,0,123914,0.0,00,002268
123846,0,0,0,0,123846,0.0,00,002269
123768,0,0,0,0,123768,0.0,00,002270
123816,0,0,0,0,123816,0.0,00,002271
123604,0,0,0,0,123604,0.0,00,002272
123424,0,0,0,0,123424,0.0,00,002273
123586,0,0,0,0,123586,0.0,00,002274
123589,0,0,0,0,123589,0.0,00,002275
123628,0,0,0,0,123628,0.0,00,002276
123386,0,0,0,0,123386,0.0,00,002277
123138,0,0,0,0,123138,0.0,00,002278
122817,0,0,0,0,122817,0.0,00,002279
122591,0,0,0,0,122591,0.0,00,002280
122187,0,0,0,0,122187,0.0,00,002281
122153,0,0,0,0,122153,0.0,00,002282
122361,0,0,0,0,122361,0.0,00,002283
122798,0,0,0,0,122798,0.0,00,002284
122825,0,0,0,0,122825,0.0,00,002285
123160,0,0,0,0,123160,0.0,00,002286
123475,0,0,0,0,123475,0.0,00,002287
123700,0,0,0,0,123700,0.0,00,002288
123773,0,0,0,0,123773,0.0,00,002289
123493,0,0,0,0,123493,0.0,00,002290
123139,0,0,0,0,123139,0.0,00,002291
122673,0,0,0,0,122673,0.0,00,002292
122179,0,0,0,0,122179,0.0,00,002293
122025,0,0,0,0,122025,0.0,00,002294
122002,0,0,0,0,122002,0.0,00,002295
121928,0,0,0,0,121928,0.0,00,002296
122471,0,0,0,0,122471,0.0,00,002297
122893,0,0,0,0,122893,0.0,00,002298
123090,0,0,0,0,123090,0.0,00,002299
123543,0,0,0,0,123543,0.0,00,002300
123880,0,0,0,0,123880,0.0,00,002301
123970,0,0,0,0,123970,0.0,00,002302
123821,0,0,0,0,123821,0.0,00,002303
123602,0,0,0,0,123602,0.0,00,002304
123597,0,0,0,0,123597,0.0,00,002305
123690,0,0,0,0,123690,0.0,00,002306
123654,0,0,0,0,123654,0.0,00,002307
123452,0,0,0,0,123452,0.0,00,002308
122891,0,0,0,0,122891,0.0,00,002309
122075,0,0,0,0,122075,0.0,00,002310
121376,0,0,0,0,121376,0.0,00,002311
120749,0,0,0,0,120749,0.0,00,002312
120816,0,0,0,0,120816,0.0,00,002313
120711,0,0,0,0,120711,0.0,00,002314
120373,0,0,0,0,120373,0.0,00,002315
120325,0,0,0,0,120325,0.0,00,002316
120409,0,0,0,0,120409,0.0,00,002317
120501,0,0,0,0,120501,0.0,00,002318
120493,0,0,0,0,120493,0.0,00,002319
120727,0,0,0,0,120727,0.0,00,002320
120649,0,0,0,0,120649,0.0,00,002321
120840,0,0,0,0,120840,0.0,00,002322
121125,0,0,0,0,121125,0.0,00,002323
121293,0,0,0,0,121293,0.0,00,002324
121307,0,0,0,0,121307,0.0,00,002325
121156,0,0,0,0,121156,0.0,00,002326
121424,0,0,0,0,121424,0.0,00,002327
121488,0,0,0,0,121488,0.0,00,002328
121398,0,0,0,0,121398,0.0,00,002329
121308,0,0,0,0,121308,0.0,00,002330
121084,0,0,0,0,121084,0.0,00,002331
121043,0,0,0,0,121043,0.0,00,002332
120983,0,0,0,0,120983,0.0,00,002333
120682,0,0,0,0,120682,0.0,00,002334
120661,0,0,0,0,120661,0.0,00,002335
120550,0,0,0,0,120550,0.0,00,002336
120416,0,0,0,0,120416,0.0,00,002337
120444,0,0,0,0,120444,0.0,00,002338
120178,0,0,0,0,120178,0.0,00,002339
119819,0,0,0,0,119819,0.0,00,002340
119317,0,0,0,0,119317,0.0,00,002341
119198,0,0,0,0,119198,0.0,00,002342
119161,0,0,0,0,119161,0.0,00,002343
118207,0,0,0,0,118207,0.0,00,002344
117483,0,0,0,0,117483,0.0,00,002345
116312,0,0,0,0,116312,0.0,00,002346
116077,0,0,0,0,116077,0.0,00,002347
116439,0,0,0,0,116439,0.0,00,002348
115840,0,0,0,0,115840,0.0,00,002349
115646,0,0,0,0,115646,0.0,00,002350
115114,0,0,0,0,115114,0.0,00,002351
114206,0,0,0,0,114206,0.0,00,002352
113171,0,0,0,0,113171,0.0,00,002353
113062,0,0,0,0,113062,0.0,00,002354
113766,0,0,0,0,113766,0.0,00,002355
114707,0,0,0,0,114707,0.0,00,002356
116216,0,0,0,0,116216,0.0,00,002357
116112,0,0,0,0,116112,0.0,00,002358
115550,0,0,0,0,115550,0.0,00,002359
115850,0,0,0,0,115850,0.0,00,002360
116604,0,0,0,0,116604,0.0,00,002361
118180,0,0,0,0,118180,0.0,00,002362
119717,0,0,0,0,119717,0.0,00,002363
120430,0,0,0,0,120430,0.0,00,002364
120993,0,0,0,0,120993,0.0,00,002365
121784,0,0,0,0,121784,0.0,00,002366
122747,0,0,0,0,122747,0.0,00,002367
123449,0,0,0,0,123449,0.0,00,002368
123336,0,0,0,0,123336,0.0,00,002369
123064,0,0,0,0,123064,0.0,00,002370
121966,0,0,0,0,121966,0.0,00,002371
120536,0,0,0,0,120536,0.0,00,002372
120490,0,0,0,0,120490,0.0,00,002373
121251,0,0,0,0,121251,0.0,00,002374
121773,0,0,0,0,121773,0.0,00,002375
122558,0,0,0,0,122558,0.0,00,002376
123282,0,0,0,0,123282,0.0,00,002377
123526,0,0,0,0,123526,0.0,00,002378
123832,0,0,0,0,123832,0.0,00,002379
124641,0,0,0,0,124641,0.0,00,002380
125111,0,0,0,0,125111,0.0,00,002381
126106,0,0,0,0,126106,0.0,00,002382
126527,0,0,0,0,126527,0.0,00,002383
126765,0,0,0,0,126765,0.0,00,002384
126579,0,0,0,0,126579,0.0,00,002385
126592,0,0,0,0,126592,0.0,00,002386
126511,0,0,0,0,126511,0.0,00,002387
126431,0,0,0,0,126431,0.0,00,002388
126518,0,0,0,0,126518,0.0,00,002389
126493,0,0,0,0,126493,0.0,00,002390
126120,0,0,0,0,126120,0.0,00,002391
125869,0,0,0,0,125869,0.0,00,002392
125046,0,0,0,0,125046,0.0,00,002393
124381,0,0,0,0,124381,0.0,00,002394
124381,0,0,0,0,124381,0.0,00,002395
124088,0,0,0,0,124088,0.0,00,002396
123736,0,0,0,0,123736,0.0,00,002397
123506,0,0,0,0,123506,0.0,00,002398
123191,0,0,0,0,123191,0.0,00,002399
122838,0,0,0,0,122838,0.0,00,002400
122757,0,0,0,0,122757,0.0,00,002401
123064,0,0,0,0,123064,0.0,00,002402
123095,0,0,0,0,123095,0.0,00,002403
123400,0,0,0,0,123400,0.0,00,002404
123465,0,0,0,0,123465,0.0,00,002405
124225,0,0,0,0,124225,0.0,00,002406
124890,0,0,0,0,124890,0.0,00,002407
125265,0,0,0,0,125265,0.0,00,002408
125684,0,0,0,0,125684,0.0,00,002409
125905,0,0,0,0,125905,0.0,00,002410
125824,0,0,0,0,125824,0.0,00,002411
125574,0,0,0,0,125574,0.0,00,002412
125484,0,0,0,0,125484,0.0,00,002413
125630,0,0,0,0,125630,0.0,00,002414
125736,0,0,0,0,125736,0.0,00,002415
125554,0,0,0,0,125554,0.0,00,002416
125518,0,0,0,0,125518,0.0,00,002417
125588,0,0,0,0,125588,0.0,00,002418
125003,0,0,0,0,125003,0.0,00,002419
124606,0,0,0,0,124606,0.0,00,002420
124149,0,0,0,0,124149,0.0,00,002421
123729,0,0,0,0,123729,0.0,00,002422
123579,0,0,0,0,123579,0.0,00,002423
123595,0,0,0,0,123595,0.0,00,002424
123813,0,0,0,0,123813,0.0,00,002425
123966,0,0,0,0,123966,0.0,00,002426
124369,0,0,0,0,124369,0.0,00,002427
124491,0,0,0,0,124491,0.0,00,002428
124456,0,0,0,0,124456,0.0,00,002429
124779,0,0,0,0,124779,0.0,00,002430
124725,0,0,0,0,124725,0.0,00,002431
124517,0,0,0,0,124517,0.0,00,002432
124144,0,0,0,0,124144,0.0,00,002433
124276,0,0,0,0,124276,0.0,00,002434
124158,0,0,0,0,124158,0.0,00,002435
123987,0,0,0,0,123987,0.0,00,002436
123816,0,0,0,0,123816,0.0,00,002437
123836,0,0,0,0,123836,0.0,00,002438
123818,0,0,0,0,123818,0.0,00,002439
123877,0,0,0,0,123877,0.0,00,002440
124089,0,0,0,0,124089,0.0,00,002441
124081,0,0,0,0,124081,0.0,00,002442
124064,0,0,0,0,124064,0.0,00,002443
123775,0,0,0,0,123775,0.0,00,002444
123908,0,0,0,0,123908,0.0,00,002445
123922,0,0,0,0,123922,0.0,00,002446
123698,0,0,0,0,123698,0.0,00,002447
123645,0,0,0,0,123645,0.0,00,002448
123637,0,0,0,0,123637,0.0,00,002449
123386,0,0,0,0,123386,0.0,00,002450
123009,0,0,0,0,123009,0.0,00,002451
122657,0,0,0,0,122657,0.0,00,002452
122362,0,0,0,0,122362,0.0,00,002453
122208,0,0,0,0,122208,0.0,00,002454
122517,0,0,0,0,122517,0.0,00,002455
122632,0,0,0,0,122632,0.0,00,002456
122317,0,0,0,0,122317,0.0,00,002457
122398,0,0,0,0,122398,0.0,00,002458
122555,0,0,0,0,122555,0.0,00,002459
122597,0,0,0,0,122597,0.0,00,002460
122995,0,0,0,0,122995,0.0,00,002461
123332,0,0,0,0,123332,0.0,00,002462
123312,0,0,0,0,123312,0.0,00,002463
123200,0,0,0,0,123200,0.0,00,002464
123145,0,0,0,0,123145,0.0,00,002465
123545,0,0,0,0,123545,0.0,00,002466
123550,0,0,0,0,123550,0.0,00,002467
123695,0,0,0,0,123695,0.0,00,002468
124038,0,0,0,0,124038,0.0,00,002469
124235,0,0,0,0,124235,0.0,00,002470
124337,0,0,0,0,124337,0.0,00,002471
124437,0,0,0,0,124437,0.0,00,002472
124348,0,0,0,0,124348,0.0,00,002473
124499,0,0,0,0,124499,0.0,00,002474
124593,0,0,0,0,124593,0.0,00,002475
124369,0,0,0,0,124369,0.0,00,002476
124269,0,0,0,0,124269,0.0,00,002477
124381,0,0,0,0,124381,0.0,00,002478
124336,0,0,0,0,124336,0.0,00,002479
123490,0,0,0,0,123490,0.0,00,002480
123038,0,0,0,0,123038,0.0,00,002481
122697,0,0,0,0,122697,0.0,00,002482
122830,0,0,0,0,122830,0.0,00,002483
122871,0,0,0,0,122871,0.0,00,002484
122881,0,0,0,0,122881,0.0,00,002485
122065,0,0,0,0,122065,0.0,00,002486
121047,0,0,0,0,121047,0.0,00,002487
119821,0,0,0,0,119821,0.0,00,002488
118580,0,0,0,0,118580,0.0,00,002489
117621,0,0,0,0,117621,0.0,00,002490
117030,0,0,0,0,117030,0.0,00,002491
116079,0,0,0,0,116079,0.0,00,002492
115802,0,0,0,0,115802,0.0,00,002493
115676,0,0,0,0,115676,0.0,00,002494
115072,0,0,0,0,115072,0.0,00,002495
114576,0,0,0,0,114576,0.0,00,002496
114804,0,0,0,0,114804,0.0,00,002497
114973,0,0,0,0,114973,0.0,00,002498
115880,0,0,0,0,115880,0.0,00,002499
116905,0,0,0,0,116905,0.0,00,002500
116627,0,0,0,0,116627,0.0,00,002501
115778,0,0,0,0,115778,0.0,00,002502
115326,0,0,0,0,115326,0.0,00,002503
115780,0,0,0,0,115780,0.0,00,002504
116672,0,0,0,0,116672,0.0,00,002505
117353,0,0,0,0,117353,0.0,00,002506
118160,0,0,0,0,118160,0.0,00,002507
118489,0,0,0,0,118489,0.0,00,002508
118745,0,0,0,0,118745,0.0,00,002509
119103,0,0,0,0,119103,0.0,00,002510
118992,0,0,0,0,118992,0.0,00,002511
118666,0,0,0,0,118666,0.0,00,002512
118105,0,0,0,0,118105,0.0,00,002513
118562,0,0,0,0,118562,0.0,00,002514
118499,0,0,0,0,118499,0.0,00,002515
118379,0,0,0,0,118379,0.0,00,002516
118064,0,0,0,0,118064,0.0,00,002517
117963,0,0,0,0,117963,0.0,00,002518
118105,0,0,0,0,118105,0.0,00,002519
118874,0,0,0,0,118874,0.0,00,002520
119694,0,0,0,0,119694,0.0,00,002521
119846,0,0,0,0,119846,0.0,00,002522
119722,0,0,0,0,119722,0.0,00,002523
118585,0,0,0,0,118585,0.0,00,002524
117207,0,0,0,0,117207,0.0,00,002525
116090,0,0,0,0,116090,0.0,00,002526
115847,0,0,0,0,115847,0.0,00,002527
115629,0,0,0,0,115629,0.0,00,002528
115790,0,0,0,0,115790,0.0,00,002529
116165,0,0,0,0,116165,0.0,00,002530
115729,0,0,0,0,115729,0.0,00,002531
115314,0,0,0,0,115314,0.0,00,002532
115232,0,0,0,0,115232,0.0,00,002533
115129,0,0,0,0,115129,0.0,00,002534
114499,0,0,0,0,114499,0.0,00,002535
112164,0,0,0,0,112164,0.0,00,002536
110472,0,0,0,0,110472,0.0,00,002537
110101,0,0,0,0,110101,0.0,00,002538
110909,0,0,0,0,110909,0.0,00,002539
111573,0,0,0,0,111573,0.0,00,002540
111347,0,0,0,0,111347,0.0,00,002541
111475,0,0,0,0,111475,0.0,00,002542
111340,0,0,0,0,111340,0.0,00,002543
112562,0,0,0,0,112562,0.0,00,002544
113227,0,0,0,0,113227,0.0,00,002545
113972,0,0,0,0,113972,0.0,00,002546
114729,0,0,0,0,114729,0.0,00,002547
114796,0,0,0,0,114796,0.0,00,002548
114732,0,0,0,0,114732,0.0,00,002549
115801,0,0,0,0,115801,0.0,00,002550
117132,0,0,0,0,117132,0.0,00,002551
119049,0,0,0,0,119049,0.0,00,002552
121175,0,0,0,0,121175,0.0,00,002553
122913,0,0,0,0,122913,0.0,00,002554
123698,0,0,0,0,123698,0.0,00,002555
123589,0,0,0,0,123589,0.0,00,002556
123810,0,0,0,0,123810,0.0,00,002557
124038,0,0,0,0,124038,0.0,00,002558
123519,0,0,0,0,123519,0.0,00,002559
122552,0,0,0,0,122552,0.0,00,002560
121751,0,0,0,0,121751,0.0,00,002561
120791,0,0,0,0,120791,0.0,00,002562
120714,0,0,0,0,120714,0.0,00,002563
119942,0,0,0,0,119942,0.0,00,002564
118789,0,0,0,0,118789,0.0,00,002565
118727,0,0,0,0,118727,0.0,00,002566
119290,0,0,0,0,119290,0.0,00,002567
120137,0,0,0,0,120137,0.0,00,002568
120836,0,0,0,0,120836,0.0,00,002569
120824,0,0,0,0,120824,0.0,00,002570
120979,0,0,0,0,120979,0.0,00,002571
121274,0,0,0,0,121274,0.0,00,002572
121143,0,0,0,0,121143,0.0,00,002573
120235,0,0,0,0,120235,0.0,00,002574
119265,0,0,0,0,119265,0.0,00,002575
118827,0,0,0,0,118827,0.0,00,002576
119385,0,0,0,0,119385,0.0,00,002577
119671,0,0,0,0,119671,0.0,00,002578
118112,0,0,0,0,118112,0.0,00,002579
117801,0,0,0,0,117801,0.0,00,002580
118406,0,0,0,0,118406,0.0,00,002581
118752,0,0,0,0,118752,0.0,00,002582
119629,0,0,0,0,119629,0.0,00,002583
120021,0,0,0,0,120021,0.0,00,002584
119306,0,0,0,0,119306,0.0,00,002585
118196,0,0,0,0,118196,0.0,00,002586
118154,0,0,0,0,118154,0.0,00,002587
118462,0,0,0,0,118462,0.0,00,002588
119030,0,0,0,0,119030,0.0,00,002589
119643,0,0,0,0,119643,0.0,00,002590
119486,0,0,0,0,119486,0.0,00,002591
118995,0,0,0,0,118995,0.0,00,002592
118285,0,0,0,0,118285,0.0,00,002593
118185,0,0,0,0,118185,0.0,00,002594
118769,0,0,0,0,118769,0.0,00,002595
119370,0,0,0,0,119370,0.0,00,002596
119801,0,0,0,0,119801,0.0,00,002597
119799,0,0,0,0,119799,0.0,00,002598
119793,0,0,0,0,119793,0.0,00,002599
120027,0,0,0,0,120027,0.0,00,002600
120590,0,0,0,0,120590,0.0,00,002601
120894,0,0,0,0,120894,0.0,00,002602
120917,0,0,0,0,120917,0.0,00,002603
120833,0,0,0,0,120833,0.0,00,002604
121229,0,0,0,0,121229,0.0,00,002605
121886,0,0,0,0,121886,0.0,00,002606
122076,0,0,0,0,122076,0.0,00,002607
122092,0,0,0,0,122092,0.0,00,002608
122342,0,0,0,0,122342,0.0,00,002609
122349,0,0,0,0,122349,0.0,00,002610
122370,0,0,0,0,122370,0.0,00,002611
122274,0,0,0,0,122274,0.0,00,002612
122304,0,0,0,0,122304,0.0,00,002613
121868,0,0,0,0,121868,0.0,00,002614
120960,0,0,0,0,120960,0.0,00,002615
120007,0,0,0,0,120007,0.0,00,002616
119662,0,0,0,0,119662,0.0,00,002617
120097,0,0,0,0,120097,0.0,00,002618
120750,0,0,0,0,120750,0.0,00,002619
120162,0,0,0,0,120162,0.0,00,002620
118755,0,0,0,0,118755,0.0,00,002621
118429,0,0,0,0,118429,0.0,00,002622
119678,0,0,0,0,119678,0.0,00,002623
121316,0,0,0,0,121316,0.0,00,002624
122508,0,0,0,0,122508,0.0,00,002625
123275,0,0,0,0,123275,0.0,00,002626
123632,0,0,0,0,123632,0.0,00,002627
123822,0,0,0,0,123822,0.0,00,002628
123360,0,0,0,0,123360,0.0,00,002629
122344,0,0,0,0,122344,0.0,00,002630
120720,0,0,0,0,120720,0.0,00,002631
120714,0,0,0,0,120714,0.0,00,002632
118912,0,0,0,0,118912,0.0,00,002633
116617,0,0,0,0,116617,0.0,00,002634
117461,0,0,0,0,117461,0.0,00,002635
118687,0,0,0,0,118687,0.0,00,002636
118943,0,0,0,0,118943,0.0,00,002637
118950,0,0,0,0,118950,0.0,00,002638
118845,0,0,0,0,118845,0.0,00,002639
118549,0,0,0,0,118549,0.0,00,002640
118731,0,0,0,0,118731,0.0,00,002641
118121,0,0,0,0,118121,0.0,00,002642
117999,0,0,0,0,117999,0.0,00,002643
116006,0,0,0,0,116006,0.0,00,002644
113693,0,0,0,0,113693,0.0,00,002645
113006,0,0,0,0,113006,0.0,00,002646
114274,0,0,0,0,114274,0.0,00,002647
115243,0,0,0,0,115243,0.0,00,002648
115357,0,0,0,0,115357,0.0,00,002649
115469,0,0,0,0,115469,0.0,00,002650
114954,0,0,0,0,114954,0.0,00,002651
114304,0,0,0,0,114304,0.0,00,002652
114895,0,0,0,0,114895,0.0,00,002653
115436,0,0,0,0,115436,0.0,00,002654
116076,0,0,0,0,116076,0.0,00,002655
115566,0,0,0,0,115566,0.0,00,002656
116838,0,0,0,0,116838,0.0,00,002657
118374,0,0,0,0,118374,0.0,00,002658
119649,0,0,0,0,119649,0.0,00,002659
120267,0,0,0,0,120267,0.0,00,002660
119707,0,0,0,0,119707,0.0,00,002661
118830,0,0,0,0,118830,0.0,00,002662
117990,0,0,0,0,117990,0.0,00,002663
117269,0,0,0,0,117269,0.0,00,002664
116776,0,0,0,0,116776,0.0,00,002665
115072,0,0,0,0,115072,0.0,00,002666
113768,0,0,0,0,113768,0.0,00,002667
113525,0,0,0,0,113525,0.0,00,002668
112645,0,0,0,0,112645,0.0,00,002669
112263,0,0,0,0,112263,0.0,00,002670
113304,0,0,0,0,113304,0.0,00,002671
114400,0,0,0,0,114400,0.0,00,002672
114750,0,0,0,0,114750,0.0,00,002673
115281,0,0,0,0,115281,0.0,00,002674
115250,0,0,0,0,115250,0.0,00,002675
115376,0,0,0,0,115376,0.0,00,002676
116310,0,0,0,0,116310,0.0,00,002677
117935,0,0,0,0,117935,0.0,00,002678
119803,0,0,0,0,119803,0.0,00,002679
120889,0,0,0,0,120889,0.0,00,002680
121757,0,0,0,0,121757,0.0,00,002681
122448,0,0,0,0,122448,0.0,00,002682
122960,0,0,0,0,122960,0.0,00,002683
123351,0,0,0,0,123351,0.0,00,002684
123611,0,0,0,0,123611,0.0,00,002685
123818,0,0,0,0,123818,0.0,00,002686
123849,0,0,0,0,123849,0.0,00,002687
123994,0,0,0,0,123994,0.0,00,002688
124141,0,0,0,0,124141,0.0,00,002689
124583,0,0,0,0,124583,0.0,00,002690
124770,0,0,0,0,124770,0.0,00,002691
124912,0,0,0,0,124912,0.0,00,002692
124906,0,0,0,0,124906,0.0,00,002693
124978,0,0,0,0,124978,0.0,00,002694
124808,0,0,0,0,124808,0.0,00,002695
124557,0,0,0,0,124557,0.0,00,002696
124245,0,0,0,0,124245,0.0,00,002697
123615,0,0,0,0,123615,0.0,00,002698
123013,0,0,0,0,123013,0.0,00,002699
122404,0,0,0,0,122404,0.0,00,002700
121746,0,0,0,0,121746,0.0,00,002701
121110,0,0,0,0,121110,0.0,00,002702
120343,0,0,0,0,120343,0.0,00,002703
119783,0,0,0,0,119783,0.0,00,002704
119323,0,0,0,0,119323,0.0,00,002705
118919,0,0,0,0,118919,0.0,00,002706
118962,0,0,0,0,118962,0.0,00,002707
118684,0,0,0,0,118684,0.0,00,002708
118598,0,0,0,0,118598,0.0,00,002709
118069,0,0,0,0,118069,0.0,00,002710
117778,0,0,0,0,117778,0.0,00,002711
116812,0,0,0,0,116812,0.0,00,002712
116289,0,0,0,0,116289,0.0,00,002713
115992,0,0,0,0,115992,0.0,00,002714
115794,0,0,0,0,115794,0.0,00,002715
115765,0,0,0,0,115765,0.0,00,002716
115665,0,0,0,0,115665,0.0,00,002717
116141,0,0,0,0,116141,0.0,00,002718
117078,0,0,0,0,117078,0.0,00,002719
117348,0,0,0,0,117348,0.0,00,002720
117787,0,0,0,0,117787,0.0,00,002721
117919,0,0,0,0,117919,0.0,00,002722
117453,0,0,0,0,117453,0.0,00,002723
116929,0,0,0,0,116929,0.0,00,002724
117019,0,0,0,0,117019,0.0,00,002725
116827,0,0,0,0,116827,0.0,00,002726
116278,0,0,0,0,116278,0.0,00,002727
116300,0,0,0,0,116300,0.0,00,002728
116382,0,0,0,0,116382,0.0,00,002729
116124,0,0,0,0,116124,0.0,00,002730
115319,0,0,0,0,115319,0.0,00,002731
114320,0,0,0,0,114320,0.0,00,002732
113053,0,0,0,0,113053,0.0,00,002733
112526,0,0,0,0,112526,0.0,00,002734
113997,0,0,0,0,113997,0.0,00,002735
114700,0,0,0,0,114700,0.0,00,002736
113086,0,0,0,0,113086,0.0,00,002737
113280,0,0,0,0,113280,0.0,00,002738
115463,0,0,0,0,115463,0.0,00,002739
117071,0,0,0,0,117071,0.0,00,002740
118061,0,0,0,0,118061,0.0,00,002741
117926,0,0,0,0,117926,0.0,00,002742
116832,0,0,0,0,116832,0.0,00,002743
115825,0,0,0,0,115825,0.0,00,002744
114896,0,0,0,0,114896,0.0,00,002745
113705,0,0,0,0,113705,0.0,00,002746
115611,0,0,0,0,115611,0.0,00,002747
116164,0,0,0,0,116164,0.0,00,002748
118129,0,0,0,0,118129,0.0,00,002749
119247,0,0,0,0,119247,0.0,00,002750
119575,0,0,0,0,119575,0.0,00,002751
121024,0,0,0,0,121024,0.0,00,002752
123114,0,0,0,0,123114,0.0,00,002753
123700,0,0,0,0,123700,0.0,00,002754
122419,0,0,0,0,122419,0.0,00,002755
122667,0,0,0,0,122667,0.0,00,002756
122932,0,0,0,0,122932,0.0,00,002757
122828,0,0,0,0,122828,0.0,00,002758
122850,0,0,0,0,122850,0.0,00,002759
122485,0,0,0,0,122485,0.0,00,002760
121308,0,0,0,0,121308,0.0,00,002761
119798,0,0,0,0,119798,0.0,00,002762
117465,0,0,0,0,117465,0.0,00,002763
116317,0,0,0,0,116317,0.0,00,002764
116032,0,0,0,0,116032,0.0,00,002765
114979,0,0,0,0,114979,0.0,00,002766
114455,0,0,0,0,114455,0.0,00,002767
114850,0,0,0,0,114850,0.0,00,002768
114880,0,0,0,0,114880,0.0,00,002769
113733,0,0,0,0,113733,0.0,00,002770
113196,0,0,0,0,113196,0.0,00,002771
112992,0,0,0,0,112992,0.0,00,002772
112794,0,0,0,0,112794,0.0,00,002773
112459,0,0,0,0,112459,0.0,00,002774
113139,0,0,0,0,113139,0.0,00,002775
113961,0,0,0,0,113961,0.0,00,002776
113974,0,0,0,0,113974,0.0,00,002777
115903,0,0,0,0,115903,0.0,00,002778
117960,0,0,0,0,117960,0.0,00,002779
119650,0,0,0,0,119650,0.0,00,002780
120558,0,0,0,0,120558,0.0,00,002781
120503,0,0,0,0,120503,0.0,00,002782
120655,0,0,0,0,120655,0.0,00,002783
120656,0,0,0,0,120656,0.0,00,002784
119678,0,0,0,0,119678,0.0,00,002785
119363,0,0,0,0,119363,0.0,00,002786
118932,0,0,0,0,118932,0.0,00,002787
118516,0,0,0,0,118516,0.0,00,002788
117830,0,0,0,0,117830,0.0,00,002789
116801,0,0,0,0,116801,0.0,00,002790
115877,0,0,0,0,115877,0.0,00,002791
114527,0,0,0,0,114527,0.0,00,002792
113948,0,0,0,0,113948,0.0,00,002793
113958,0,0,0,0,113958,0.0,00,002794
115082,0,0,0,0,115082,0.0,00,002795
116265,0,0,0,0,116265,0.0,00,002796
116596,0,0,0,0,116596,0.0,00,002797
117551,0,0,0,0,117551,0.0,00,002798
117866,0,0,0,0,117866,0.0,00,002799
117949,0,0,0,0,117949,0.0,00,002800
118964,0,0,0,0,118964,0.0,00,002801
120193,0,0,0,0,120193,0.0,00,002802
121027,0,0,0,0,121027,0.0,00,002803
121054,0,0,0,0,121054,0.0,00,002804
121304,0,0,0,0,121304,0.0,00,002805
121107,0,0,0,0,121107,0.0,00,002806
120764,0,0,0,0,120764,0.0,00,002807
120891,0,0,0,0,120891,0.0,00,002808
119984,0,0,0,0,119984,0.0,00,002809
118932,0,0,0,0,118932,0.0,00,002810
118862,0,0,0,0,118862,0.0,00,002811
119786,0,0,0,0,119786,0.0,00,002812
119887,0,0,0,0,119887,0.0,00,002813
120588,0,0,0,0,120588,0.0,00,002814
121470,0,0,0,0,121470,0.0,00,002815
121931,0,0,0,0,121931,0.0,00,002816
122305,0,0,0,0,122305,0.0,00,002817
121938,0,0,0,0,121938,0.0,00,002818
121343,0,0,0,0,121343,0.0,00,002819
120583,0,0,0,0,120583,0.0,00,002820
120179,0,0,0,0,120179,0.0,00,002821
120461,0,0,0,0,120461,0.0,00,002822
120451,0,0,0,0,120451,0.0,00,002823
121265,0,0,0,0,121265,0.0,00,002824
122407,0,0,0,0,122407,0.0,00,002825
123270,0,0,0,0,123270,0.0,00,002826
123716,0,0,0,0,123716,0.0,00,002827
123641,0,0,0,0,123641,0.0,00,002828
123419,0,0,0,0,123419,0.0,00,002829
123168,0,0,0,0,123168,0.0,00,002830
122639,0,0,0,0,122639,0.0,00,002831
121994,0,0,0,0,121994,0.0,00,002832
120890,0,0,0,0,120890,0.0,00,002833
119414,0,0,0,0,119414,0.0,00,002834
118078,0,0,0,0,118078,0.0,00,002835
117345,0,0,0,0,117345,0.0,00,002836
116560,0,0,0,0,116560,0.0,00,002837
116898,0,0,0,0,116898,0.0,00,002838
117161,0,0,0,0,117161,0.0,00,002839
117367,0,0,0,0,117367,0.0,00,002840
117479,0,0,0,0,117479,0.0,00,002841
117623,0,0,0,0,117623,0.0,00,002842
117113,0,0,0,0,117113,0.0,00,002843
117013,0,0,0,0,117013,0.0,00,002844
117486,0,0,0,0,117486,0.0,00,002845
117486,0,0,0,0,117486,0.0,00,002846
117675,0,0,0,0,117675,0.0,00,002847
117934,0,0,0,0,117934,0.0,00,002848
118128,0,0,0,0,118128,0.0,00,002849
118171,0,0,0,0,118171,0.0,00,002850
118661,0,0,0,0,118661,0.0,00,002851
119125,0,0,0,0,119125,0.0,00,002852
119945,0,0,0,0,119945,0.0,00,002853
120244,0,0,0,0,120244,0.0,00,002854
120554,0,0,0,0,120554,0.0,00,002855
120704,0,0,0,0,120704,0.0,00,002856
120671,0,0,0,0,120671,0.0,00,002857
120580,0,0,0,0,120580,0.0,00,002858
120712,0,0,0,0,120712,0.0,00,002859
120910,0,0,0,0,120910,0.0,00,002860
121070,0,0,0,0,121070,0.0,00,002861
121463,0,0,0,0,121463,0.0,00,002862
121997,0,0,0,0,121997,0.0,00,002863
122462,0,0,0,0,122462,0.0,00,002864
122960,0,0,0,0,122960,0.0,00,002865
123101,0,0,0,0,123101,0.0,00,002866
123459,0,0,0,0,123459,0.0,00,002867
123607,0,0,0,0,123607,0.0,00,002868
123661,0,0,0,0,123661,0.0,00,002869
123718,0,0,0,0,123718,0.0,00,002870
123563,0,0,0,0,123563,0.0,00,002871
123123,0,0,0,0,123123,0.0,00,002872
122549,0,0,0,0,122549,0.0,00,002873
122177,0,0,0,0,122177,0.0,00,002874
121631,0,0,0,0,121631,0.0,00,002875
121030,0,0,0,0,121030,0.0,00,002876
120380,0,0,0,0,120380,0.0,00,002877
119829,0,0,0,0,119829,0.0,00,002878
119169,0,0,0,0,119169,0.0,00,002879
118606,0,0,0,0,118606,0.0,00,002880
118484,0,0,0,0,118484,0.0,00,002881
118249,0,0,0,0,118249,0.0,00,002882
117890,0,0,0,0,117890,0.0,00,002883
117894,0,0,0,0,117894,0.0,00,002884
118117,0,0,0,0,118117,0.0,00,002885
117999,0,0,0,0,117999,0.0,00,002886
118533,0,0,0,0,118533,0.0,00,002887
119067,0,0,0,0,119067,0.0,00,002888
120316,0,0,0,0,120316,0.0,00,002889
121509,0,0,0,0,121509,0.0,00,002890
122568,0,0,0,0,122568,0.0,00,002891
122450,0,0,0,0,122450,0.0,00,002892
122367,0,0,0,0,122367,0.0,00,002893
122958,0,0,0,0,122958,0.0,00,002894
123705,0,0,0,0,123705,0.0,00,002895
124517,0,0,0,0,124517,0.0,00,002896
125041,0,0,0,0,125041,0.0,00,002897
125341,0,0,0,0,125341,0.0,00,002898
125484,0,0,0,0,125484,0.0,00,002899
125653,0,0,0,0,125653,0.0,00,002900
125745,0,0,0,0,125745,0.0,00,002901
125806,0,0,0,0,125806,0.0,00,002902
126001,0,0,0,0,126001,0.0,00,002903
125996,0,0,0,0,125996,0.0,00,002904
126092,0,0,0,0,126092,0.0,00,002905
126146,0,0,0,0,126146,0.0,00,002906
126184,0,0,0,0,126184,0.0,00,002907
126118,0,0,0,0,126118,0.0,00,002908
126057,0,0,0,0,126057,0.0,00,002909
125908,0,0,0,0,125908,0.0,00,002910
125800,0,0,0,0,125800,0.0,00,002911
125585,0,0,0,0,125585,0.0,00,002912
125544,0,0,0,0,125544,0.0,00,002913
125427,0,0,0,0,125427,0.0,00,002914
124746,0,0,0,0,124746,0.0,00,002915
123688,0,0,0,0,123688,0.0,00,002916
122849,0,0,0,0,122849,0.0,00,002917
122807,0,0,0,0,122807,0.0,00,002918
122773,0,0,0,0,122773,0.0,00,002919
122771,0,0,0,0,122771,0.0,00,002920
123864,0,0,0,0,123864,0.0,00,002921
124565,0,0,0,0,124565,0.0,00,002922
125243,0,0,0,0,125243,0.0,00,002923
125576,0,0,0,0,125576,0.0,00,002924
125645,0,0,0,0,125645,0.0,00,002925
125666,0,0,0,0,125666,0.0,00,002926
125683,0,0,0,0,125683,0.0,00,002927
125795,0,0,0,0,125795,0.0,00,002928
125850,0,0,0,0,125850,0.0,00,002929
125513,0,0,0,0,125513,0.0,00,002930
124815,0,0,0,0,124815,0.0,00,002931
124240,0,0,0,0,124240,0.0,00,002932
124114,0,0,0,0,124114,0.0,00,002933
124152,0,0,0,0,124152,0.0,00,002934
124132,0,0,0,0,124132,0.0,00,002935
124080,0,0,0,0,124080,0.0,00,002936
123512,0,0,0,0,123512,0.0,00,002937
123921,0,0,0,0,123921,0.0,00,002938
123049,0,0,0,0,123049,0.0,00,002939
123216,0,0,0,0,123216,0.0,00,002940
123902,0,0,0,0,123902,0.0,00,002941
124411,0,0,0,0,124411,0.0,00,002942
124524,0,0,0,0,124524,0.0,00,002943
124413,0,0,0,0,124413,0.0,00,002944
124146,0,0,0,0,124146,0.0,00,002945
123657,0,0,0,0,123657,0.0,00,002946
123233,0,0,0,0,123233,0.0,00,002947
122575,0,0,0,0,122575,0.0,00,002948
121511,0,0,0,0,121511,0.0,00,002949
121304,0,0,0,0,121304,0.0,00,002950
120956,0,0,0,0,120956,0.0,00,002951
120555,0,0,0,0,120555,0.0,00,002952
120265,0,0,0,0,120265,0.0,00,002953
120154,0,0,0,0,120154,0.0,00,002954
119733,0,0,0,0,119733,0.0,00,002955
119738,0,0,0,0,119738,0.0,00,002956
119596,0,0,0,0,119596,0.0,00,002957
119281,0,0,0,0,119281,0.0,00,002958
119278,0,0,0,0,119278,0.0,00,002959
118922,0,0,0,0,118922,0.0,00,002960
119264,0,0,0,0,119264,0.0,00,002961
118998,0,0,0,0,118998,0.0,00,002962
117573,0,0,0,0,117573,0.0,00,002963
117377,0,0,0,0,117377,0.0,00,002964
117926,0,0,0,0,117926,0.0,00,002965
118470,0,0,0,0,118470,0.0,00,002966
118657,0,0,0,0,118657,0.0,00,002967
118974,0,0,0,0,118974,0.0,00,002968
119851,0,0,0,0,119851,0.0,00,002969
120899,0,0,0,0,120899,0.0,00,002970
121480,0,0,0,0,121480,0.0,00,002971
121907,0,0,0,0,121907,0.0,00,002972
122258,0,0,0,0,122258,0.0,00,002973
122457,0,0,0,0,122457,0.0,00,002974
122710,0,0,0,0,122710,0.0,00,002975
123099,0,0,0,0,123099,0.0,00,002976
123601,0,0,0,0,123601,0.0,00,002977
123987,0,0,0,0,123987,0.0,00,002978
124293,0,0,0,0,124293,0.0,00,002979
124510,0,0,0,0,124510,0.0,00,002980
124742,0,0,0,0,124742,0.0,00,002981
124571,0,0,0,0,124571,0.0,00,002982
124642,0,0,0,0,124642,0.0,00,002983
124695,0,0,0,0,124695,0.0,00,002984
124442,0,0,0,0,124442,0.0,00,002985
124487,0,0,0,0,124487,0.0,00,002986
124080,0,0,0,0,124080,0.0,00,002987
123791,0,0,0,0,123791,0.0,00,002988
123254,0,0,0,0,123254,0.0,00,002989
122884,0,0,0,0,122884,0.0,00,002990
122121,0,0,0,0,122121,0.0,00,002991
121643,0,0,0,0,121643,0.0,00,002992
121032,0,0,0,0,121032,0.0,00,002993
120700,0,0,0,0,120700,0.0,00,002994
120540,0,0,0,0,120540,0.0,00,002995
120211,0,0,0,0,120211,0.0,00,002996
120121,0,0,0,0,120121,0.0,00,002997
119823,0,0,0,0,119823,0.0,00,002998
119667,0,0,0,0,119667,0.0,00,002999
119066,0,0,0,0,119066,0.0,00,003000
118551,0,0,0,0,118551,0.0,00,003001
118105,0,0,0,0,118105,0.0,00,003002
117393,0,0,0,0,117393,0.0,00,003003
116752,0,0,0,0,116752,0.0,00,003004
116471,0,0,0,0,116471,0.0,00,003005
116649,0,0,0,0,116649,0.0,00,003006
117067,0,0,0,0,117067,0.0,00,003007
116756,0,0,0,0,116756,0.0,00,003008
116571,0,0,0,0,116571,0.0,00,003009
115849,0,0,0,0,115849,0.0,00,003010
115890,0,0,0,0,115890,0.0,00,003011
116739,0,0,0,0,116739,0.0,00,003012
118436,0,0,0,0,118436,0.0,00,003013
119814,0,0,0,0,119814,0.0,00,003014
120943,0,0,0,0,120943,0.0,00,003015
121335,0,0,0,0,121335,0.0,00,003016
121773,0,0,0,0,121773,0.0,00,003017
121951,0,0,0,0,121951,0.0,00,003018
122073,0,0,0,0,122073,0.0,00,003019
122291,0,0,0,0,122291,0.0,00,003020
122399,0,0,0,0,122399,0.0,00,003021
122559,0,0,0,0,122559,0.0,00,003022
122600,0,0,0,0,122600,0.0,00,003023
122567,0,0,0,0,122567,0.0,00,003024
122516,0,0,0,0,122516,0.0,00,003025
122346,0,0,0,0,122346,0.0,00,003026
122410,0,0,0,0,122410,0.0,00,003027
122799,0,0,0,0,122799,0.0,00,003028
123305,0,0,0,0,123305,0.0,00,003029
124111,0,0,0,0,124111,0.0,00,003030
124573,0,0,0,0,124573,0.0,00,003031
124757,0,0,0,0,124757,0.0,00,003032
125178,0,0,0,0,125178,0.0,00,003033
125653,0,0,0,0,125653,0.0,00,003034
125968,0,0,0,0,125968,0.0,00,003035
126112,0,0,0,0,126112,0.0,00,003036
126127,0,0,0,0,126127,0.0,00,003037
126333,0,0,0,0,126333,0.0,00,003038
126287,0,0,0,0,126287,0.0,00,003039
126348,0,0,0,0,126348,0.0,00,003040
126510,0,0,0,0,126510,0.0,00,003041
126428,0,0,0,0,126428,0.0,00,003042
126495,0,0,0,0,126495,0.0,00,003043
126389,0,0,0,0,126389,0.0,00,003044
126266,0,0,0,0,126266,0.0,00,003045
125994,0,0,0,0,125994,0.0,00,003046
125773,0,0,0,0,125773,0.0,00,003047
125115,0,0,0,0,125115,0.0,00,003048
124445,0,0,0,0,124445,0.0,00,003049
124021,0,0,0,0,124021,0.0,00,003050
123319,0,0,0,0,123319,0.0,00,003051
121508,0,0,0,0,121508,0.0,00,003052
119494,0,0,0,0,119494,0.0,00,003053
117514,0,0,0,0,117514,0.0,00,003054
115875,0,0,0,0,115875,0.0,00,003055
114185,0,0,0,0,114185,0.0,00,003056
114528,0,0,0,0,114528,0.0,00,003057
116250,0,0,0,0,116250,0.0,00,003058
117507,0,0,0,0,117507,0.0,00,003059
118495,0,0,0,0,118495,0.0,00,003060
119993,0,0,0,0,119993,0.0,00,003061
121034,0,0,0,0,121034,0.0,00,003062
122113,0,0,0,0,122113,0.0,00,003063
122441,0,0,0,0,122441,0.0,00,003064
122398,0,0,0,0,122398,0.0,00,003065
122262,0,0,0,0,122262,0.0,00,003066
121965,0,0,0,0,121965,0.0,00,003067
121412,0,0,0,0,121412,0.0,00,003068
121400,0,0,0,0,121400,0.0,00,003069
121858,0,0,0,0,121858,0.0,00,003070
121360,0,0,0,0,121360,0.0,00,003071
120061,0,0,0,0,120061,0.0,00,003072
118963,0,0,0,0,118963,0.0,00,003073
118434,0,0,0,0,118434,0.0,00,003074
116701,0,0,0,0,116701,0.0,00,003075
114669,0,0,0,0,114669,0.0,00,003076
114386,0,0,0,0,114386,0.0,00,003077
114305,0,0,0,0,114305,0.0,00,003078
114693,0,0,0,0,114693,0.0,00,003079
114986,0,0,0,0,114986,0.0,00,003080
114332,0,0,0,0,114332,0.0,00,003081
113982,0,0,0,0,113982,0.0,00,003082
114676,0,0,0,0,114676,0.0,00,003083
115701,0,0,0,0,115701,0.0,00,003084
116197,0,0,0,0,116197,0.0,00,003085
116354,0,0,0,0,116354,0.0,00,003086
116183,0,0,0,0,116183,0.0,00,003087
115645,0,0,0,0,115645,0.0,00,003088
115585,0,0,0,0,115585,0.0,00,003089
115612,0,0,0,0,115612,0.0,00,003090
115631,0,0,0,0,115631,0.0,00,003091
115755,0,0,0,0,115755,0.0,00,003092
115551,0,0,0,0,115551,0.0,00,003093
115673,0,0,0,0,115673,0.0,00,003094
115672,0,0,0,0,115672,0.0,00,003095
115959,0,0,0,0,115959,0.0,00,003096
116199,0,0,0,0,116199,0.0,00,003097
116481,0,0,0,0,116481,0.0,00,003098
116464,0,0,0,0,116464,0.0,00,003099
116604,0,0,0,0,116604,0.0,00,003100
117206,0,0,0,0,117206,0.0,00,003101
118159,0,0,0,0,118159,0.0,00,003102
119121,0,0,0,0,119121,0.0,00,003103
119942,0,0,0,0,119942,0.0,00,003104
120646,0,0,0,0,120646,0.0,00,003105
120909,0,0,0,0,120909,0.0,00,003106
121071,0,0,0,0,121071,0.0,00,003107
121418,0,0,0,0,121418,0.0,00,003108
121498,0,0,0,0,121498,0.0,00,003109
121756,0,0,0,0,121756,0.0,00,003110
121695,0,0,0,0,121695,0.0,00,003111
121771,0,0,0,0,121771,0.0,00,003112
121722,0,0,0,0,121722,0.0,00,003113
122085,0,0,0,0,122085,0.0,00,003114
122639,0,0,0,0,122639,0.0,00,003115
123406,0,0,0,0,123406,0.0,00,003116
123537,0,0,0,0,123537,0.0,00,003117
123550,0,0,0,0,123550,0.0,00,003118
122971,0,0,0,0,122971,0.0,00,003119
122580,0,0,0,0,122580,0.0,00,003120
121915,0,0,0,0,121915,0.0,00,003121
121863,0,0,0,0,121863,0.0,00,003122
121323,0,0,0,0,121323,0.0,00,003123
121065,0,0,0,0,121065,0.0,00,003124
120313,0,0,0,0,120313,0.0,00,003125
119302,0,0,0,0,119302,0.0,00,003126
118684,0,0,0,0,118684,0.0,00,003127
118479,0,0,0,0,118479,0.0,00,003128
118279,0,0,0,0,118279,0.0,00,003129
117502,0,0,0,0,117502,0.0,00,003130
117516,0,0,0,0,117516,0.0,00,003131
118646,0,0,0,0,118646,0.0,00,003132
119634,0,0,0,0,119634,0.0,00,003133
121048,0,0,0,0,121048,0.0,00,003134
122381,0,0,0,0,122381,0.0,00,003135
123465,0,0,0,0,123465,0.0,00,003136
124318,0,0,0,0,124318,0.0,00,003137
125045,0,0,0,0,125045,0.0,00,003138
125573,0,0,0,0,125573,0.0,00,003139
125885,0,0,0,0,125885,0.0,00,003140
125818,0,0,0,0,125818,0.0,00,003141
126083,0,0,0,0,126083,0.0,00,003142
125839,0,0,0,0,125839,0.0,00,003143
125395,0,0,0,0,125395,0.0,00,003144
124866,0,0,0,0,124866,0.0,00,003145
124300,0,0,0,0,124300,0.0,00,003146
123827,0,0,0,0,123827,0.0,00,003147
123228,0,0,0,0,123228,0.0,00,003148
121501,0,0,0,0,121501,0.0,00,003149
118778,0,0,0,0,118778,0.0,00,003150
116459,0,0,0,0,116459,0.0,00,003151
115268,0,0,0,0,115268,0.0,00,003152
113475,0,0,0,0,113475,0.0,00,003153
112604,0,0,0,0,112604,0.0,00,003154
114437,0,0,0,0,114437,0.0,00,003155
115828,0,0,0,0,115828,0.0,00,003156
116150,0,0,0,0,116150,0.0,00,003157
116967,0,0,0,0,116967,0.0,00,003158
117724,0,0,0,0,117724,0.0,00,003159
117206,0,0,0,0,117206,0.0,00,003160
116719,0,0,0,0,116719,0.0,00,003161
117346,0,0,0,0,117346,0.0,00,003162
117228,0,0,0,0,117228,0.0,00,003163
118965,0,0,0,0,118965,0.0,00,003164
118575,0,0,0,0,118575,0.0,00,003165
119038,0,0,0,0,119038,0.0,00,003166
119001,0,0,0,0,119001,0.0,00,003167
120800,0,0,0,0,120800,0.0,00,003168
120994,0,0,0,0,120994,0.0,00,003169
120905,0,0,0,0,120905,0.0,00,003170
120424,0,0,0,0,120424,0.0,00,003171
120356,0,0,0,0,120356,0.0,00,003172
120453,0,0,0,0,120453,0.0,00,003173
120508,0,0,0,0,120508,0.0,00,003174
120025,0,0,0,0,120025,0.0,00,003175
120381,0,0,0,0,120381,0.0,00,003176
121514,0,0,0,0,121514,0.0,00,003177
121009,0,0,0,0,121009,0.0,00,003178
122605,0,0,0,0,122605,0.0,00,003179
124769,0,0,0,0,124769,0.0,00,003180
125394,0,0,0,0,125394,0.0,00,003181
125702,0,0,0,0,125702,0.0,00,003182
126154,0,0,0,0,126154,0.0,00,003183
126401,0,0,0,0,126401,0.0,00,003184
126406,0,0,0,0,126406,0.0,00,003185
126689,0,0,0,0,126689,0.0,00,003186
126774,0,0,0,0,126774,0.0,00,003187
126722,0,0,0,0,126722,0.0,00,003188
126706,0,0,0,0,126706,0.0,00,003189
126714,0,0,0,0,126714,0.0,00,003190
126750,0,0,0,0,126750,0.0,00,003191
126679,0,0,0,0,126679,0.0,00,003192
126658,0,0,0,0,126658,0.0,00,003193
126509,0,0,0,0,126509,0.0,00,003194
126417,0,0,0,0,126417,0.0,00,003195
126307,0,0,0,0,126307,0.0,00,003196
126050,0,0,0,0,126050,0.0,00,003197
125539,0,0,0,0,125539,0.0,00,003198
125075,0,0,0,0,125075,0.0,00,003199
124630,0,0,0,0,124630,0.0,00,003200
124907,0,0,0,0,124907,0.0,00,003201
124016,0,0,0,0,124016,0.0,00,003202
122423,0,0,0,0,122423,0.0,00,003203
121856,0,0,0,0,121856,0.0,00,003204
121174,0,0,0,0,121174,0.0,00,003205
119967,0,0,0,0,119967,0.0,00,003206
117877,0,0,0,0,117877,0.0,00,003207
118185,0,0,0,0,118185,0.0,00,003208
117367,0,0,0,0,117367,0.0,00,003209
117239,0,0,0,0,117239,0.0,00,003210
119217,0,0,0,0,119217,0.0,00,003211
119555,0,0,0,0,119555,0.0,00,003212
118952,0,0,0,0,118952,0.0,00,003213
118863,0,0,0,0,118863,0.0,00,003214
118814,0,0,0,0,118814,0.0,00,003215
118618,0,0,0,0,118618,0.0,00,003216
118355,0,0,0,0,118355,0.0,00,003217
118925,0,0,0,0,118925,0.0,00,003218
119153,0,0,0,0,119153,0.0,00,003219
118979,0,0,0,0,118979,0.0,00,003220
118140,0,0,0,0,118140,0.0,00,003221
117240,0,0,0,0,117240,0.0,00,003222
114713,0,0,0,0,114713,0.0,00,003223
114189,0,0,0,0,114189,0.0,00,003224
115534,0,0,0,0,115534,0.0,00,003225
116037,0,0,0,0,116037,0.0,00,003226
114573,0,0,0,0,114573,0.0,00,003227
115017,0,0,0,0,115017,0.0,00,003228
115329,0,0,0,0,115329,0.0,00,003229
115567,0,0,0,0,115567,0.0,00,003230
117639,0,0,0,0,117639,0.0,00,003231
119684,0,0,0,0,119684,0.0,00,003232
121570,0,0,0,0,121570,0.0,00,003233
122755,0,0,0,0,122755,0.0,00,003234
122897,0,0,0,0,122897,0.0,00,003235
122516,0,0,0,0,122516,0.0,00,003236
121775,0,0,0,0,121775,0.0,00,003237
120422,0,0,0,0,120422,0.0,00,003238
118700,0,0,0,0,118700,0.0,00,003239
116982,0,0,0,0,116982,0.0,00,003240
117036,0,0,0,0,117036,0.0,00,003241
115531,0,0,0,0,115531,0.0,00,003242
109477,0,0,0,0,109477,0.0,00,003243
104337,0,0,0,0,104337,0.0,00,003244
103622,0,0,0,0,103622,0.0,00,003245
107712,0,0,0,0,107712,0.0,00,003246
110450,0,0,0,0,110450,0.0,00,003247
112562,0,0,0,0,112562,0.0,00,003248
113874,0,0,0,0,113874,0.0,00,003249
115933,0,0,0,0,115933,0.0,00,003250
117408,0,0,0,0,117408,0.0,00,003251
118843,0,0,0,0,118843,0.0,00,003252
119831,0,0,0,0,119831,0.0,00,003253
120475,0,0,0,0,120475,0.0,00,003254
120592,0,0,0,0,120592,0.0,00,003255
120341,0,0,0,0,120341,0.0,00,003256
119712,0,0,0,0,119712,0.0,00,003257
119196,0,0,0,0,119196,0.0,00,003258
118538,0,0,0,0,118538,0.0,00,003259
118054,0,0,0,0,118054,0.0,00,003260
118017,0,0,0,0,118017,0.0,00,003261
117778,0,0,0,0,117778,0.0,00,003262
118759,0,0,0,0,118759,0.0,00,003263
119443,0,0,0,0,119443,0.0,00,003264
120298,0,0,0,0,120298,0.0,00,003265
120655,0,0,0,0,120655,0.0,00,003266
120663,0,0,0,0,120663,0.0,00,003267
120252,0,0,0,0,120252,0.0,00,003268
120006,0,0,0,0,120006,0.0,00,003269
119648,0,0,0,0,119648,0.0,00,003270
119696,0,0,0,0,119696,0.0,00,003271
119629,0,0,0,0,119629,0.0,00,003272
119550,0,0,0,0,119550,0.0,00,003273
119673,0,0,0,0,119673,0.0,00,003274
119875,0,0,0,0,119875,0.0,00,003275
119946,0,0,0,0,119946,0.0,00,003276
119928,0,0,0,0,119928,0.0,00,003277
120084,0,0,0,0,120084,0.0,00,003278
120252,0,0,0,0,120252,0.0,00,003279
120331,0,0,0,0,120331,0.0,00,003280
120316,0,0,0,0,120316,0.0,00,003281
120255,0,0,0,0,120255,0.0,00,003282
119952,0,0,0,0,119952,0.0,00,003283
119628,0,0,0,0,119628,0.0,00,003284
119420,0,0,0,0,119420,0.0,00,003285
118744,0,0,0,0,118744,0.0,00,003286
117877,0,0,0,0,117877,0.0,00,003287
117036,0,0,0,0,117036,0.0,00,003288
116048,0,0,0,0,116048,0.0,00,003289
115650,0,0,0,0,115650,0.0,00,003290
115003,0,0,0,0,115003,0.0,00,003291
113750,0,0,0,0,113750,0.0,00,003292
112904,0,0,0,0,112904,0.0,00,003293
112475,0,0,0,0,112475,0.0,00,003294
112747,0,0,0,0,112747,0.0,00,003295
113255,0,0,0,0,113255,0.0,00,003296
113998,0,0,0,0,113998,0.0,00,003297
114611,0,0,0,0,114611,0.0,00,003298
115040,0,0,0,0,115040,0.0,00,003299
115160,0,0,0,0,115160,0.0,00,003300
114837,0,0,0,0,114837,0.0,00,003301
114594,0,0,0,0,114594,0.0,00,003302
115270,0,0,0,0,115270,0.0,00,003303
116195,0,0,0,0,116195,0.0,00,003304
117161,0,0,0,0,117161,0.0,00,003305
118722,0,0,0,0,118722,0.0,00,003306
119419,0,0,0,0,119419,0.0,00,003307
119927,0,0,0,0,119927,0.0,00,003308
120934,0,0,0,0,120934,0.0,00,003309
121883,0,0,0,0,121883,0.0,00,003310
122749,0,0,0,0,122749,0.0,00,003311
123356,0,0,0,0,123356,0.0,00,003312
123111,0,0,0,0,123111,0.0,00,003313
122376,0,0,0,0,122376,0.0,00,003314
121415,0,0,0,0,121415,0.0,00,003315
120591,0,0,0,0,120591,0.0,00,003316
121192,0,0,0,0,121192,0.0,00,003317
121777,0,0,0,0,121777,0.0,00,003318
122054,0,0,0,0,122054,0.0,00,003319
122488,0,0,0,0,122488,0.0,00,003320
123358,0,0,0,0,123358,0.0,00,003321
123781,0,0,0,0,123781,0.0,00,003322
123908,0,0,0,0,123908,0.0,00,003323
124361,0,0,0,0,124361,0.0,00,003324
125052,0,0,0,0,125052,0.0,00,003325
125890,0,0,0,0,125890,0.0,00,003326
126401,0,0,0,0,126401,0.0,00,003327
126925,0,0,0,0,126925,0.0,00,003328
126811,0,0,0,0,126811,0.0,00,003329
126676,0,0,0,0,126676,0.0,00,003330
126623,0,0,0,0,126623,0.0,00,003331
126479,0,0,0,0,126479,0.0,00,003332
126546,0,0,0,0,126546,0.0,00,003333
126577,0,0,0,0,126577,0.0,00,003334
126164,0,0,0,0,126164,0.0,00,003335
125889,0,0,0,0,125889,0.0,00,003336
125175,0,0,0,0,125175,0.0,00,003337
124237,0,0,0,0,124237,0.0,00,003338
124169,0,0,0,0,124169,0.0,00,003339
123887,0,0,0,0,123887,0.0,00,003340
123465,0,0,0,0,123465,0.0,00,003341
123287,0,0,0,0,123287,0.0,00,003342
122929,0,0,0,0,122929,0.0,00,003343
122624,0,0,0,0,122624,0.0,00,003344
122388,0,0,0,0,122388,0.0,00,003345
122589,0,0,0,0,122589,0.0,00,003346
122617,0,0,0,0,122617,0.0,00,003347
122933,0,0,0,0,122933,0.0,00,003348
123183,0,0,0,0,123183,0.0,00,003349
123850,0,0,0,0,123850,0.0,00,003350
124597,0,0,0,0,124597,0.0,00,003351
125171,0,0,0,0,125171,0.0,00,003352
125628,0,0,0,0,125628,0.0,00,003353
125810,0,0,0,0,125810,0.0,00,003354
125740,0,0,0,0,125740,0.0,00,003355
125673,0,0,0,0,125673,0.0,00,003356
125459,0,0,0,0,125459,0.0,00,003357
125543,0,0,0,0,125543,0.0,00,003358
125775,0,0,0,0,125775,0.0,00,003359
125438,0,0,0,0,125438,0.0,00,003360
125414,0,0,0,0,125414,0.0,00,003361
125277,0,0,0,0,125277,0.0,00,003362
125280,0,0,0,0,125280,0.0,00,003363
124788,0,0,0,0,124788,0.0,00,003364
124613,0,0,0,0,124613,0.0,00,003365
124113,0,0,0,0,124113,0.0,00,003366
123735,0,0,0,0,123735,0.0,00,003367
123538,0,0,0,0,123538,0.0,00,003368
123420,0,0,0,0,123420,0.0,00,003369
123303,0,0,0,0,123303,0.0,00,003370
123366,0,0,0,0,123366,0.0,00,003371
123607,0,0,0,0,123607,0.0,00,003372
123576,0,0,0,0,123576,0.0,00,003373
124028,0,0,0,0,124028,0.0,00,003374
124170,0,0,0,0,124170,0.0,00,003375
124046,0,0,0,0,124046,0.0,00,003376
124434,0,0,0,0,124434,0.0,00,003377
124312,0,0,0,0,124312,0.0,00,003378
124378,0,0,0,0,124378,0.0,00,003379
124367,0,0,0,0,124367,0.0,00,003380
124205,0,0,0,0,124205,0.0,00,003381
123844,0,0,0,0,123844,0.0,00,003382
124011,0,0,0,0,124011,0.0,00,003383
124125,0,0,0,0,124125,0.0,00,003384
123985,0,0,0,0,123985,0.0,00,003385
123907,0,0,0,0,123907,0.0,00,003386
123751,0,0,0,0,123751,0.0,00,003387
123861,0,0,0,0,123861,0.0,00,003388
123755,0,0,0,0,123755,0.0,00,003389
124019,0,0,0,0,124019,0.0,00,003390
123848,0,0,0,0,123848,0.0,00,003391
123542,0,0,0,0,123542,0.0,00,003392
123505,0,0,0,0,123505,0.0,00,003393
123486,0,0,0,0,123486,0.0,00,003394
123398,0,0,0,0,123398,0.0,00,003395
123539,0,0,0,0,123539,0.0,00,003396
123660,0,0,0,0,123660,0.0,00,003397
123635,0,0,0,0,123635,0.0,00,003398
123797,0,0,0,0,123797,0.0,00,003399
123891,0,0,0,0,123891,0.0,00,003400
123844,0,0,0,0,123844,0.0,00,003401
123840,0,0,0,0,123840,0.0,00,003402
123452,0,0,0,0,123452,0.0,00,003403
123078,0,0,0,0,123078,0.0,00,003404
122956,0,0,0,0,122956,0.0,00,003405
122908,0,0,0,0,122908,0.0,00,003406
122792,0,0,0,0,122792,0.0,00,003407
122538,0,0,0,0,122538,0.0,00,003408
122565,0,0,0,0,122565,0.0,00,003409
122739,0,0,0,0,122739,0.0,00,003410
122887,0,0,0,0,122887,0.0,00,003411
122634,0,0,0,0,122634,0.0,00,003412
122343,0,0,0,0,122343,0.0,00,003413
122578,0,0,0,0,122578,0.0,00,003414
122525,0,0,0,0,122525,0.0,00,003415
122732,0,0,0,0,122732,0.0,00,003416
122469,0,0,0,0,122469,0.0,00,003417
122406,0,0,0,0,122406,0.0,00,003418
122525,0,0,0,0,122525,0.0,00,003419
122411,0,0,0,0,122411,0.0,00,003420
122738,0,0,0,0,122738,0.0,00,003421
122394,0,0,0,0,122394,0.0,00,003422
122253,0,0,0,0,122253,0.0,00,003423
122288,0,0,0,0,122288,0.0,00,003424
122344,0,0,0,0,122344,0.0,00,003425
122582,0,0,0,0,122582,0.0,00,003426
122813,0,0,0,0,122813,0.0,00,003427
123069,0,0,0,0,123069,0.0,00,003428
123192,0,0,0,0,123192,0.0,00,003429
123115,0,0,0,0,123115,0.0,00,003430
123036,0,0,0,0,123036,0.0,00,003431
122921,0,0,0,0,122921,0.0,00,003432
122833,0,0,0,0,122833,0.0,00,003433
122822,0,0,0,0,122822,0.0,00,003434
122956,0,0,0,0,122956,0.0,00,003435
122784,0,0,0,0,122784,0.0,00,003436
122950,0,0,0,0,122950,0.0,00,003437
123103,0,0,0,0,123103,0.0,00,003438
122724,0,0,0,0,122724,0.0,00,003439
122341,0,0,0,0,122341,0.0,00,003440
121472,0,0,0,0,121472,0.0,00,003441
120189,0,0,0,0,120189,0.0,00,003442
118485,0,0,0,0,118485,0.0,00,003443
116622,0,0,0,0,116622,0.0,00,003444
115080,0,0,0,0,115080,0.0,00,003445
114592,0,0,0,0,114592,0.0,00,003446
114798,0,0,0,0,114798,0.0,00,003447
114036,0,0,0,0,114036,0.0,00,003448
113321,0,0,0,0,113321,0.0,00,003449
111995,0,0,0,0,111995,0.0,00,003450
112267,0,0,0,0,112267,0.0,00,003451
112841,0,0,0,0,112841,0.0,00,003452
112846,0,0,0,0,112846,0.0,00,003453
112239,0,0,0,0,112239,0.0,00,003454
112897,0,0,0,0,112897,0.0,00,003455
114303,0,0,0,0,114303,0.0,00,003456
117208,0,0,0,0,117208,0.0,00,003457
118996,0,0,0,0,118996,0.0,00,003458
118240,0,0,0,0,118240,0.0,00,003459
118694,0,0,0,0,118694,0.0,00,003460
119521,0,0,0,0,119521,0.0,00,003461
121025,0,0,0,0,121025,0.0,00,003462
122499,0,0,0,0,122499,0.0,00,003463
123680,0,0,0,0,123680,0.0,00,003464
124233,0,0,0,0,124233,0.0,00,003465
124448,0,0,0,0,124448,0.0,00,003466
124674,0,0,0,0,124674,0.0,00,003467
124601,0,0,0,0,124601,0.0,00,003468
124590,0,0,0,0,124590,0.0,00,003469
124443,0,0,0,0,124443,0.0,00,003470
123652,0,0,0,0,123652,0.0,00,003471
122375,0,0,0,0,122375,0.0,00,003472
120633,0,0,0,0,120633,0.0,00,003473
119441,0,0,0,0,119441,0.0,00,003474
119575,0,0,0,0,119575,0.0,00,003475
119094,0,0,0,0,119094,0.0,00,003476
119552,0,0,0,0,119552,0.0,00,003477
119302,0,0,0,0,119302,0.0,00,003478
118803,0,0,0,0,118803,0.0,00,003479
118697,0,0,0,0,118697,0.0,00,003480
118477,0,0,0,0,118477,0.0,00,003481
117202,0,0,0,0,117202,0.0,00,003482
115939,0,0,0,0,115939,0.0,00,003483
115368,0,0,0,0,115368,0.0,00,003484
115682,0,0,0,0,115682,0.0,00,003485
115963,0,0,0,0,115963,0.0,00,003486
115031,0,0,0,0,115031,0.0,00,003487
116538,0,0,0,0,116538,0.0,00,003488
118487,0,0,0,0,118487,0.0,00,003489
119621,0,0,0,0,119621,0.0,00,003490
120963,0,0,0,0,120963,0.0,00,003491
121721,0,0,0,0,121721,0.0,00,003492
123127,0,0,0,0,123127,0.0,00,003493
123838,0,0,0,0,123838,0.0,00,003494
124424,0,0,0,0,124424,0.0,00,003495
124236,0,0,0,0,124236,0.0,00,003496
123273,0,0,0,0,123273,0.0,00,003497
122986,0,0,0,0,122986,0.0,00,003498
122628,0,0,0,0,122628,0.0,00,003499
122588,0,0,0,0,122588,0.0,00,003500
122083,0,0,0,0,122083,0.0,00,003501
122916,0,0,0,0,122916,0.0,00,003502
123732,0,0,0,0,123732,0.0,00,003503
124401,0,0,0,0,124401,0.0,00,003504
124498,0,0,0,0,124498,0.0,00,003505
124761,0,0,0,0,124761,0.0,00,003506
124642,0,0,0,0,124642,0.0,00,003507
124351,0,0,0,0,124351,0.0,00,003508
123502,0,0,0,0,123502,0.0,00,003509
122943,0,0,0,0,122943,0.0,00,003510
122923,0,0,0,0,122923,0.0,00,003511
122576,0,0,0,0,122576,0.0,00,003512
122265,0,0,0,0,122265,0.0,00,003513
121357,0,0,0,0,121357,0.0,00,003514
120766,0,0,0,0,120766,0.0,00,003515
120602,0,0,0,0,120602,0.0,00,003516
120885,0,0,0,0,120885,0.0,00,003517
121148,0,0,0,0,121148,0.0,00,003518
121275,0,0,0,0,121275,0.0,00,003519
121370,0,0,0,0,121370,0.0,00,003520
121300,0,0,0,0,121300,0.0,00,003521
121381,0,0,0,0,121381,0.0,00,003522
121366,0,0,0,0,121366,0.0,00,003523
121303,0,0,0,0,121303,0.0,00,003524
121298,0,0,0,0,121298,0.0,00,003525
121390,0,0,0,0,121390,0.0,00,003526
121423,0,0,0,0,121423,0.0,00,003527
121423,0,0,0,0,121423,0.0,00,003528
121266,0,0,0,0,121266,0.0,00,003529
121288,0,0,0,0,121288,0.0,00,003530
121297,0,0,0,0,121297,0.0,00,003531
121295,0,0,0,0,121295,0.0,00,003532
121462,0,0,0,0,121462,0.0,00,003533
121476,0,0,0,0,121476,0.0,00,003534
121582,0,0,0,0,121582,0.0,00,003535
121606,0,0,0,0,121606,0.0,00,003536
121462,0,0,0,0,121462,0.0,00,003537
121525,0,0,0,0,121525,0.0,00,003538
121486,0,0,0,0,121486,0.0,00,003539
121300,0,0,0,0,121300,0.0,00,003540
121182,0,0,0,0,121182,0.0,00,003541
120881,0,0,0,0,120881,0.0,00,003542
120585,0,0,0,0,120585,0.0,00,003543
120165,0,0,0,0,120165,0.0,00,003544
119499,0,0,0,0,119499,0.0,00,003545
118914,0,0,0,0,118914,0.0,00,003546
118363,0,0,0,0,118363,0.0,00,003547
117640,0,0,0,0,117640,0.0,00,003548
116735,0,0,0,0,116735,0.0,00,003549
116232,0,0,0,0,116232,0.0,00,003550
115879,0,0,0,0,115879,0.0,00,003551
115528,0,0,0,0,115528,0.0,00,003552
115462,0,0,0,0,115462,0.0,00,003553
115927,0,0,0,0,115927,0.0,00,003554
116181,0,0,0,0,116181,0.0,00,003555
116089,0,0,0,0,116089,0.0,00,003556
115239,0,0,0,0,115239,0.0,00,003557
114483,0,0,0,0,114483,0.0,00,003558
113471,0,0,0,0,113471,0.0,00,003559
113075,0,0,0,0,113075,0.0,00,003560
113155,0,0,0,0,113155,0.0,00,003561
113911,0,0,0,0,113911,0.0,00,003562
115175,0,0,0,0,115175,0.0,00,003563
116559,0,0,0,0,116559,0.0,00,003564
117083,0,0,0,0,117083,0.0,00,003565
117836,0,0,0,0,117836,0.0,00,003566
118781,0,0,0,0,118781,0.0,00,003567
119598,0,0,0,0,119598,0.0,00,003568
119811,0,0,0,0,119811,0.0,00,003569
119987,0,0,0,0,119987,0.0,00,003570
120559,0,0,0,0,120559,0.0,00,003571
121115,0,0,0,0,121115,0.0,00,003572
121151,0,0,0,0,121151,0.0,00,003573
121581,0,0,0,0,121581,0.0,00,003574
121242,0,0,0,0,121242,0.0,00,003575
120794,0,0,0,0,120794,0.0,00,003576
120289,0,0,0,0,120289,0.0,00,003577
119534,0,0,0,0,119534,0.0,00,003578
119926,0,0,0,0,119926,0.0,00,003579
120836,0,0,0,0,120836,0.0,00,003580
120937,0,0,0,0,120937,0.0,00,003581
120692,0,0,0,0,120692,0.0,00,003582
118837,0,0,0,0,118837,0.0,00,003583
117767,0,0,0,0,117767,0.0,00,003584
116913,0,0,0,0,116913,0.0,00,003585
116053,0,0,0,0,116053,0.0,00,003586
115890,0,0,0,0,115890,0.0,00,003587
116820,0,0,0,0,116820,0.0,00,003588
117891,0,0,0,0,117891,0.0,00,003589
118985,0,0,0,0,118985,0.0,00,003590
118925,0,0,0,0,118925,0.0,00,003591
120145,0,0,0,0,120145,0.0,00,003592
119499,0,0,0,0,119499,0.0,00,003593
119166,0,0,0,0,119166,0.0,00,003594
118893,0,0,0,0,118893,0.0,00,003595
118502,0,0,0,0,118502,0.0,00,003596
118601,0,0,0,0,118601,0.0,00,003597
119256,0,0,0,0,119256,0.0,00,003598
119925,0,0,0,0,119925,0.0,00,003599
119736,0,0,0,0,119736,0.0,00,003600
119983,0,0,0,0,119983,0.0,00,003601
118689,0,0,0,0,118689,0.0,00,003602
117647,0,0,0,0,117647,0.0,00,003603
116642,0,0,0,0,116642,0.0,00,003604
116203,0,0,0,0,116203,0.0,00,003605
116763,0,0,0,0,116763,0.0,00,003606
118048,0,0,0,0,118048,0.0,00,003607
118769,0,0,0,0,118769,0.0,00,003608
118630,0,0,0,0,118630,0.0,00,003609
118213,0,0,0,0,118213,0.0,00,003610
117989,0,0,0,0,117989,0.0,00,003611
118073,0,0,0,0,118073,0.0,00,003612
117958,0,0,0,0,117958,0.0,00,003613
116333,0,0,0,0,116333,0.0,00,003614
114852,0,0,0,0,114852,0.0,00,003615
114913,0,0,0,0,114913,0.0,00,003616
115265,0,0,0,0,115265,0.0,00,003617
114728,0,0,0,0,114728,0.0,00,003618
115370,0,0,0,0,115370,0.0,00,003619
116945,0,0,0,0,116945,0.0,00,003620
118293,0,0,0,0,118293,0.0,00,003621
117946,0,0,0,0,117946,0.0,00,003622
117163,0,0,0,0,117163,0.0,00,003623
116901,0,0,0,0,116901,0.0,00,003624
116697,0,0,0,0,116697,0.0,00,003625
116626,0,0,0,0,116626,0.0,00,003626
117419,0,0,0,0,117419,0.0,00,003627
117227,0,0,0,0,117227,0.0,00,003628
117371,0,0,0,0,117371,0.0,00,003629
116972,0,0,0,0,116972,0.0,00,003630
117283,0,0,0,0,117283,0.0,00,003631
117439,0,0,0,0,117439,0.0,00,003632
116671,0,0,0,0,116671,0.0,00,003633
115555,0,0,0,0,115555,0.0,00,003634
114543,0,0,0,0,114543,0.0,00,003635
113996,0,0,0,0,113996,0.0,00,003636
113316,0,0,0,0,113316,0.0,00,003637
113430,0,0,0,0,113430,0.0,00,003638
113089,0,0,0,0,113089,0.0,00,003639
113395,0,0,0,0,113395,0.0,00,003640
114890,0,0,0,0,114890,0.0,00,003641
117000,0,0,0,0,117000,0.0,00,003642
119014,0,0,0,0,119014,0.0,00,003643
120454,0,0,0,0,120454,0.0,00,003644
121063,0,0,0,0,121063,0.0,00,003645
121279,0,0,0,0,121279,0.0,00,003646
121424,0,0,0,0,121424,0.0,00,003647
121677,0,0,0,0,121677,0.0,00,003648
121771,0,0,0,0,121771,0.0,00,003649
121143,0,0,0,0,121143,0.0,00,003650
120198,0,0,0,0,120198,0.0,00,003651
119478,0,0,0,0,119478,0.0,00,003652
119036,0,0,0,0,119036,0.0,00,003653
118940,0,0,0,0,118940,0.0,00,003654
118471,0,0,0,0,118471,0.0,00,003655
118364,0,0,0,0,118364,0.0,00,003656
117446,0,0,0,0,117446,0.0,00,003657
118024,0,0,0,0,118024,0.0,00,003658
118631,0,0,0,0,118631,0.0,00,003659
119545,0,0,0,0,119545,0.0,00,003660
120488,0,0,0,0,120488,0.0,00,003661
120955,0,0,0,0,120955,0.0,00,003662
121443,0,0,0,0,121443,0.0,00,003663
121838,0,0,0,0,121838,0.0,00,003664
121689,0,0,0,0,121689,0.0,00,003665
121285,0,0,0,0,121285,0.0,00,003666
120923,0,0,0,0,120923,0.0,00,003667
120204,0,0,0,0,120204,0.0,00,003668
119877,0,0,0,0,119877,0.0,00,003669
119765,0,0,0,0,119765,0.0,00,003670
119673,0,0,0,0,119673,0.0,00,003671
119593,0,0,0,0,119593,0.0,00,003672
119641,0,0,0,0,119641,0.0,00,003673
119497,0,0,0,0,119497,0.0,00,003674
119604,0,0,0,0,119604,0.0,00,003675
119605,0,0,0,0,119605,0.0,00,003676
119440,0,0,0,0,119440,0.0,00,003677
119298,0,0,0,0,119298,0.0,00,003678
119046,0,0,0,0,119046,0.0,00,003679
118819,0,0,0,0,118819,0.0,00,003680
118334,0,0,0,0,118334,0.0,00,003681
118169,0,0,0,0,118169,0.0,00,003682
117724,0,0,0,0,117724,0.0,00,003683
117463,0,0,0,0,117463,0.0,00,003684
117607,0,0,0,0,117607,0.0,00,003685
118007,0,0,0,0,118007,0.0,00,003686
118109,0,0,0,0,118109,0.0,00,003687
118206,0,0,0,0,118206,0.0,00,003688
118234,0,0,0,0,118234,0.0,00,003689
118655,0,0,0,0,118655,0.0,00,003690
118994,0,0,0,0,118994,0.0,00,003691
119244,0,0,0,0,119244,0.0,00,003692
119431,0,0,0,0,119431,0.0,00,003693
119893,0,0,0,0,119893,0.0,00,003694
120508,0,0,0,0,120508,0.0,00,003695
121697,0,0,0,0,121697,0.0,00,003696
122581,0,0,0,0,122581,0.0,00,003697
123143,0,0,0,0,123143,0.0,00,003698
123251,0,0,0,0,123251,0.0,00,003699
123254,0,0,0,0,123254,0.0,00,003700
123706,0,0,0,0,123706,0.0,00,003701
124229,0,0,0,0,124229,0.0,00,003702
124149,0,0,0,0,124149,0.0,00,003703
124115,0,0,0,0,124115,0.0,00,003704
124221,0,0,0,0,124221,0.0,00,003705
124126,0,0,0,0,124126,0.0,00,003706
123725,0,0,0,0,123725,0.0,00,003707
122813,0,0,0,0,122813,0.0,00,003708
121039,0,0,0,0,121039,0.0,00,003709
119269,0,0,0,0,119269,0.0,00,003710
118421,0,0,0,0,118421,0.0,00,003711
118305,0,0,0,0,118305,0.0,00,003712
118658,0,0,0,0,118658,0.0,00,003713
118496,0,0,0,0,118496,0.0,00,003714
117426,0,0,0,0,117426,0.0,00,003715
118047,0,0,0,0,118047,0.0,00,003716
121257,0,0,0,0,121257,0.0,00,003717
123563,0,0,0,0,123563,0.0,00,003718
123970,0,0,0,0,123970,0.0,00,003719
124260,0,0,0,0,124260,0.0,00,003720
124657,0,0,0,0,124657,0.0,00,003721
124858,0,0,0,0,124858,0.0,00,003722
124899,0,0,0,0,124899,0.0,00,003723
124739,0,0,0,0,124739,0.0,00,003724
124570,0,0,0,0,124570,0.0,00,003725
124059,0,0,0,0,124059,0.0,00,003726
123028,0,0,0,0,123028,0.0,00,003727
120774,0,0,0,0,120774,0.0,00,003728
118640,0,0,0,0,118640,0.0,00,003729
117391,0,0,0,0,117391,0.0,00,003730
115699,0,0,0,0,115699,0.0,00,003731
115908,0,0,0,0,115908,0.0,00,003732
116810,0,0,0,0,116810,0.0,00,003733
117782,0,0,0,0,117782,0.0,00,003734
118016,0,0,0,0,118016,0.0,00,003735
118438,0,0,0,0,118438,0.0,00,003736
119188,0,0,0,0,119188,0.0,00,003737
119738,0,0,0,0,119738,0.0,00,003738
120333,0,0,0,0,120333,0.0,00,003739
118811,0,0,0,0,118811,0.0,00,003740
118078,0,0,0,0,118078,0.0,00,003741
118063,0,0,0,0,118063,0.0,00,003742
118525,0,0,0,0,118525,0.0,00,003743
118985,0,0,0,0,118985,0.0,00,003744
119658,0,0,0,0,119658,0.0,00,003745
121157,0,0,0,0,121157,0.0,00,003746
122329,0,0,0,0,122329,0.0,00,003747
124093,0,0,0,0,124093,0.0,00,003748
124876,0,0,0,0,124876,0.0,00,003749
125675,0,0,0,0,125675,0.0,00,003750
126030,0,0,0,0,126030,0.0,00,003751
126332,0,0,0,0,126332,0.0,00,003752
126283,0,0,0,0,126283,0.0,00,003753
126484,0,0,0,0,126484,0.0,00,003754
126634,0,0,0,0,126634,0.0,00,003755
126644,0,0,0,0,126644,0.0,00,003756
126887,0,0,0,0,126887,0.0,00,003757
127085,0,0,0,0,127085,0.0,00,003758
127115,0,0,0,0,127115,0.0,00,003759
127153,0,0,0,0,127153,0.0,00,003760
127120,0,0,0,0,127120,0.0,00,003761
127101,0,0,0,0,127101,0.0,00,003762
127048,0,0,0,0,127048,0.0,00,003763
127001,0,0,0,0,127001,0.0,00,003764
126950,0,0,0,0,126950,0.0,00,003765
126818,0,0,0,0,126818,0.0,00,003766
126754,0,0,0,0,126754,0.0,00,003767
126547,0,0,0,0,126547,0.0,00,003768
126126,0,0,0,0,126126,0.0,00,003769
125973,0,0,0,0,125973,0.0,00,003770
125629,0,0,0,0,125629,0.0,00,003771
125038,0,0,0,0,125038,0.0,00,003772
124879,0,0,0,0,124879,0.0,00,003773
124570,0,0,0,0,124570,0.0,00,003774
124332,0,0,0,0,124332,0.0,00,003775
124130,0,0,0,0,124130,0.0,00,003776
123750,0,0,0,0,123750,0.0,00,003777
123137,0,0,0,0,123137,0.0,00,003778
122833,0,0,0,0,122833,0.0,00,003779
122858,0,0,0,0,122858,0.0,00,003780
122702,0,0,0,0,122702,0.0,00,003781
121563,0,0,0,0,121563,0.0,00,003782
120265,0,0,0,0,120265,0.0,00,003783
119411,0,0,0,0,119411,0.0,00,003784
119165,0,0,0,0,119165,0.0,00,003785
118179,0,0,0,0,118179,0.0,00,003786
117637,0,0,0,0,117637,0.0,00,003787
117630,0,0,0,0,117630,0.0,00,003788
117522,0,0,0,0,117522,0.0,00,003789
118207,0,0,0,0,118207,0.0,00,003790
118240,0,0,0,0,118240,0.0,00,003791
118051,0,0,0,0,118051,0.0,00,003792
118212,0,0,0,0,118212,0.0,00,003793
119955,0,0,0,0,119955,0.0,00,003794
121768,0,0,0,0,121768,0.0,00,003795
123649,0,0,0,0,123649,0.0,00,003796
124700,0,0,0,0,124700,0.0,00,003797
125295,0,0,0,0,125295,0.0,00,003798
125722,0,0,0,0,125722,0.0,00,003799
125915,0,0,0,0,125915,0.0,00,003800
125926,0,0,0,0,125926,0.0,00,003801
125946,0,0,0,0,125946,0.0,00,003802
125826,0,0,0,0,125826,0.0,00,003803
125799,0,0,0,0,125799,0.0,00,003804
125776,0,0,0,0,125776,0.0,00,003805
125731,0,0,0,0,125731,0.0,00,003806
125560,0,0,0,0,125560,0.0,00,003807
125081,0,0,0,0,125081,0.0,00,003808
124528,0,0,0,0,124528,0.0,00,003809
124015,0,0,0,0,124015,0.0,00,003810
123165,0,0,0,0,123165,0.0,00,003811
121899,0,0,0,0,121899,0.0,00,003812
120036,0,0,0,0,120036,0.0,00,003813
117868,0,0,0,0,117868,0.0,00,003814
115323,0,0,0,0,115323,0.0,00,003815
113451,0,0,0,0,113451,0.0,00,003816
112556,0,0,0,0,112556,0.0,00,003817
113499,0,0,0,0,113499,0.0,00,003818
113124,0,0,0,0,113124,0.0,00,003819
113535,0,0,0,0,113535,0.0,00,003820
113255,0,0,0,0,113255,0.0,00,003821
112886,0,0,0,0,112886,0.0,00,003822
112511,0,0,0,0,112511,0.0,00,003823
111829,0,0,0,0,111829,0.0,00,003824
110149,0,0,0,0,110149,0.0,00,003825
110071,0,0,0,0,110071,0.0,00,003826
110486,0,0,0,0,110486,0.0,00,003827
110477,0,0,0,0,110477,0.0,00,003828
112040,0,0,0,0,112040,0.0,00,003829
113960,0,0,0,0,113960,0.0,00,003830
115712,0,0,0,0,115712,0.0,00,003831
118606,0,0,0,0,118606,0.0,00,003832
121290,0,0,0,0,121290,0.0,00,003833
122839,0,0,0,0,122839,0.0,00,003834
123312,0,0,0,0,123312,0.0,00,003835
123734,0,0,0,0,123734,0.0,00,003836
124234,0,0,0,0,124234,0.0,00,003837
124489,0,0,0,0,124489,0.0,00,003838
124750,0,0,0,0,124750,0.0,00,003839
124351,0,0,0,0,124351,0.0,00,003840
123642,0,0,0,0,123642,0.0,00,003841
123392,0,0,0,0,123392,0.0,00,003842
122937,0,0,0,0,122937,0.0,00,003843
121642,0,0,0,0,121642,0.0,00,003844
121730,0,0,0,0,121730,0.0,00,003845
120903,0,0,0,0,120903,0.0,00,003846
119245,0,0,0,0,119245,0.0,00,003847
117263,0,0,0,0,117263,0.0,00,003848
115730,0,0,0,0,115730,0.0,00,003849
114840,0,0,0,0,114840,0.0,00,003850
113768,0,0,0,0,113768,0.0,00,003851
113162,0,0,0,0,113162,0.0,00,003852
112328,0,0,0,0,112328,0.0,00,003853
114271,0,0,0,0,114271,0.0,00,003854
115978,0,0,0,0,115978,0.0,00,003855
117056,0,0,0,0,117056,0.0,00,003856
118440,0,0,0,0,118440,0.0,00,003857
119065,0,0,0,0,119065,0.0,00,003858
120247,0,0,0,0,120247,0.0,00,003859
122021,0,0,0,0,122021,0.0,00,003860
123433,0,0,0,0,123433,0.0,00,003861
124513,0,0,0,0,124513,0.0,00,003862
124866,0,0,0,0,124866,0.0,00,003863
124548,0,0,0,0,124548,0.0,00,003864
124280,0,0,0,0,124280,0.0,00,003865
124001,0,0,0,0,124001,0.0,00,003866
123074,0,0,0,0,123074,0.0,00,003867
121121,0,0,0,0,121121,0.0,00,003868
119120,0,0,0,0,119120,0.0,00,003869
118016,0,0,0,0,118016,0.0,00,003870
114570,0,0,0,0,114570,0.0,00,003871
109932,0,0,0,0,109932,0.0,00,003872
107780,0,0,0,0,107780,0.0,00,003873
108625,0,0,0,0,108625,0.0,00,003874
111006,0,0,0,0,111006,0.0,00,003875
113016,0,0,0,0,113016,0.0,00,003876
114089,0,0,0,0,114089,0.0,00,003877
116197,0,0,0,0,116197,0.0,00,003878
117453,0,0,0,0,117453,0.0,00,003879
118744,0,0,0,0,118744,0.0,00,003880
120289,0,0,0,0,120289,0.0,00,003881
121043,0,0,0,0,121043,0.0,00,003882
120720,0,0,0,0,120720,0.0,00,003883
120067,0,0,0,0,120067,0.0,00,003884
119165,0,0,0,0,119165,0.0,00,003885
119496,0,0,0,0,119496,0.0,00,003886
119498,0,0,0,0,119498,0.0,00,003887
118825,0,0,0,0,118825,0.0,00,003888
119613,0,0,0,0,119613,0.0,00,003889
120482,0,0,0,0,120482,0.0,00,003890
120850,0,0,0,0,120850,0.0,00,003891
120025,0,0,0,0,120025,0.0,00,003892
118762,0,0,0,0,118762,0.0,00,003893
118645,0,0,0,0,118645,0.0,00,003894
119073,0,0,0,0,119073,0.0,00,003895
118323,0,0,0,0,118323,0.0,00,003896
117590,0,0,0,0,117590,0.0,00,003897
117181,0,0,0,0,117181,0.0,00,003898
117983,0,0,0,0,117983,0.0,00,003899
118899,0,0,0,0,118899,0.0,00,003900
119898,0,0,0,0,119898,0.0,00,003901
120674,0,0,0,0,120674,0.0,00,003902
120875,0,0,0,0,120875,0.0,00,003903
121134,0,0,0,0,121134,0.0,00,003904
121422,0,0,0,0,121422,0.0,00,003905
121536,0,0,0,0,121536,0.0,00,003906
121575,0,0,0,0,121575,0.0,00,003907
121489,0,0,0,0,121489,0.0,00,003908
121110,0,0,0,0,121110,0.0,00,003909
121171,0,0,0,0,121171,0.0,00,003910
121447,0,0,0,0,121447,0.0,00,003911
121736,0,0,0,0,121736,0.0,00,003912
122086,0,0,0,0,122086,0.0,00,003913
122204,0,0,0,0,122204,0.0,00,003914
122391,0,0,0,0,122391,0.0,00,003915
122510,0,0,0,0,122510,0.0,00,003916
122592,0,0,0,0,122592,0.0,00,003917
122489,0,0,0,0,122489,0.0,00,003918
122408,0,0,0,0,122408,0.0,00,003919
121900,0,0,0,0,121900,0.0,00,003920
121417,0,0,0,0,121417,0.0,00,003921
120853,0,0,0,0,120853,0.0,00,003922
120397,0,0,0,0,120397,0.0,00,003923
119977,0,0,0,0,119977,0.0,00,003924
119075,0,0,0,0,119075,0.0,00,003925
118233,0,0,0,0,118233,0.0,00,003926
117182,0,0,0,0,117182,0.0,00,003927
115797,0,0,0,0,115797,0.0,00,003928
114396,0,0,0,0,114396,0.0,00,003929
112750,0,0,0,0,112750,0.0,00,003930
111358,0,0,0,0,111358,0.0,00,003931
110082,0,0,0,0,110082,0.0,00,003932
109498,0,0,0,0,109498,0.0,00,003933
107990,0,0,0,0,107990,0.0,00,003934
106532,0,0,0,0,106532,0.0,00,003935
106196,0,0,0,0,106196,0.0,00,003936
106622,0,0,0,0,106622,0.0,00,003937
107040,0,0,0,0,107040,0.0,00,003938
107160,0,0,0,0,107160,0.0,00,003939
107712,0,0,0,0,107712,0.0,00,003940
107833,0,0,0,0,107833,0.0,00,003941
107558,0,0,0,0,107558,0.0,00,003942
107838,0,0,0,0,107838,0.0,00,003943
108726,0,0,0,0,108726,0.0,00,003944
110404,0,0,0,0,110404,0.0,00,003945
111981,0,0,0,0,111981,0.0,00,003946
113522,0,0,0,0,113522,0.0,00,003947
114887,0,0,0,0,114887,0.0,00,003948
116229,0,0,0,0,116229,0.0,00,003949
117155,0,0,0,0,117155,0.0,00,003950
117825,0,0,0,0,117825,0.0,00,003951
118909,0,0,0,0,118909,0.0,00,003952
119628,0,0,0,0,119628,0.0,00,003953
120207,0,0,0,0,120207,0.0,00,003954
120811,0,0,0,0,120811,0.0,00,003955
121371,0,0,0,0,121371,0.0,00,003956
122070,0,0,0,0,122070,0.0,00,003957
122458,0,0,0,0,122458,0.0,00,003958
122837,0,0,0,0,122837,0.0,00,003959
123043,0,0,0,0,123043,0.0,00,003960
123328,0,0,0,0,123328,0.0,00,003961
123498,0,0,0,0,123498,0.0,00,003962
123998,0,0,0,0,123998,0.0,00,003963
124196,0,0,0,0,124196,0.0,00,003964
124333,0,0,0,0,124333,0.0,00,003965
124459,0,0,0,0,124459,0.0,00,003966
124748,0,0,0,0,124748,0.0,00,003967
124969,0,0,0,0,124969,0.0,00,003968
125153,0,0,0,0,125153,0.0,00,003969
125189,0,0,0,0,125189,0.0,00,003970
125334,0,0,0,0,125334,0.0,00,003971
125346,0,0,0,0,125346,0.0,00,003972
125389,0,0,0,0,125389,0.0,00,003973
125489,0,0,0,0,125489,0.0,00,003974
125421,0,0,0,0,125421,0.0,00,003975
125443,0,0,0,0,125443,0.0,00,003976
125346,0,0,0,0,125346,0.0,00,003977
125407,0,0,0,0,125407,0.0,00,003978
125466,0,0,0,0,125466,0.0,00,003979
125583,0,0,0,0,125583,0.0,00,003980
125587,0,0,0,0,125587,0.0,00,003981
125426,0,0,0,0,125426,0.0,00,003982
125136,0,0,0,0,125136,0.0,00,003983
124838,0,0,0,0,124838,0.0,00,003984
124475,0,0,0,0,124475,0.0,00,003985
124169,0,0,0,0,124169,0.0,00,003986
124473,0,0,0,0,124473,0.0,00,003987
124448,0,0,0,0,124448,0.0,00,003988
124158,0,0,0,0,124158,0.0,00,003989
124237,0,0,0,0,124237,0.0,00,003990
124594,0,0,0,0,124594,0.0,00,003991
125008,0,0,0,0,125008,0.0,00,003992
125621,0,0,0,0,125621,0.0,00,003993
125519,0,0,0,0,125519,0.0,00,003994
125181,0,0,0,0,125181,0.0,00,003995
124895,0,0,0,0,124895,0.0,00,003996
124712,0,0,0,0,124712,0.0,00,003997
124892,0,0,0,0,124892,0.0,00,003998
125024,0,0,0,0,125024,0.0,00,003999
125528,0,0,0,0,125528,0.0,00,004000
126248,0,0,0,0,126248,0.0,00,004001
125876,0,0,0,0,125876,0.0,00,004002
125904,0,0,0,0,125904,0.0,00,004003
125824,0,0,0,0,125824,0.0,00,004004
125334,0,0,0,0,125334,0.0,00,004005
125428,0,0,0,0,125428,0.0,00,004006
125524,0,0,0,0,125524,0.0,00,004007
125538,0,0,0,0,125538,0.0,00,004008
125213,0,0,0,0,125213,0.0,00,004009
124858,0,0,0,0,124858,0.0,00,004010
124014,0,0,0,0,124014,0.0,00,004011
123128,0,0,0,0,123128,0.0,00,004012
122380,0,0,0,0,122380,0.0,00,004013
122223,0,0,0,0,122223,0.0,00,004014
121793,0,0,0,0,121793,0.0,00,004015
121432,0,0,0,0,121432,0.0,00,004016
121573,0,0,0,0,121573,0.0,00,004017
122887,0,0,0,0,122887,0.0,00,004018
123339,0,0,0,0,123339,0.0,00,004019
122880,0,0,0,0,122880,0.0,00,004020
122785,0,0,0,0,122785,0.0,00,004021
123588,0,0,0,0,123588,0.0,00,004022
124175,0,0,0,0,124175,0.0,00,004023
124524,0,0,0,0,124524,0.0,00,004024
124980,0,0,0,0,124980,0.0,00,004025
125233,0,0,0,0,125233,0.0,00,004026
124999,0,0,0,0,124999,0.0,00,004027
124817,0,0,0,0,124817,0.0,00,004028
125016,0,0,0,0,125016,0.0,00,004029
125009,0,0,0,0,125009,0.0,00,004030
124641,0,0,0,0,124641,0.0,00,004031
124499,0,0,0,0,124499,0.0,00,004032
124576,0,0,0,0,124576,0.0,00,004033
125014,0,0,0,0,125014,0.0,00,004034
125266,0,0,0,0,125266,0.0,00,004035
125171,0,0,0,0,125171,0.0,00,004036
125563,0,0,0,0,125563,0.0,00,004037
125866,0,0,0,0,125866,0.0,00,004038
126092,0,0,0,0,126092,0.0,00,004039
126422,0,0,0,0,126422,0.0,00,004040
126527,0,0,0,0,126527,0.0,00,004041
126516,0,0,0,0,126516,0.0,00,004042
126714,0,0,0,0,126714,0.0,00,004043
127042,0,0,0,0,127042,0.0,00,004044
127095,0,0,0,0,127095,0.0,00,004045
127028,0,0,0,0,127028,0.0,00,004046
127090,0,0,0,0,127090,0.0,00,004047
127088,0,0,0,0,127088,0.0,00,004048
127064,0,0,0,0,127064,0.0,00,004049
126968,0,0,0,0,126968,0.0,00,004050
126966,0,0,0,0,126966,0.0,00,004051
126851,0,0,0,0,126851,0.0,00,004052
126631,0,0,0,0,126631,0.0,00,004053
126454,0,0,0,0,126454,0.0,00,004054
126179,0,0,0,0,126179,0.0,00,004055
126046,0,0,0,0,126046,0.0,00,004056
125829,0,0,0,0,125829,0.0,00,004057
125128,0,0,0,0,125128,0.0,00,004058
124302,0,0,0,0,124302,0.0,00,004059
123796,0,0,0,0,123796,0.0,00,004060
123877,0,0,0,0,123877,0.0,00,004061
124240,0,0,0,0,124240,0.0,00,004062
124646,0,0,0,0,124646,0.0,00,004063
124402,0,0,0,0,124402,0.0,00,004064
124452,0,0,0,0,124452,0.0,00,004065
124496,0,0,0,0,124496,0.0,00,004066
124880,0,0,0,0,124880,0.0,00,004067
124653,0,0,0,0,124653,0.0,00,004068
124283,0,0,0,0,124283,0.0,00,004069
123412,0,0,0,0,123412,0.0,00,004070
122113,0,0,0,0,122113,0.0,00,004071
121173,0,0,0,0,121173,0.0,00,004072
121593,0,0,0,0,121593,0.0,00,004073
121319,0,0,0,0,121319,0.0,00,004074
121355,0,0,0,0,121355,0.0,00,004075
121533,0,0,0,0,121533,0.0,00,004076
121960,0,0,0,0,121960,0.0,00,004077
122951,0,0,0,0,122951,0.0,00,004078
123627,0,0,0,0,123627,0.0,00,004079
124700,0,0,0,0,124700,0.0,00,004080
125363,0,0,0,0,125363,0.0,00,004081
126150,0,0,0,0,126150,0.0,00,004082
126443,0,0,0,0,126443,0.0,00,004083
126700,0,0,0,0,126700,0.0,00,004084
127011,0,0,0,0,127011,0.0,00,004085
127111,0,0,0,0,127111,0.0,00,004086
127232,0,0,0,0,127232,0.0,00,004087
127260,0,0,0,0,127260,0.0,00,004088
127394,0,0,0,0,127394,0.0,00,004089
127350,0,0,0,0,127350,0.0,00,004090
127482,0,0,0,0,127482,0.0,00,004091
127432,0,0,0,0,127432,0.0,00,004092
127479,0,0,0,0,127479,0.0,00,004093
127503,0,0,0,0,127503,0.0,00,004094
127550,0,0,0,0,127550,0.0,00,004095
127518,0,0,0,0,127518,0.0,00,004096
127560,0,0,0,0,127560,0.0,00,004097
127533,0,0,0,0,127533,0.0,00,004098
127502,0,0,0,0,127502,0.0,00,004099
127626,0,0,0,0,127626,0.0,00,004100
127554,0,0,0,0,127554,0.0,00,004101
127530,0,0,0,0,127530,0.0,00,004102
127547,0,0,0,0,127547,0.0,00,004103
127489,0,0,0,0,127489,0.0,00,004104
127378,0,0,0,0,127378,0.0,00,004105
127281,0,0,0,0,127281,0.0,00,004106
127207,0,0,0,0,127207,0.0,00,004107
126770,0,0,0,0,126770,0.0,00,004108
126429,0,0,0,0,126429,0.0,00,004109
126114,0,0,0,0,126114,0.0,00,004110
125382,0,0,0,0,125382,0.0,00,004111
124663,0,0,0,0,124663,0.0,00,004112
123422,0,0,0,0,123422,0.0,00,004113
121955,0,0,0,0,121955,0.0,00,004114
120409,0,0,0,0,120409,0.0,00,004115
120280,0,0,0,0,120280,0.0,00,004116
119190,0,0,0,0,119190,0.0,00,004117
118317,0,0,0,0,118317,0.0,00,004118
118186,0,0,0,0,118186,0.0,00,004119
119571,0,0,0,0,119571,0.0,00,004120
121533,0,0,0,0,121533,0.0,00,004121
122319,0,0,0,0,122319,0.0,00,004122
123001,0,0,0,0,123001,0.0,00,004123
123756,0,0,0,0,123756,0.0,00,004124
124920,0,0,0,0,124920,0.0,00,004125
125673,0,0,0,0,125673,0.0,00,004126
126254,0,0,0,0,126254,0.0,00,004127
126632,0,0,0,0,126632,0.0,00,004128
126816,0,0,0,0,126816,0.0,00,004129
126566,0,0,0,0,126566,0.0,00,004130
126665,0,0,0,0,126665,0.0,00,004131
126610,0,0,0,0,126610,0.0,00,004132
126521,0,0,0,0,126521,0.0,00,004133
126472,0,0,0,0,126472,0.0,00,004134
126400,0,0,0,0,126400,0.0,00,004135
126102,0,0,0,0,126102,0.0,00,004136
126059,0,0,0,0,126059,0.0,00,004137
126121,0,0,0,0,126121,0.0,00,004138
126063,0,0,0,0,126063,0.0,00,004139
126008,0,0,0,0,126008,0.0,00,004140
125897,0,0,0,0,125897,0.0,00,004141
125968,0,0,0,0,125968,0.0,00,004142
125736,0,0,0,0,125736,0.0,00,004143
125412,0,0,0,0,125412,0.0,00,004144
125376,0,0,0,0,125376,0.0,00,004145
125852,0,0,0,0,125852,0.0,00,004146
125826,0,0,0,0,125826,0.0,00,004147
125457,0,0,0,0,125457,0.0,00,004148
124743,0,0,0,0,124743,0.0,00,004149
124648,0,0,0,0,124648,0.0,00,004150
124671,0,0,0,0,124671,0.0,00,004151
124954,0,0,0,0,124954,0.0,00,004152
125490,0,0,0,0,125490,0.0,00,004153
125938,0,0,0,0,125938,0.0,00,004154
126009,0,0,0,0,126009,0.0,00,004155
126095,0,0,0,0,126095,0.0,00,004156
126172,0,0,0,0,126172,0.0,00,004157
126440,0,0,0,0,126440,0.0,00,004158
126617,0,0,0,0,126617,0.0,00,004159
126965,0,0,0,0,126965,0.0,00,004160
126936,0,0,0,0,126936,0.0,00,004161
126873,0,0,0,0,126873,0.0,00,004162
126923,0,0,0,0,126923,0.0,00,004163
126951,0,0,0,0,126951,0.0,00,004164
127049,0,0,0,0,127049,0.0,00,004165
127056,0,0,0,0,127056,0.0,00,004166
127028,0,0,0,0,127028,0.0,00,004167
126964,0,0,0,0,126964,0.0,00,004168
126754,0,0,0,0,126754,0.0,00,004169
126597,0,0,0,0,126597,0.0,00,004170
126492,0,0,0,0,126492,0.0,00,004171
126302,0,0,0,0,126302,0.0,00,004172
126206,0,0,0,0,126206,0.0,00,004173
126173,0,0,0,0,126173,0.0,00,004174
126012,0,0,0,0,126012,0.0,00,004175
125846,0,0,0,0,125846,0.0,00,004176
125584,0,0,0,0,125584,0.0,00,004177
125308,0,0,0,0,125308,0.0,00,004178
125029,0,0,0,0,125029,0.0,00,004179
125066,0,0,0,0,125066,0.0,00,004180
124784,0,0,0,0,124784,0.0,00,004181
124840,0,0,0,0,124840,0.0,00,004182
124868,0,0,0,0,124868,0.0,00,004183
124891,0,0,0,0,124891,0.0,00,004184
125181,0,0,0,0,125181,0.0,00,004185
125147,0,0,0,0,125147,0.0,00,004186
125373,0,0,0,0,125373,0.0,00,004187
125657,0,0,0,0,125657,0.0,00,004188
125831,0,0,0,0,125831,0.0,00,004189
125731,0,0,0,0,125731,0.0,00,004190
125464,0,0,0,0,125464,0.0,00,004191
125308,0,0,0,0,125308,0.0,00,004192
125147,0,0,0,0,125147,0.0,00,004193
124533,0,0,0,0,124533,0.0,00,004194
123606,0,0,0,0,123606,0.0,00,004195
122874,0,0,0,0,122874,0.0,00,004196
122514,0,0,0,0,122514,0.0,00,004197
121535,0,0,0,0,121535,0.0,00,004198
120176,0,0,0,0,120176,0.0,00,004199
119900,0,0,0,0,119900,0.0,00,004200
120417,0,0,0,0,120417,0.0,00,004201
120982,0,0,0,0,120982,0.0,00,004202
121593,0,0,0,0,121593,0.0,00,004203
122151,0,0,0,0,122151,0.0,00,004204
123811,0,0,0,0,123811,0.0,00,004205
124714,0,0,0,0,124714,0.0,00,004206
125448,0,0,0,0,125448,0.0,00,004207
125918,0,0,0,0,125918,0.0,00,004208
126187,0,0,0,0,126187,0.0,00,004209
126275,0,0,0,0,126275,0.0,00,004210
126306,0,0,0,0,126306,0.0,00,004211
126189,0,0,0,0,126189,0.0,00,004212
126068,0,0,0,0,126068,0.0,00,004213
125862,0,0,0,0,125862,0.0,00,004214
125784,0,0,0,0,125784,0.0,00,004215
125718,0,0,0,0,125718,0.0,00,004216
125872,0,0,0,0,125872,0.0,00,004217
125924,0,0,0,0,125924,0.0,00,004218
125795,0,0,0,0,125795,0.0,00,004219
125548,0,0,0,0,125548,0.0,00,004220
125889,0,0,0,0,125889,0.0,00,004221
126064,0,0,0,0,126064,0.0,00,004222
126350,0,0,0,0,126350,0.0,00,004223
126559,0,0,0,0,126559,0.0,00,004224
126862,0,0,0,0,126862,0.0,00,004225
126898,0,0,0,0,126898,0.0,00,004226
127188,0,0,0,0,127188,0.0,00,004227
127200,0,0,0,0,127200,0.0,00,004228
127330,0,0,0,0,127330,0.0,00,004229
127432,0,0,0,0,127432,0.0,00,004230
127548,0,0,0,0,127548,0.0,00,004231
127578,0,0,0,0,127578,0.0,00,004232
127556,0,0,0,0,127556,0.0,00,004233
127592,0,0,0,0,127592,0.0,00,004234
127628,0,0,0,0,127628,0.0,00,004235
127541,0,0,0,0,127541,0.0,00,004236
127500,0,0,0,0,127500,0.0,00,004237
127617,0,0,0,0,127617,0.0,00,004238
127528,0,0,0,0,127528,0.0,00,004239
127464,0,0,0,0,127464,0.0,00,004240
127481,0,0,0,0,127481,0.0,00,004241
127416,0,0,0,0,127416,0.0,00,004242
127424,0,0,0,0,127424,0.0,00,004243
127363,0,0,0,0,127363,0.0,00,004244
127288,0,0,0,0,127288,0.0,00,004245
127349,0,0,0,0,127349,0.0,00,004246
127131,0,0,0,0,127131,0.0,00,004247
127211,0,0,0,0,127211,0.0,00,004248
127126,0,0,0,0,127126,0.0,00,004249
127148,0,0,0,0,127148,0.0,00,004250
127107,0,0,0,0,127107,0.0,00,004251
127100,0,0,0,0,127100,0.0,00,004252
127160,0,0,0,0,127160,0.0,00,004253
127079,0,0,0,0,127079,0.0,00,004254
127131,0,0,0,0,127131,0.0,00,004255
127047,0,0,0,0,127047,0.0,00,004256
127119,0,0,0,0,127119,0.0,00,004257
127211,0,0,0,0,127211,0.0,00,004258
127218,0,0,0,0,127218,0.0,00,004259
127101,0,0,0,0,127101,0.0,00,004260
127142,0,0,0,0,127142,0.0,00,004261
127032,0,0,0,0,127032,0.0,00,004262
127048,0,0,0,0,127048,0.0,00,004263
127079,0,0,0,0,127079,0.0,00,004264
127105,0,0,0,0,127105,0.0,00,004265
127023,0,0,0,0,127023,0.0,00,004266
126853,0,0,0,0,126853,0.0,00,004267
126892,0,0,0,0,126892,0.0,00,004268
126860,0,0,0,0,126860,0.0,00,004269
126763,0,0,0,0,126763,0.0,00,004270
126914,0,0,0,0,126914,0.0,00,004271
126875,0,0,0,0,126875,0.0,00,004272
127069,0,0,0,0,127069,0.0,00,004273
126967,0,0,0,0,126967,0.0,00,004274
127065,0,0,0,0,127065,0.0,00,004275
127063,0,0,0,0,127063,0.0,00,004276
127142,0,0,0,0,127142,0.0,00,004277
127164,0,0,0,0,127164,0.0,00,004278
127139,0,0,0,0,127139,0.0,00,004279
127190,0,0,0,0,127190,0.0,00,004280
127104,0,0,0,0,127104,0.0,00,004281
127141,0,0,0,0,127141,0.0,00,004282
127038,0,0,0,0,127038,0.0,00,004283
127014,0,0,0,0,127014,0.0,00,004284
126958,0,0,0,0,126958,0.0,00,004285
126863,0,0,0,0,126863,0.0,00,004286
126926,0,0,0,0,126926,0.0,00,004287
127005,0,0,0,0,127005,0.0,00,004288
126962,0,0,0,0,126962,0.0,00,004289
127208,0,0,0,0,127208,0.0,00,004290
126909,0,0,0,0,126909,0.0,00,004291
126863,0,0,0,0,126863,0.0,00,004292
126714,0,0,0,0,126714,0.0,00,004293
126617,0,0,0,0,126617,0.0,00,004294
126406,0,0,0,0,126406,0.0,00,004295
126066,0,0,0,0,126066,0.0,00,004296
125872,0,0,0,0,125872,0.0,00,004297
125713,0,0,0,0,125713,0.0,00,004298
125714,0,0,0,0,125714,0.0,00,004299
125813,0,0,0,0,125813,0.0,00,004300
126015,0,0,0,0,126015,0.0,00,004301
125931,0,0,0,0,125931,0.0,00,004302
126054,0,0,0,0,126054,0.0,00,004303
126149,0,0,0,0,126149,0.0,00,004304
126528,0,0,0,0,126528,0.0,00,004305
126622,0,0,0,0,126622,0.0,00,004306
126911,0,0,0,0,126911,0.0,00,004307
126979,0,0,0,0,126979,0.0,00,004308
127038,0,0,0,0,127038,0.0,00,004309
127047,0,0,0,0,127047,0.0,00,004310
127051,0,0,0,0,127051,0.0,00,004311
127063,0,0,0,0,127063,0.0,00,004312
127042,0,0,0,0,127042,0.0,00,004313
127168,0,0,0,0,127168,0.0,00,004314
127143,0,0,0,0,127143,0.0,00,004315
127155,0,0,0,0,127155,0.0,00,004316
127272,0,0,0,0,127272,0.0,00,004317
127259,0,0,0,0,127259,0.0,00,004318
127305,0,0,0,0,127305,0.0,00,004319
127278,0,0,0,0,127278,0.0,00,004320
127373,0,0,0,0,127373,0.0,00,004321
127452,0,0,0,0,127452,0.0,00,004322
127444,0,0,0,0,127444,0.0,00,004323
127466,0,0,0,0,127466,0.0,00,004324
127452,0,0,0,0,127452,0.0,00,004325
127542,0,0,0,0,127542,0.0,00,004326
127568,0,0,0,0,127568,0.0,00,004327
127555,0,0,0,0,127555,0.0,00,004328
127386,0,0,0,0,127386,0.0,00,004329
127533,0,0,0,0,127533,0.0,00,004330
127522,0,0,0,0,127522,0.0,00,004331
127574,0,0,0,0,127574,0.0,00,004332
127545,0,0,0,0,127545,0.0,00,004333
127569,0,0,0,0,127569,0.0,00,004334
127549,0,0,0,0,127549,0.0,00,004335
127517,0,0,0,0,127517,0.0,00,004336
127517,0,0,0,0,127517,0.0,00,004337
127623,0,0,0,0,127623,0.0,00,004338
127601,0,0,0,0,127601,0.0,00,004339
127581,0,0,0,0,127581,0.0,00,004340
127580,0,0,0,0,127580,0.0,00,004341
127709,0,0,0,0,127709,0.0,00,004342
127791,0,0,0,0,127791,0.0,00,004343
127755,0,0,0,0,127755,0.0,00,004344
127733,0,0,0,0,127733,0.0,00,004345
127678,0,0,0,0,127678,0.0,00,004346
127706,0,0,0,0,127706,0.0,00,004347
127680,0,0,0,0,127680,0.0,00,004348
127747,0,0,0,0,127747,0.0,00,004349
127864,0,0,0,0,127864,0.0,00,004350
127795,0,0,0,0,127795,0.0,00,004351
127686,0,0,0,0,127686,0.0,00,004352
127608,0,0,0,0,127608,0.0,00,004353
127550,0,0,0,0,127550,0.0,00,004354
127517,0,0,0,0,127517,0.0,00,004355
127509,0,0,0,0,127509,0.0,00,004356
127461,0,0,0,0,127461,0.0,00,004357
127446,0,0,0,0,127446,0.0,00,004358
127298,0,0,0,0,127298,0.0,00,004359
127342,0,0,0,0,127342,0.0,00,004360
127167,0,0,0,0,127167,0.0,00,004361
127157,0,0,0,0,127157,0.0,00,004362
127170,0,0,0,0,127170,0.0,00,004363
127133,0,0,0,0,127133,0.0,00,004364
126937,0,0,0,0,126937,0.0,00,004365
126788,0,0,0,0,126788,0.0,00,004366
126742,0,0,0,0,126742,0.0,00,004367
126627,0,0,0,0,126627,0.0,00,004368
126345,0,0,0,0,126345,0.0,00,004369
126119,0,0,0,0,126119,0.0,00,004370
125879,0,0,0,0,125879,0.0,00,004371
125380,0,0,0,0,125380,0.0,00,004372
125251,0,0,0,0,125251,0.0,00,004373
124985,0,0,0,0,124985,0.0,00,004374
124798,0,0,0,0,124798,0.0,00,004375
124773,0,0,0,0,124773,0.0,00,004376
124922,0,0,0,0,124922,0.0,00,004377
125049,0,0,0,0,125049,0.0,00,004378
124905,0,0,0,0,124905,0.0,00,004379
124712,0,0,0,0,124712,0.0,00,004380
124755,0,0,0,0,124755,0.0,00,004381
124725,0,0,0,0,124725,0.0,00,004382
124940,0,0,0,0,124940,0.0,00,004383
125021,0,0,0,0,125021,0.0,00,004384
125005,0,0,0,0,125005,0.0,00,004385
125388,0,0,0,0,125388,0.0,00,004386
125466,0,0,0,0,125466,0.0,00,004387
125615,0,0,0,0,125615,0.0,00,004388
125711,0,0,0,0,125711,0.0,00,004389
125883,0,0,0,0,125883,0.0,00,004390
126047,0,0,0,0,126047,0.0,00,004391
126258,0,0,0,0,126258,0.0,00,004392
126187,0,0,0,0,126187,0.0,00,004393
126058,0,0,0,0,126058,0.0,00,004394
126092,0,0,0,0,126092,0.0,00,004395
125961,0,0,0,0,125961,0.0,00,004396
125786,0,0,0,0,125786,0.0,00,004397
125522,0,0,0,0,125522,0.0,00,004398
125499,0,0,0,0,125499,0.0,00,004399
125382,0,0,0,0,125382,0.0,00,004400
125301,0,0,0,0,125301,0.0,00,004401
125317,0,0,0,0,125317,0.0,00,004402
125380,0,0,0,0,125380,0.0,00,004403
125483,0,0,0,0,125483,0.0,00,004404
125557,0,0,0,0,125557,0.0,00,004405
125674,0,0,0,0,125674,0.0,00,004406
125746,0,0,0,0,125746,0.0,00,004407
125795,0,0,0,0,125795,0.0,00,004408
125892,0,0,0,0,125892,0.0,00,004409
125892,0,0,0,0,125892,0.0,00,004410
125948,0,0,0,0,125948,0.0,00,004411
125814,0,0,0,0,125814,0.0,00,004412
125864,0,0,0,0,125864,0.0,00,004413
125942,0,0,0,0,125942,0.0,00,004414
125895,0,0,0,0,125895,0.0,00,004415
125827,0,0,0,0,125827,0.0,00,004416
125784,0,0,0,0,125784,0.0,00,004417
125807,0,0,0,0,125807,0.0,00,004418
125796,0,0,0,0,125796,0.0,00,004419
125688,0,0,0,0,125688,0.0,00,004420
125705,0,0,0,0,125705,0.0,00,004421
125693,0,0,0,0,125693,0.0,00,004422
125608,0,0,0,0,125608,0.0,00,004423
125650,0,0,0,0,125650,0.0,00,004424
125619,0,0,0,0,125619,0.0,00,004425
125657,0,0,0,0,125657,0.0,00,004426
125675,0,0,0,0,125675,0.0,00,004427
125640,0,0,0,0,125640,0.0,00,004428
125616,0,0,0,0,125616,0.0,00,004429
125485,0,0,0,0,125485,0.0,00,004430
125475,0,0,0,0,125475,0.0,00,004431
125461,0,0,0,0,125461,0.0,00,004432
125462,0,0,0,0,125462,0.0,00,004433
125331,0,0,0,0,125331,0.0,00,004434
125408,0,0,0,0,125408,0.0,00,004435
125442,0,0,0,0,125442,0.0,00,004436
125406,0,0,0,0,125406,0.0,00,004437
125336,0,0,0,0,125336,0.0,00,004438
125435,0,0,0,0,125435,0.0,00,004439
125422,0,0,0,0,125422,0.0,00,004440
125513,0,0,0,0,125513,0.0,00,004441
125453,0,0,0,0,125453,0.0,00,004442
125464,0,0,0,0,125464,0.0,00,004443
125427,0,0,0,0,125427,0.0,00,004444
125379,0,0,0,0,125379,0.0,00,004445
125231,0,0,0,0,125231,0.0,00,004446
125104,0,0,0,0,125104,0.0,00,004447
124867,0,0,0,0,124867,0.0,00,004448
124784,0,0,0,0,124784,0.0,00,004449
124593,0,0,0,0,124593,0.0,00,004450
124579,0,0,0,0,124579,0.0,00,004451
124417,0,0,0,0,124417,0.0,00,004452
124304,0,0,0,0,124304,0.0,00,004453
124094,0,0,0,0,124094,0.0,00,004454
123769,0,0,0,0,123769,0.0,00,004455
123088,0,0,0,0,123088,0.0,00,004456
122106,0,0,0,0,122106,0.0,00,004457
121082,0,0,0,0,121082,0.0,00,004458
120311,0,0,0,0,120311,0.0,00,004459
120091,0,0,0,0,120091,0.0,00,004460
120647,0,0,0,0,120647,0.0,00,004461
120201,0,0,0,0,120201,0.0,00,004462
119789,0,0,0,0,119789,0.0,00,004463
120039,0,0,0,0,120039,0.0,00,004464
120769,0,0,0,0,120769,0.0,00,004465
122129,0,0,0,0,122129,0.0,00,004466
123059,0,0,0,0,123059,0.0,00,004467
123723,0,0,0,0,123723,0.0,00,004468
123825,0,0,0,0,123825,0.0,00,004469
123929,0,0,0,0,123929,0.0,00,004470
123895,0,0,0,0,123895,0.0,00,004471
123261,0,0,0,0,123261,0.0,00,004472
123238,0,0,0,0,123238,0.0,00,004473
123368,0,0,0,0,123368,0.0,00,004474
123700,0,0,0,0,123700,0.0,00,004475
123894,0,0,0,0,123894,0.0,00,004476
123792,0,0,0,0,123792,0.0,00,004477
124051,0,0,0,0,124051,0.0,00,004478
124281,0,0,0,0,124281,0.0,00,004479
124218,0,0,0,0,124218,0.0,00,004480
124098,0,0,0,0,124098,0.0,00,004481
123812,0,0,0,0,123812,0.0,00,004482
123270,0,0,0,0,123270,0.0,00,004483
122787,0,0,0,0,122787,0.0,00,004484
122411,0,0,0,0,122411,0.0,00,004485
121691,0,0,0,0,121691,0.0,00,004486
121218,0,0,0,0,121218,0.0,00,004487
120841,0,0,0,0,120841,0.0,00,004488
119780,0,0,0,0,119780,0.0,00,004489
118846,0,0,0,0,118846,0.0,00,004490
117422,0,0,0,0,117422,0.0,00,004491
115604,0,0,0,0,115604,0.0,00,004492
113762,0,0,0,0,113762,0.0,00,004493
114608,0,0,0,0,114608,0.0,00,004494
116476,0,0,0,0,116476,0.0,00,004495
117687,0,0,0,0,117687,0.0,00,004496
118944,0,0,0,0,118944,0.0,00,004497
120143,0,0,0,0,120143,0.0,00,004498
121267,0,0,0,0,121267,0.0,00,004499
122378,0,0,0,0,122378,0.0,00,004500
123013,0,0,0,0,123013,0.0,00,004501
123146,0,0,0,0,123146,0.0,00,004502
123045,0,0,0,0,123045,0.0,00,004503
122653,0,0,0,0,122653,0.0,00,004504
122566,0,0,0,0,122566,0.0,00,004505
122235,0,0,0,0,122235,0.0,00,004506
121179,0,0,0,0,121179,0.0,00,004507
120902,0,0,0,0,120902,0.0,00,004508
121165,0,0,0,0,121165,0.0,00,004509
121240,0,0,0,0,121240,0.0,00,004510
120993,0,0,0,0,120993,0.0,00,004511
121179,0,0,0,0,121179,0.0,00,004512
120687,0,0,0,0,120687,0.0,00,004513
120460,0,0,0,0,120460,0.0,00,004514
120044,0,0,0,0,120044,0.0,00,004515
119292,0,0,0,0,119292,0.0,00,004516
118526,0,0,0,0,118526,0.0,00,004517
117554,0,0,0,0,117554,0.0,00,004518
116803,0,0,0,0,116803,0.0,00,004519
117000,0,0,0,0,117000,0.0,00,004520
118363,0,0,0,0,118363,0.0,00,004521
119411,0,0,0,0,119411,0.0,00,004522
119057,0,0,0,0,119057,0.0,00,004523
119745,0,0,0,0,119745,0.0,00,004524
120740,0,0,0,0,120740,0.0,00,004525
121341,0,0,0,0,121341,0.0,00,004526
121448,0,0,0,0,121448,0.0,00,004527
121907,0,0,0,0,121907,0.0,00,004528
122096,0,0,0,0,122096,0.0,00,004529
122328,0,0,0,0,122328,0.0,00,004530
122473,0,0,0,0,122473,0.0,00,004531
122674,0,0,0,0,122674,0.0,00,004532
122673,0,0,0,0,122673,0.0,00,004533
122607,0,0,0,0,122607,0.0,00,004534
122142,0,0,0,0,122142,0.0,00,004535
121525,0,0,0,0,121525,0.0,00,004536
121206,0,0,0,0,121206,0.0,00,004537
121416,0,0,0,0,121416,0.0,00,004538
121453,0,0,0,0,121453,0.0,00,004539
120879,0,0,0,0,120879,0.0,00,004540
122829,0,0,0,0,122829,0.0,01,000000
122766,0,0,0,0,122766,0.0,01,000001
122724,0,0,0,0,122724,0.0,01,000002
122780,0,0,0,0,122780,0.0,01,000003
122755,0,0,0,0,122755,0.0,01,000004
122901,0,0,0,0,122901,0.0,01,000005
122768,0,0,0,0,122768,0.0,01,000006
122826,0,0,0,0,122826,0.0,01,000007
122447,0,0,0,0,122447,0.0,01,000008
122330,0,0,0,0,122330,0.0,01,000009
122208,0,0,0,0,122208,0.0,01,000010
122044,0,0,0,0,122044,0.0,01,000011
122164,0,0,0,0,122164,0.0,01,000012
122179,0,0,0,0,122179,0.0,01,000013
122104,0,0,0,0,122104,0.0,01,000014
122230,0,0,0,0,122230,0.0,01,000015
122258,0,0,0,0,122258,0.0,01,000016
122223,0,0,0,0,122223,0.0,01,000017
122460,0,0,0,0,122460,0.0,01,000018
122383,0,0,0,0,122383,0.0,01,000019
122380,0,0,0,0,122380,0.0,01,000020
122353,0,0,0,0,122353,0.0,01,000021
122449,0,0,0,0,122449,0.0,01,000022
122574,0,0,0,0,122574,0.0,01,000023
122729,0,0,0,0,122729,0.0,01,000024
122850,0,0,0,0,122850,0.0,01,000025
122807,0,0,0,0,122807,0.0,01,000026
122986,0,0,0,0,122986,0.0,01,000027
123035,0,0,0,0,123035,0.0,01,000028
122930,0,0,0,0,122930,0.0,01,000029
122859,0,0,0,0,122859,0.0,01,000030
123000,0,0,0,0,123000,0.0,01,000031
123166,0,0,0,0,123166,0.0,01,000032
123170,0,0,0,0,123170,0.0,01,000033
123128,0,0,0,0,123128,0.0,01,000034
123037,0,0,0,0,123037,0.0,01,000035
123005,0,0,0,0,123005,0.0,01,000036
123045,0,0,0,0,123045,0.0,01,000037
122948,0,0,0,0,122948,0.0,01,000038
122833,0,0,0,0,122833,0.0,01,000039
122512,0,0,0,0,122512,0.0,01,000040
122216,0,0,0,0,122216,0.0,01,000041
122000,0,0,0,0,122000,0.0,01,000042
121735,0,0,0,0,121735,0.0,01,000043
121540,0,0,0,0,121540,0.0,01,000044
121415,0,0,0,0,121415,0.0,01,000045
121284,0,0,0,0,121284,0.0,01,000046
121071,0,0,0,0,121071,0.0,01,000047
120884,0,0,0,0,120884,0.0,01,000048
120756,0,0,0,0,120756,0.0,01,000049
120711,0,0,0,0,120711,0.0,01,000050
120714,0,0,0,0,120714,0.0,01,000051
120576,0,0,0,0,120576,0.0,01,000052
120631,0,0,0,0,120631,0.0,01,000053
120545,0,0,0,0,120545,0.0,01,000054
120665,0,0,0,0,120665,0.0,01,000055
120861,0,0,0,0,120861,0.0,01,000056
120986,0,0,0,0,120986,0.0,01,000057
121152,0,0,0,0,121152,0.0,01,000058
121471,0,0,0,0,121471,0.0,01,000059
121622,0,0,0,0,121622,0.0,01,000060
121778,0,0,0,0,121778,0.0,01,000061
122012,0,0,0,0,122012,0.0,01,000062
122145,0,0,0,0,122145,0.0,01,000063
122333,0,0,0,0,122333,0.0,01,000064
122400,0,0,0,0,122400,0.0,01,000065
122552,0,0,0,0,122552,0.0,01,000066
122546,0,0,0,0,122546,0.0,01,000067
122525,0,0,0,0,122525,0.0,01,000068
122522,0,0,0,0,122522,0.0,01,000069
122676,0,0,0,0,122676,0.0,01,000070
122836,0,0,0,0,122836,0.0,01,000071
122817,0,0,0,0,122817,0.0,01,000072
122909,0,0,0,0,122909,0.0,01,000073
122978,0,0,0,0,122978,0.0,01,000074
123141,0,0,0,0,123141,0.0,01,000075
123281,0,0,0,0,123281,0.0,01,000076
123542,0,0,0,0,123542,0.0,01,000077
123739,0,0,0,0,123739,0.0,01,000078
123820,0,0,0,0,123820,0.0,01,000079
124060,0,0,0,0,124060,0.0,01,000080
124019,0,0,0,0,124019,0.0,01,000081
124166,0,0,0,0,124166,0.0,01,000082
124253,0,0,0,0,124253,0.0,01,000083
124370,0,0,0,0,124370,0.0,01,000084
124461,0,0,0,0,124461,0.0,01,000085
124582,0,0,0,0,124582,0.0,01,000086
124702,0,0,0,0,124702,0.0,01,000087
124755,0,0,0,0,124755,0.0,01,000088
124837,0,0,0,0,124837,0.0,01,000089
124389,0,0,0,0,124389,0.0,01,000090
124828,0,0,0,0,124828,0.0,01,000091
124798,0,0,0,0,124798,0.0,01,000092
124846,0,0,0,0,124846,0.0,01,000093
124834,0,0,0,0,124834,0.0,01,000094
124816,0,0,0,0,124816,0.0,01,000095
124870,0,0,0,0,124870,0.0,01,000096
124858,0,0,0,0,124858,0.0,01,000097
124889,0,0,0,0,124889,0.0,01,000098
124855,0,0,0,0,124855,0.0,01,000099
124839,0,0,0,0,124839,0.0,01,000100
124823,0,0,0,0,124823,0.0,01,000101
124602,0,0,0,0,124602,0.0,01,000102
124615,0,0,0,0,124615,0.0,01,000103
124671,0,0,0,0,124671,0.0,01,000104
124688,0,0,0,0,124688,0.0,01,000105
124761,0,0,0,0,124761,0.0,01,000106
124713,0,0,0,0,124713,0.0,01,000107
124681,0,0,0,0,124681,0.0,01,000108
124624,0,0,0,0,124624,0.0,01,000109
124766,0,0,0,0,124766,0.0,01,000110
125044,0,0,0,0,125044,0.0,01,000111
124925,0,0,0,0,124925,0.0,01,000112
125049,0,0,0,0,125049,0.0,01,000113
125064,0,0,0,0,125064,0.0,01,000114
124986,0,0,0,0,124986,0.0,01,000115
124978,0,0,0,0,124978,0.0,01,000116
124511,0,0,0,0,124511,0.0,01,000117
124952,0,0,0,0,124952,0.0,01,000118
124893,0,0,0,0,124893,0.0,01,000119
125005,0,0,0,0,125005,0.0,01,000120
125118,0,0,0,0,125118,0.0,01,000121
125176,0,0,0,0,125176,0.0,01,000122
125258,0,0,0,0,125258,0.0,01,000123
125269,0,0,0,0,125269,0.0,01,000124
125217,0,0,0,0,125217,0.0,01,000125
125062,0,0,0,0,125062,0.0,01,000126
125109,0,0,0,0,125109,0.0,01,000127
125024,0,0,0,0,125024,0.0,01,000128
124831,0,0,0,0,124831,0.0,01,000129
124647,0,0,0,0,124647,0.0,01,000130
124599,0,0,0,0,124599,0.0,01,000131
124599,0,0,0,0,124599,0.0,01,000132
124488,0,0,0,0,124488,0.0,01,000133
124483,0,0,0,0,124483,0.0,01,000134
124376,0,0,0,0,124376,0.0,01,000135
124390,0,0,0,0,124390,0.0,01,000136
124302,0,0,0,0,124302,0.0,01,000137
124280,0,0,0,0,124280,0.0,01,000138
124177,0,0,0,0,124177,0.0,01,000139
124266,0,0,0,0,124266,0.0,01,000140
124384,0,0,0,0,124384,0.0,01,000141
124383,0,0,0,0,124383,0.0,01,000142
124352,0,0,0,0,124352,0.0,01,000143
124341,0,0,0,0,124341,0.0,01,000144
124383,0,0,0,0,124383,0.0,01,000145
124326,0,0,0,0,124326,0.0,01,000146
124146,0,0,0,0,124146,0.0,01,000147
123940,0,0,0,0,123940,0.0,01,000148
123861,0,0,0,0,123861,0.0,01,000149
123467,0,0,0,0,123467,0.0,01,000150
123232,0,0,0,0,123232,0.0,01,000151
123308,0,0,0,0,123308,0.0,01,000152
123463,0,0,0,0,123463,0.0,01,000153
123569,0,0,0,0,123569,0.0,01,000154
123585,0,0,0,0,123585,0.0,01,000155
123157,0,0,0,0,123157,0.0,01,000156
122337,0,0,0,0,122337,0.0,01,000157
122414,0,0,0,0,122414,0.0,01,000158
122361,0,0,0,0,122361,0.0,01,000159
122655,0,0,0,0,122655,0.0,01,000160
122705,0,0,0,0,122705,0.0,01,000161
122748,0,0,0,0,122748,0.0,01,000162
122800,0,0,0,0,122800,0.0,01,000163
122480,0,0,0,0,122480,0.0,01,000164
121865,0,0,0,0,121865,0.0,01,000165
122352,0,0,0,0,122352,0.0,01,000166
122589,0,0,0,0,122589,0.0,01,000167
123096,0,0,0,0,123096,0.0,01,000168
123644,0,0,0,0,123644,0.0,01,000169
123621,0,0,0,0,123621,0.0,01,000170
123483,0,0,0,0,123483,0.0,01,000171
123781,0,0,0,0,123781,0.0,01,000172
124210,0,0,0,0,124210,0.0,01,000173
124415,0,0,0,0,124415,0.0,01,000174
124413,0,0,0,0,124413,0.0,01,000175
124270,0,0,0,0,124270,0.0,01,000176
124307,0,0,0,0,124307,0.0,01,000177
124508,0,0,0,0,124508,0.0,01,000178
124529,0,0,0,0,124529,0.0,01,000179
124473,0,0,0,0,124473,0.0,01,000180
124331,0,0,0,0,124331,0.0,01,000181
124403,0,0,0,0,124403,0.0,01,000182
124335,0,0,0,0,124335,0.0,01,000183
124343,0,0,0,0,124343,0.0,01,000184
124413,0,0,0,0,124413,0.0,01,000185
123918,0,0,0,0,123918,0.0,01,000186
123692,0,0,0,0,123692,0.0,01,000187
123476,0,0,0,0,123476,0.0,01,000188
123130,0,0,0,0,123130,0.0,01,000189
122642,0,0,0,0,122642,0.0,01,000190
122069,0,0,0,0,122069,0.0,01,000191
121139,0,0,0,0,121139,0.0,01,000192
120538,0,0,0,0,120538,0.0,01,000193
120441,0,0,0,0,120441,0.0,01,000194
120502,0,0,0,0,120502,0.0,01,000195
120568,0,0,0,0,120568,0.0,01,000196
120585,0,0,0,0,120585,0.0,01,000197
120357,0,0,0,0,120357,0.0,01,000198
120185,0,0,0,0,120185,0.0,01,000199
120035,0,0,0,0,120035,0.0,01,000200
120282,0,0,0,0,120282,0.0,01,000201
120381,0,0,0,0,120381,0.0,01,000202
120200,0,0,0,0,120200,0.0,01,000203
120089,0,0,0,0,120089,0.0,01,000204
119717,0,0,0,0,119717,0.0,01,000205
119247,0,0,0,0,119247,0.0,01,000206
118102,0,0,0,0,118102,0.0,01,000207
117470,0,0,0,0,117470,0.0,01,000208
117300,0,0,0,0,117300,0.0,01,000209
116484,0,0,0,0,116484,0.0,01,000210
115560,0,0,0,0,115560,0.0,01,000211
115063,0,0,0,0,115063,0.0,01,000212
115607,0,0,0,0,115607,0.0,01,000213
115049,0,0,0,0,115049,0.0,01,000214
113986,0,0,0,0,113986,0.0,01,000215
112466,0,0,0,0,112466,0.0,01,000216
111806,0,0,0,0,111806,0.0,01,000217
111491,0,0,0,0,111491,0.0,01,000218
111270,0,0,0,0,111270,0.0,01,000219
110958,0,0,0,0,110958,0.0,01,000220
110111,0,0,0,0,110111,0.0,01,000221
109321,0,0,0,0,109321,0.0,01,000222
109391,0,0,0,0,109391,0.0,01,000223
109108,0,0,0,0,109108,0.0,01,000224
109078,0,0,0,0,109078,0.0,01,000225
108668,0,0,0,0,108668,0.0,01,000226
108052,0,0,0,0,108052,0.0,01,000227
108163,0,0,0,0,108163,0.0,01,000228
107525,0,0,0,0,107525,0.0,01,000229
107715,0,0,0,0,107715,0.0,01,000230
107761,0,0,0,0,107761,0.0,01,000231
108029,0,0,0,0,108029,0.0,01,000232
107577,0,0,0,0,107577,0.0,01,000233
107999,0,0,0,0,107999,0.0,01,000234
107592,0,0,0,0,107592,0.0,01,000235
107225,0,0,0,0,107225,0.0,01,000236
106658,0,0,0,0,106658,0.0,01,000237
106365,0,0,0,0,106365,0.0,01,000238
105827,0,0,0,0,105827,0.0,01,000239
105058,0,0,0,0,105058,0.0,01,000240
104600,0,0,0,0,104600,0.0,01,000241
104151,0,0,0,0,104151,0.0,01,000242
103442,0,0,0,0,103442,0.0,01,000243
102415,0,0,0,0,102415,0.0,01,000244
102279,0,0,0,0,102279,0.0,01,000245
101952,0,0,0,0,101952,0.0,01,000246
101516,0,0,0,0,101516,0.0,01,000247
101025,0,0,0,0,101025,0.0,01,000248
100828,0,0,0,0,100828,0.0,01,000249
100224,0,0,0,0,100224,0.0,01,000250
99666,0,0,0,0,99666,0.0,01,000251
99182,0,0,0,0,99182,0.0,01,000252
98425,0,0,0,0,98425,0.0,01,000253
98292,0,0,0,0,98292,0.0,01,000254
98944,0,0,0,0,98944,0.0,01,000255
98654,0,0,0,0,98654,0.0,01,000256
97893,0,0,0,0,97893,0.0,01,000257
96412,0,0,0,0,96412,0.0,01,000258
94871,0,0,0,0,94871,0.0,01,000259
94047,0,0,0,0,94047,0.0,01,000260
93765,0,0,0,0,93765,0.0,01,000261
93562,0,0,0,0,93562,0.0,01,000262
93304,0,0,0,0,93304,0.0,01,000263
92802,0,0,0,0,92802,0.0,01,000264
92270,0,0,0,0,92270,0.0,01,000265
92083,0,0,0,0,92083,0.0,01,000266
92003,0,0,0,0,92003,0.0,01,000267
91722,0,0,0,0,91722,0.0,01,000268
91431,0,0,0,0,91431,0.0,01,000269
91048,0,0,0,0,91048,0.0,01,000270
90778,0,0,0,0,90778,0.0,01,000271
90559,0,0,0,0,90559,0.0,01,000272
90428,0,0,0,0,90428,0.0,01,000273
90428,0,0,0,0,90428,0.0,01,000274
90526,0,0,0,0,90526,0.0,01,000275
90277,0,0,0,0,90277,0.0,01,000276
90100,0,0,0,0,90100,0.0,01,000277
90066,0,0,0,0,90066,0.0,01,000278
89890,0,0,0,0,89890,0.0,01,000279
89801,0,0,0,0,89801,0.0,01,000280
89691,0,0,0,0,89691,0.0,01,000281
89563,0,0,0,0,89563,0.0,01,000282
89292,0,0,0,0,89292,0.0,01,000283
89225,0,0,0,0,89225,0.0,01,000284
89118,0,0,0,0,89118,0.0,01,000285
88954,0,0,0,0,88954,0.0,01,000286
88638,0,0,0,0,88638,0.0,01,000287
88684,0,0,0,0,88684,0.0,01,000288
88660,0,0,0,0,88660,0.0,01,000289
88726,0,0,0,0,88726,0.0,01,000290
88733,0,0,0,0,88733,0.0,01,000291
88602,0,0,0,0,88602,0.0,01,000292
88470,0,0,0,0,88470,0.0,01,000293
88351,0,0,0,0,88351,0.0,01,000294
88327,0,0,0,0,88327,0.0,01,000295
88447,0,0,0,0,88447,0.0,01,000296
88447,0,0,0,0,88447,0.0,01,000297
88414,0,0,0,0,88414,0.0,01,000298
88152,0,0,0,0,88152,0.0,01,000299
87848,0,0,0,0,87848,0.0,01,000300
87590,0,0,0,0,87590,0.0,01,000301
87344,0,0,0,0,87344,0.0,01,000302
87517,0,0,0,0,87517,0.0,01,000303
87967,0,0,0,0,87967,0.0,01,000304
88106,0,0,0,0,88106,0.0,01,000305
88108,0,0,0,0,88108,0.0,01,000306
88108,0,0,0,0,88108,0.0,01,000307
88137,0,0,0,0,88137,0.0,01,000308
88269,0,0,0,0,88269,0.0,01,000309
87966,0,0,0,0,87966,0.0,01,000310
87904,0,0,0,0,87904,0.0,01,000311
88212,0,0,0,0,88212,0.0,01,000312
88318,0,0,0,0,88318,0.0,01,000313
88530,0,0,0,0,88530,0.0,01,000314
88521,0,0,0,0,88521,0.0,01,000315
88646,0,0,0,0,88646,0.0,01,000316
88938,0,0,0,0,88938,0.0,01,000317
89384,0,0,0,0,89384,0.0,01,000318
89561,0,0,0,0,89561,0.0,01,000319
89729,0,0,0,0,89729,0.0,01,000320
90037,0,0,0,0,90037,0.0,01,000321
90441,0,0,0,0,90441,0.0,01,000322
90599,0,0,0,0,90599,0.0,01,000323
90563,0,0,0,0,90563,0.0,01,000324
90792,0,0,0,0,90792,0.0,01,000325
90945,0,0,0,0,90945,0.0,01,000326
90936,0,0,0,0,90936,0.0,01,000327
91590,0,0,0,0,91590,0.0,01,000328
92013,0,0,0,0,92013,0.0,01,000329
92613,0,0,0,0,92613,0.0,01,000330
93122,0,0,0,0,93122,0.0,01,000331
93182,0,0,0,0,93182,0.0,01,000332
93264,0,0,0,0,93264,0.0,01,000333
93434,0,0,0,0,93434,0.0,01,000334
93590,0,0,0,0,93590,0.0,01,000335
93749,0,0,0,0,93749,0.0,01,000336
93926,0,0,0,0,93926,0.0,01,000337
94309,0,0,0,0,94309,0.0,01,000338
94939,0,0,0,0,94939,0.0,01,000339
95222,0,0,0,0,95222,0.0,01,000340
95435,0,0,0,0,95435,0.0,01,000341
95758,0,0,0,0,95758,0.0,01,000342
95862,0,0,0,0,95862,0.0,01,000343
95853,0,0,0,0,95853,0.0,01,000344
95569,0,0,0,0,95569,0.0,01,000345
95479,0,0,0,0,95479,0.0,01,000346
95317,0,0,0,0,95317,0.0,01,000347
95193,0,0,0,0,95193,0.0,01,000348
95040,0,0,0,0,95040,0.0,01,000349
94938,0,0,0,0,94938,0.0,01,000350
94845,0,0,0,0,94845,0.0,01,000351
94944,0,0,0,0,94944,0.0,01,000352
95175,0,0,0,0,95175,0.0,01,000353
95552,0,0,0,0,95552,0.0,01,000354
95507,0,0,0,0,95507,0.0,01,000355
95415,0,0,0,0,95415,0.0,01,000356
95038,0,0,0,0,95038,0.0,01,000357
94622,0,0,0,0,94622,0.0,01,000358
94191,0,0,0,0,94191,0.0,01,000359
94146,0,0,0,0,94146,0.0,01,000360
93964,0,0,0,0,93964,0.0,01,000361
94230,0,0,0,0,94230,0.0,01,000362
94241,0,0,0,0,94241,0.0,01,000363
94274,0,0,0,0,94274,0.0,01,000364
94636,0,0,0,0,94636,0.0,01,000365
95185,0,0,0,0,95185,0.0,01,000366
95720,0,0,0,0,95720,0.0,01,000367
96170,0,0,0,0,96170,0.0,01,000368
96319,0,0,0,0,96319,0.0,01,000369
96500,0,0,0,0,96500,0.0,01,000370
96158,0,0,0,0,96158,0.0,01,000371
95991,0,0,0,0,95991,0.0,01,000372
95277,0,0,0,0,95277,0.0,01,000373
95953,0,0,0,0,95953,0.0,01,000374
96044,0,0,0,0,96044,0.0,01,000375
97115,0,0,0,0,97115,0.0,01,000376
96740,0,0,0,0,96740,0.0,01,000377
96269,0,0,0,0,96269,0.0,01,000378
96000,0,0,0,0,96000,0.0,01,000379
95542,0,0,0,0,95542,0.0,01,000380
95276,0,0,0,0,95276,0.0,01,000381
95035,0,0,0,0,95035,0.0,01,000382
94739,0,0,0,0,94739,0.0,01,000383
94557,0,0,0,0,94557,0.0,01,000384
94410,0,0,0,0,94410,0.0,01,000385
93927,0,0,0,0,93927,0.0,01,000386
93825,0,0,0,0,93825,0.0,01,000387
93771,0,0,0,0,93771,0.0,01,000388
93413,0,0,0,0,93413,0.0,01,000389
93174,0,0,0,0,93174,0.0,01,000390
92824,0,0,0,0,92824,0.0,01,000391
92472,0,0,0,0,92472,0.0,01,000392
91953,0,0,0,0,91953,0.0,01,000393
91601,0,0,0,0,91601,0.0,01,000394
91705,0,0,0,0,91705,0.0,01,000395
91923,0,0,0,0,91923,0.0,01,000396
91639,0,0,0,0,91639,0.0,01,000397
91606,0,0,0,0,91606,0.0,01,000398
91494,0,0,0,0,91494,0.0,01,000399
91621,0,0,0,0,91621,0.0,01,000400
91327,0,0,0,0,91327,0.0,01,000401
91247,0,0,0,0,91247,0.0,01,000402
90914,0,0,0,0,90914,0.0,01,000403
90848,0,0,0,0,90848,0.0,01,000404
90576,0,0,0,0,90576,0.0,01,000405
90230,0,0,0,0,90230,0.0,01,000406
90097,0,0,0,0,90097,0.0,01,000407
89603,0,0,0,0,89603,0.0,01,000408
89205,0,0,0,0,89205,0.0,01,000409
89106,0,0,0,0,89106,0.0,01,000410
88731,0,0,0,0,88731,0.0,01,000411
88674,0,0,0,0,88674,0.0,01,000412
88421,0,0,0,0,88421,0.0,01,000413
88011,0,0,0,0,88011,0.0,01,000414
87441,0,0,0,0,87441,0.0,01,000415
86724,0,0,0,0,86724,0.0,01,000416
86391,0,0,0,0,86391,0.0,01,000417
85832,0,0,0,0,85832,0.0,01,000418
85346,0,0,0,0,85346,0.0,01,000419
84532,0,0,0,0,84532,0.0,01,000420
84314,0,0,0,0,84314,0.0,01,000421
84099,0,0,0,0,84099,0.0,01,000422
83760,0,0,0,0,83760,0.0,01,000423
83369,0,0,0,0,83369,0.0,01,000424
83262,0,0,0,0,83262,0.0,01,000425
83151,0,0,0,0,83151,0.0,01,000426
83137,0,0,0,0,83137,0.0,01,000427
82928,0,0,0,0,82928,0.0,01,000428
82961,0,0,0,0,82961,0.0,01,000429
82863,0,0,0,0,82863,0.0,01,000430
82999,0,0,0,0,82999,0.0,01,000431
82944,0,0,0,0,82944,0.0,01,000432
82716,0,0,0,0,82716,0.0,01,000433
82602,0,0,0,0,82602,0.0,01,000434
83081,0,0,0,0,83081,0.0,01,000435
83616,0,0,0,0,83616,0.0,01,000436
83942,0,0,0,0,83942,0.0,01,000437
84305,0,0,0,0,84305,0.0,01,000438
84542,0,0,0,0,84542,0.0,01,000439
84630,0,0,0,0,84630,0.0,01,000440
84928,0,0,0,0,84928,0.0,01,000441
85100,0,0,0,0,85100,0.0,01,000442
85515,0,0,0,0,85515,0.0,01,000443
86069,0,0,0,0,86069,0.0,01,000444
86193,0,0,0,0,86193,0.0,01,000445
86138,0,0,0,0,86138,0.0,01,000446
86214,0,0,0,0,86214,0.0,01,000447
86456,0,0,0,0,86456,0.0,01,000448
86557,0,0,0,0,86557,0.0,01,000449
86518,0,0,0,0,86518,0.0,01,000450
86647,0,0,0,0,86647,0.0,01,000451
86664,0,0,0,0,86664,0.0,01,000452
87014,0,0,0,0,87014,0.0,01,000453
87186,0,0,0,0,87186,0.0,01,000454
87324,0,0,0,0,87324,0.0,01,000455
87287,0,0,0,0,87287,0.0,01,000456
87429,0,0,0,0,87429,0.0,01,000457
87614,0,0,0,0,87614,0.0,01,000458
87943,0,0,0,0,87943,0.0,01,000459
88223,0,0,0,0,88223,0.0,01,000460
88225,0,0,0,0,88225,0.0,01,000461
88373,0,0,0,0,88373,0.0,01,000462
88649,0,0,0,0,88649,0.0,01,000463
88815,0,0,0,0,88815,0.0,01,000464
89223,0,0,0,0,89223,0.0,01,000465
89430,0,0,0,0,89430,0.0,01,000466
89901,0,0,0,0,89901,0.0,01,000467
90279,0,0,0,0,90279,0.0,01,000468
90784,0,0,0,0,90784,0.0,01,000469
91086,0,0,0,0,91086,0.0,01,000470
91637,0,0,0,0,91637,0.0,01,000471
91946,0,0,0,0,91946,0.0,01,000472
92385,0,0,0,0,92385,0.0,01,000473
92809,0,0,0,0,92809,0.0,01,000474
92982,0,0,0,0,92982,0.0,01,000475
93126,0,0,0,0,93126,0.0,01,000476
93343,0,0,0,0,93343,0.0,01,000477
93742,0,0,0,0,93742,0.0,01,000478
94017,0,0,0,0,94017,0.0,01,000479
94370,0,0,0,0,94370,0.0,01,000480
95156,0,0,0,0,95156,0.0,01,000481
96227,0,0,0,0,96227,0.0,01,000482
96524,0,0,0,0,96524,0.0,01,000483
96935,0,0,0,0,96935,0.0,01,000484
96960,0,0,0,0,96960,0.0,01,000485
96943,0,0,0,0,96943,0.0,01,000486
97085,0,0,0,0,97085,0.0,01,000487
96672,0,0,0,0,96672,0.0,01,000488
95391,0,0,0,0,95391,0.0,01,000489
94010,0,0,0,0,94010,0.0,01,000490
93599,0,0,0,0,93599,0.0,01,000491
93262,0,0,0,0,93262,0.0,01,000492
93053,0,0,0,0,93053,0.0,01,000493
92957,0,0,0,0,92957,0.0,01,000494
92768,0,0,0,0,92768,0.0,01,000495
92578,0,0,0,0,92578,0.0,01,000496
92370,0,0,0,0,92370,0.0,01,000497
92450,0,0,0,0,92450,0.0,01,000498
92404,0,0,0,0,92404,0.0,01,000499
92729,0,0,0,0,92729,0.0,01,000500
92648,0,0,0,0,92648,0.0,01,000501
92425,0,0,0,0,92425,0.0,01,000502
92268,0,0,0,0,92268,0.0,01,000503
91943,0,0,0,0,91943,0.0,01,000504
91621,0,0,0,0,91621,0.0,01,000505
91437,0,0,0,0,91437,0.0,01,000506
91455,0,0,0,0,91455,0.0,01,000507
91318,0,0,0,0,91318,0.0,01,000508
91305,0,0,0,0,91305,0.0,01,000509
91372,0,0,0,0,91372,0.0,01,000510
91419,0,0,0,0,91419,0.0,01,000511
91515,0,0,0,0,91515,0.0,01,000512
91603,0,0,0,0,91603,0.0,01,000513
91715,0,0,0,0,91715,0.0,01,000514
91791,0,0,0,0,91791,0.0,01,000515
91706,0,0,0,0,91706,0.0,01,000516
91616,0,0,0,0,91616,0.0,01,000517
91757,0,0,0,0,91757,0.0,01,000518
91944,0,0,0,0,91944,0.0,01,000519
92030,0,0,0,0,92030,0.0,01,000520
92417,0,0,0,0,92417,0.0,01,000521
92629,0,0,0,0,92629,0.0,01,000522
92741,0,0,0,0,92741,0.0,01,000523
92929,0,0,0,0,92929,0.0,01,000524
93340,0,0,0,0,93340,0.0,01,000525
93834,0,0,0,0,93834,0.0,01,000526
94268,0,0,0,0,94268,0.0,01,000527
95119,0,0,0,0,95119,0.0,01,000528
95316,0,0,0,0,95316,0.0,01,000529
95285,0,0,0,0,95285,0.0,01,000530
95673,0,0,0,0,95673,0.0,01,000531
96259,0,0,0,0,96259,0.0,01,000532
96728,0,0,0,0,96728,0.0,01,000533
97093,0,0,0,0,97093,0.0,01,000534
97475,0,0,0,0,97475,0.0,01,000535
97369,0,0,0,0,97369,0.0,01,000536
97715,0,0,0,0,97715,0.0,01,000537
97677,0,0,0,0,97677,0.0,01,000538
97907,0,0,0,0,97907,0.0,01,000539
98022,0,0,0,0,98022,0.0,01,000540
98048,0,0,0,0,98048,0.0,01,000541
97925,0,0,0,0,97925,0.0,01,000542
98042,0,0,0,0,98042,0.0,01,000543
98161,0,0,0,0,98161,0.0,01,000544
98448,0,0,0,0,98448,0.0,01,000545
98523,0,0,0,0,98523,0.0,01,000546
98669,0,0,0,0,98669,0.0,01,000547
98670,0,0,0,0,98670,0.0,01,000548
98584,0,0,0,0,98584,0.0,01,000549
98754,0,0,0,0,98754,0.0,01,000550
98435,0,0,0,0,98435,0.0,01,000551
98348,0,0,0,0,98348,0.0,01,000552
98823,0,0,0,0,98823,0.0,01,000553
99101,0,0,0,0,99101,0.0,01,000554
99286,0,0,0,0,99286,0.0,01,000555
98840,0,0,0,0,98840,0.0,01,000556
98261,0,0,0,0,98261,0.0,01,000557
98210,0,0,0,0,98210,0.0,01,000558
98590,0,0,0,0,98590,0.0,01,000559
98524,0,0,0,0,98524,0.0,01,000560
98508,0,0,0,0,98508,0.0,01,000561
98491,0,0,0,0,98491,0.0,01,000562
98438,0,0,0,0,98438,0.0,01,000563
98441,0,0,0,0,98441,0.0,01,000564
98356,0,0,0,0,98356,0.0,01,000565
98267,0,0,0,0,98267,0.0,01,000566
98533,0,0,0,0,98533,0.0,01,000567
98439,0,0,0,0,98439,0.0,01,000568
98751,0,0,0,0,98751,0.0,01,000569
98894,0,0,0,0,98894,0.0,01,000570
98910,0,0,0,0,98910,0.0,01,000571
98929,0,0,0,0,98929,0.0,01,000572
99385,0,0,0,0,99385,0.0,01,000573
99426,0,0,0,0,99426,0.0,01,000574
99850,0,0,0,0,99850,0.0,01,000575
100214,0,0,0,0,100214,0.0,01,000576
100464,0,0,0,0,100464,0.0,01,000577
100687,0,0,0,0,100687,0.0,01,000578
100780,0,0,0,0,100780,0.0,01,000579
100694,0,0,0,0,100694,0.0,01,000580
100834,0,0,0,0,100834,0.0,01,000581
100775,0,0,0,0,100775,0.0,01,000582
100913,0,0,0,0,100913,0.0,01,000583
101295,0,0,0,0,101295,0.0,01,000584
101529,0,0,0,0,101529,0.0,01,000585
101562,0,0,0,0,101562,0.0,01,000586
101755,0,0,0,0,101755,0.0,01,000587
101776,0,0,0,0,101776,0.0,01,000588
101817,0,0,0,0,101817,0.0,01,000589
101710,0,0,0,0,101710,0.0,01,000590
101830,0,0,0,0,101830,0.0,01,000591
101969,0,0,0,0,101969,0.0,01,000592
102235,0,0,0,0,102235,0.0,01,000593
102969,0,0,0,0,102969,0.0,01,000594
103294,0,0,0,0,103294,0.0,01,000595
104009,0,0,0,0,104009,0.0,01,000596
104507,0,0,0,0,104507,0.0,01,000597
104990,0,0,0,0,104990,0.0,01,000598
106587,0,0,0,0,106587,0.0,01,000599
107744,0,0,0,0,107744,0.0,01,000600
107602,0,0,0,0,107602,0.0,01,000601
108862,0,0,0,0,108862,0.0,01,000602
108693,0,0,0,0,108693,0.0,01,000603
109109,0,0,0,0,109109,0.0,01,000604
109478,0,0,0,0,109478,0.0,01,000605
109867,0,0,0,0,109867,0.0,01,000606
109888,0,0,0,0,109888,0.0,01,000607
109687,0,0,0,0,109687,0.0,01,000608
109317,0,0,0,0,109317,0.0,01,000609
108585,0,0,0,0,108585,0.0,01,000610
108415,0,0,0,0,108415,0.0,01,000611
108323,0,0,0,0,108323,0.0,01,000612
108692,0,0,0,0,108692,0.0,01,000613
108962,0,0,0,0,108962,0.0,01,000614
109235,0,0,0,0,109235,0.0,01,000615
108851,0,0,0,0,108851,0.0,01,000616
108940,0,0,0,0,108940,0.0,01,000617
109403,0,0,0,0,109403,0.0,01,000618
109439,0,0,0,0,109439,0.0,01,000619
109264,0,0,0,0,109264,0.0,01,000620
109279,0,0,0,0,109279,0.0,01,000621
109289,0,0,0,0,109289,0.0,01,000622
109176,0,0,0,0,109176,0.0,01,000623
109151,0,0,0,0,109151,0.0,01,000624
108506,0,0,0,0,108506,0.0,01,000625
107899,0,0,0,0,107899,0.0,01,000626
108268,0,0,0,0,108268,0.0,01,000627
109531,0,0,0,0,109531,0.0,01,000628
110174,0,0,0,0,110174,0.0,01,000629
110750,0,0,0,0,110750,0.0,01,000630
111571,0,0,0,0,111571,0.0,01,000631
111631,0,0,0,0,111631,0.0,01,000632
112239,0,0,0,0,112239,0.0,01,000633
112266,0,0,0,0,112266,0.0,01,000634
111854,0,0,0,0,111854,0.0,01,000635
111577,0,0,0,0,111577,0.0,01,000636
111278,0,0,0,0,111278,0.0,01,000637
111115,0,0,0,0,111115,0.0,01,000638
110913,0,0,0,0,110913,0.0,01,000639
110630,0,0,0,0,110630,0.0,01,000640
110720,0,0,0,0,110720,0.0,01,000641
110803,0,0,0,0,110803,0.0,01,000642
111113,0,0,0,0,111113,0.0,01,000643
111087,0,0,0,0,111087,0.0,01,000644
111467,0,0,0,0,111467,0.0,01,000645
111790,0,0,0,0,111790,0.0,01,000646
111586,0,0,0,0,111586,0.0,01,000647
111285,0,0,0,0,111285,0.0,01,000648
111055,0,0,0,0,111055,0.0,01,000649
111208,0,0,0,0,111208,0.0,01,000650
111512,0,0,0,0,111512,0.0,01,000651
111868,0,0,0,0,111868,0.0,01,000652
111847,0,0,0,0,111847,0.0,01,000653
112001,0,0,0,0,112001,0.0,01,000654
112196,0,0,0,0,112196,0.0,01,000655
112359,0,0,0,0,112359,0.0,01,000656
112231,0,0,0,0,112231,0.0,01,000657
111892,0,0,0,0,111892,0.0,01,000658
111910,0,0,0,0,111910,0.0,01,000659
112438,0,0,0,0,112438,0.0,01,000660
112757,0,0,0,0,112757,0.0,01,000661
113526,0,0,0,0,113526,0.0,01,000662
113669,0,0,0,0,113669,0.0,01,000663
113657,0,0,0,0,113657,0.0,01,000664
113743,0,0,0,0,113743,0.0,01,000665
113855,0,0,0,0,113855,0.0,01,000666
113706,0,0,0,0,113706,0.0,01,000667
113748,0,0,0,0,113748,0.0,01,000668
113612,0,0,0,0,113612,0.0,01,000669
113471,0,0,0,0,113471,0.0,01,000670
113416,0,0,0,0,113416,0.0,01,000671
113347,0,0,0,0,113347,0.0,01,000672
113316,0,0,0,0,113316,0.0,01,000673
113537,0,0,0,0,113537,0.0,01,000674
113778,0,0,0,0,113778,0.0,01,000675
113881,0,0,0,0,113881,0.0,01,000676
113914,0,0,0,0,113914,0.0,01,000677
113984,0,0,0,0,113984,0.0,01,000678
114045,0,0,0,0,114045,0.0,01,000679
114069,0,0,0,0,114069,0.0,01,000680
114010,0,0,0,0,114010,0.0,01,000681
114026,0,0,0,0,114026,0.0,01,000682
114055,0,0,0,0,114055,0.0,01,000683
113808,0,0,0,0,113808,0.0,01,000684
113740,0,0,0,0,113740,0.0,01,000685
113897,0,0,0,0,113897,0.0,01,000686
114195,0,0,0,0,114195,0.0,01,000687
114366,0,0,0,0,114366,0.0,01,000688
114371,0,0,0,0,114371,0.0,01,000689
114368,0,0,0,0,114368,0.0,01,000690
114332,0,0,0,0,114332,0.0,01,000691
114067,0,0,0,0,114067,0.0,01,000692
114054,0,0,0,0,114054,0.0,01,000693
114206,0,0,0,0,114206,0.0,01,000694
114134,0,0,0,0,114134,0.0,01,000695
114094,0,0,0,0,114094,0.0,01,000696
113994,0,0,0,0,113994,0.0,01,000697
113762,0,0,0,0,113762,0.0,01,000698
113398,0,0,0,0,113398,0.0,01,000699
113376,0,0,0,0,113376,0.0,01,000700
113082,0,0,0,0,113082,0.0,01,000701
112858,0,0,0,0,112858,0.0,01,000702
112800,0,0,0,0,112800,0.0,01,000703
112612,0,0,0,0,112612,0.0,01,000704
112146,0,0,0,0,112146,0.0,01,000705
111632,0,0,0,0,111632,0.0,01,000706
111450,0,0,0,0,111450,0.0,01,000707
111047,0,0,0,0,111047,0.0,01,000708
110676,0,0,0,0,110676,0.0,01,000709
109838,0,0,0,0,109838,0.0,01,000710
109407,0,0,0,0,109407,0.0,01,000711
109312,0,0,0,0,109312,0.0,01,000712
108979,0,0,0,0,108979,0.0,01,000713
108883,0,0,0,0,108883,0.0,01,000714
109258,0,0,0,0,109258,0.0,01,000715
109494,0,0,0,0,109494,0.0,01,000716
109355,0,0,0,0,109355,0.0,01,000717
108526,0,0,0,0,108526,0.0,01,000718
108354,0,0,0,0,108354,0.0,01,000719
108001,0,0,0,0,108001,0.0,01,000720
107931,0,0,0,0,107931,0.0,01,000721
107698,0,0,0,0,107698,0.0,01,000722
107761,0,0,0,0,107761,0.0,01,000723
107639,0,0,0,0,107639,0.0,01,000724
107240,0,0,0,0,107240,0.0,01,000725
106687,0,0,0,0,106687,0.0,01,000726
106356,0,0,0,0,106356,0.0,01,000727
106111,0,0,0,0,106111,0.0,01,000728
105946,0,0,0,0,105946,0.0,01,000729
105728,0,0,0,0,105728,0.0,01,000730
105260,0,0,0,0,105260,0.0,01,000731
105034,0,0,0,0,105034,0.0,01,000732
105044,0,0,0,0,105044,0.0,01,000733
104704,0,0,0,0,104704,0.0,01,000734
104467,0,0,0,0,104467,0.0,01,000735
104495,0,0,0,0,104495,0.0,01,000736
104679,0,0,0,0,104679,0.0,01,000737
104657,0,0,0,0,104657,0.0,01,000738
104490,0,0,0,0,104490,0.0,01,000739
104231,0,0,0,0,104231,0.0,01,000740
104360,0,0,0,0,104360,0.0,01,000741
104497,0,0,0,0,104497,0.0,01,000742
104341,0,0,0,0,104341,0.0,01,000743
104160,0,0,0,0,104160,0.0,01,000744
104091,0,0,0,0,104091,0.0,01,000745
103900,0,0,0,0,103900,0.0,01,000746
103638,0,0,0,0,103638,0.0,01,000747
103105,0,0,0,0,103105,0.0,01,000748
102994,0,0,0,0,102994,0.0,01,000749
103148,0,0,0,0,103148,0.0,01,000750
102921,0,0,0,0,102921,0.0,01,000751
102809,0,0,0,0,102809,0.0,01,000752
102701,0,0,0,0,102701,0.0,01,000753
102537,0,0,0,0,102537,0.0,01,000754
102432,0,0,0,0,102432,0.0,01,000755
102318,0,0,0,0,102318,0.0,01,000756
102134,0,0,0,0,102134,0.0,01,000757
102099,0,0,0,0,102099,0.0,01,000758
101828,0,0,0,0,101828,0.0,01,000759
101704,0,0,0,0,101704,0.0,01,000760
101385,0,0,0,0,101385,0.0,01,000761
101148,0,0,0,0,101148,0.0,01,000762
100995,0,0,0,0,100995,0.0,01,000763
100891,0,0,0,0,100891,0.0,01,000764
100544,0,0,0,0,100544,0.0,01,000765
100419,0,0,0,0,100419,0.0,01,000766
100189,0,0,0,0,100189,0.0,01,000767
100144,0,0,0,0,100144,0.0,01,000768
99856,0,0,0,0,99856,0.0,01,000769
99599,0,0,0,0,99599,0.0,01,000770
99173,0,0,0,0,99173,0.0,01,000771
98816,0,0,0,0,98816,0.0,01,000772
98313,0,0,0,0,98313,0.0,01,000773
97954,0,0,0,0,97954,0.0,01,000774
97228,0,0,0,0,97228,0.0,01,000775
96687,0,0,0,0,96687,0.0,01,000776
96168,0,0,0,0,96168,0.0,01,000777
95602,0,0,0,0,95602,0.0,01,000778
94941,0,0,0,0,94941,0.0,01,000779
94449,0,0,0,0,94449,0.0,01,000780
94335,0,0,0,0,94335,0.0,01,000781
94012,0,0,0,0,94012,0.0,01,000782
93931,0,0,0,0,93931,0.0,01,000783
93747,0,0,0,0,93747,0.0,01,000784
93717,0,0,0,0,93717,0.0,01,000785
93725,0,0,0,0,93725,0.0,01,000786
93433,0,0,0,0,93433,0.0,01,000787
93058,0,0,0,0,93058,0.0,01,000788
92801,0,0,0,0,92801,0.0,01,000789
92349,0,0,0,0,92349,0.0,01,000790
92074,0,0,0,0,92074,0.0,01,000791
91856,0,0,0,0,91856,0.0,01,000792
91769,0,0,0,0,91769,0.0,01,000793
91671,0,0,0,0,91671,0.0,01,000794
91527,0,0,0,0,91527,0.0,01,000795
91768,0,0,0,0,91768,0.0,01,000796
91777,0,0,0,0,91777,0.0,01,000797
91653,0,0,0,0,91653,0.0,01,000798
91477,0,0,0,0,91477,0.0,01,000799
91500,0,0,0,0,91500,0.0,01,000800
90901,0,0,0,0,90901,0.0,01,000801
90279,0,0,0,0,90279,0.0,01,000802
89880,0,0,0,0,89880,0.0,01,000803
89427,0,0,0,0,89427,0.0,01,000804
89175,0,0,0,0,89175,0.0,01,000805
88845,0,0,0,0,88845,0.0,01,000806
88282,0,0,0,0,88282,0.0,01,000807
87780,0,0,0,0,87780,0.0,01,000808
87419,0,0,0,0,87419,0.0,01,000809
87413,0,0,0,0,87413,0.0,01,000810
87216,0,0,0,0,87216,0.0,01,000811
86994,0,0,0,0,86994,0.0,01,000812
86953,0,0,0,0,86953,0.0,01,000813
86785,0,0,0,0,86785,0.0,01,000814
86736,0,0,0,0,86736,0.0,01,000815
86795,0,0,0,0,86795,0.0,01,000816
86773,0,0,0,0,86773,0.0,01,000817
86690,0,0,0,0,86690,0.0,01,000818
86800,0,0,0,0,86800,0.0,01,000819
86762,0,0,0,0,86762,0.0,01,000820
86331,0,0,0,0,86331,0.0,01,000821
86292,0,0,0,0,86292,0.0,01,000822
86433,0,0,0,0,86433,0.0,01,000823
86349,0,0,0,0,86349,0.0,01,000824
86068,0,0,0,0,86068,0.0,01,000825
86167,0,0,0,0,86167,0.0,01,000826
86157,0,0,0,0,86157,0.0,01,000827
86269,0,0,0,0,86269,0.0,01,000828
86308,0,0,0,0,86308,0.0,01,000829
86454,0,0,0,0,86454,0.0,01,000830
86979,0,0,0,0,86979,0.0,01,000831
87121,0,0,0,0,87121,0.0,01,000832
87400,0,0,0,0,87400,0.0,01,000833
87639,0,0,0,0,87639,0.0,01,000834
87893,0,0,0,0,87893,0.0,01,000835
88006,0,0,0,0,88006,0.0,01,000836
88306,0,0,0,0,88306,0.0,01,000837
88846,0,0,0,0,88846,0.0,01,000838
89098,0,0,0,0,89098,0.0,01,000839
89314,0,0,0,0,89314,0.0,01,000840
89896,0,0,0,0,89896,0.0,01,000841
90642,0,0,0,0,90642,0.0,01,000842
90846,0,0,0,0,90846,0.0,01,000843
91388,0,0,0,0,91388,0.0,01,000844
92005,0,0,0,0,92005,0.0,01,000845
92674,0,0,0,0,92674,0.0,01,000846
92420,0,0,0,0,92420,0.0,01,000847
92626,0,0,0,0,92626,0.0,01,000848
92756,0,0,0,0,92756,0.0,01,000849
92613,0,0,0,0,92613,0.0,01,000850
92794,0,0,0,0,92794,0.0,01,000851
92937,0,0,0,0,92937,0.0,01,000852
93152,0,0,0,0,93152,0.0,01,000853
93216,0,0,0,0,93216,0.0,01,000854
93361,0,0,0,0,93361,0.0,01,000855
93542,0,0,0,0,93542,0.0,01,000856
93720,0,0,0,0,93720,0.0,01,000857
93985,0,0,0,0,93985,0.0,01,000858
94054,0,0,0,0,94054,0.0,01,000859
94389,0,0,0,0,94389,0.0,01,000860
94480,0,0,0,0,94480,0.0,01,000861
94878,0,0,0,0,94878,0.0,01,000862
95162,0,0,0,0,95162,0.0,01,000863
95517,0,0,0,0,95517,0.0,01,000864
96295,0,0,0,0,96295,0.0,01,000865
96798,0,0,0,0,96798,0.0,01,000866
97360,0,0,0,0,97360,0.0,01,000867
97688,0,0,0,0,97688,0.0,01,000868
98448,0,0,0,0,98448,0.0,01,000869
99032,0,0,0,0,99032,0.0,01,000870
99292,0,0,0,0,99292,0.0,01,000871
99738,0,0,0,0,99738,0.0,01,000872
99944,0,0,0,0,99944,0.0,01,000873
100340,0,0,0,0,100340,0.0,01,000874
100673,0,0,0,0,100673,0.0,01,000875
100998,0,0,0,0,100998,0.0,01,000876
101313,0,0,0,0,101313,0.0,01,000877
101546,0,0,0,0,101546,0.0,01,000878
101975,0,0,0,0,101975,0.0,01,000879
102433,0,0,0,0,102433,0.0,01,000880
102720,0,0,0,0,102720,0.0,01,000881
102921,0,0,0,0,102921,0.0,01,000882
103201,0,0,0,0,103201,0.0,01,000883
103203,0,0,0,0,103203,0.0,01,000884
103185,0,0,0,0,103185,0.0,01,000885
103327,0,0,0,0,103327,0.0,01,000886
103680,0,0,0,0,103680,0.0,01,000887
103682,0,0,0,0,103682,0.0,01,000888
103924,0,0,0,0,103924,0.0,01,000889
103923,0,0,0,0,103923,0.0,01,000890
104089,0,0,0,0,104089,0.0,01,000891
104190,0,0,0,0,104190,0.0,01,000892
104597,0,0,0,0,104597,0.0,01,000893
104908,0,0,0,0,104908,0.0,01,000894
105217,0,0,0,0,105217,0.0,01,000895
105585,0,0,0,0,105585,0.0,01,000896
105868,0,0,0,0,105868,0.0,01,000897
106319,0,0,0,0,106319,0.0,01,000898
106554,0,0,0,0,106554,0.0,01,000899
106792,0,0,0,0,106792,0.0,01,000900
107090,0,0,0,0,107090,0.0,01,000901
107310,0,0,0,0,107310,0.0,01,000902
107429,0,0,0,0,107429,0.0,01,000903
107480,0,0,0,0,107480,0.0,01,000904
107600,0,0,0,0,107600,0.0,01,000905
107798,0,0,0,0,107798,0.0,01,000906
108113,0,0,0,0,108113,0.0,01,000907
108176,0,0,0,0,108176,0.0,01,000908
108193,0,0,0,0,108193,0.0,01,000909
108265,0,0,0,0,108265,0.0,01,000910
108578,0,0,0,0,108578,0.0,01,000911
108755,0,0,0,0,108755,0.0,01,000912
108839,0,0,0,0,108839,0.0,01,000913
109011,0,0,0,0,109011,0.0,01,000914
109271,0,0,0,0,109271,0.0,01,000915
109316,0,0,0,0,109316,0.0,01,000916
109515,0,0,0,0,109515,0.0,01,000917
109687,0,0,0,0,109687,0.0,01,000918
109977,0,0,0,0,109977,0.0,01,000919
110046,0,0,0,0,110046,0.0,01,000920
110173,0,0,0,0,110173,0.0,01,000921
110222,0,0,0,0,110222,0.0,01,000922
110407,0,0,0,0,110407,0.0,01,000923
110616,0,0,0,0,110616,0.0,01,000924
110701,0,0,0,0,110701,0.0,01,000925
110732,0,0,0,0,110732,0.0,01,000926
110910,0,0,0,0,110910,0.0,01,000927
110840,0,0,0,0,110840,0.0,01,000928
111019,0,0,0,0,111019,0.0,01,000929
111359,0,0,0,0,111359,0.0,01,000930
111530,0,0,0,0,111530,0.0,01,000931
111712,0,0,0,0,111712,0.0,01,000932
111768,0,0,0,0,111768,0.0,01,000933
111947,0,0,0,0,111947,0.0,01,000934
112192,0,0,0,0,112192,0.0,01,000935
112289,0,0,0,0,112289,0.0,01,000936
112195,0,0,0,0,112195,0.0,01,000937
112163,0,0,0,0,112163,0.0,01,000938
112154,0,0,0,0,112154,0.0,01,000939
112142,0,0,0,0,112142,0.0,01,000940
112065,0,0,0,0,112065,0.0,01,000941
111910,0,0,0,0,111910,0.0,01,000942
112036,0,0,0,0,112036,0.0,01,000943
111914,0,0,0,0,111914,0.0,01,000944
111979,0,0,0,0,111979,0.0,01,000945
111776,0,0,0,0,111776,0.0,01,000946
111734,0,0,0,0,111734,0.0,01,000947
111396,0,0,0,0,111396,0.0,01,000948
111447,0,0,0,0,111447,0.0,01,000949
111354,0,0,0,0,111354,0.0,01,000950
111135,0,0,0,0,111135,0.0,01,000951
110975,0,0,0,0,110975,0.0,01,000952
110734,0,0,0,0,110734,0.0,01,000953
110422,0,0,0,0,110422,0.0,01,000954
110174,0,0,0,0,110174,0.0,01,000955
109810,0,0,0,0,109810,0.0,01,000956
109535,0,0,0,0,109535,0.0,01,000957
109294,0,0,0,0,109294,0.0,01,000958
109197,0,0,0,0,109197,0.0,01,000959
109263,0,0,0,0,109263,0.0,01,000960
109472,0,0,0,0,109472,0.0,01,000961
109535,0,0,0,0,109535,0.0,01,000962
109615,0,0,0,0,109615,0.0,01,000963
109766,0,0,0,0,109766,0.0,01,000964
110102,0,0,0,0,110102,0.0,01,000965
110208,0,0,0,0,110208,0.0,01,000966
110625,0,0,0,0,110625,0.0,01,000967
111055,0,0,0,0,111055,0.0,01,000968
111321,0,0,0,0,111321,0.0,01,000969
111471,0,0,0,0,111471,0.0,01,000970
111759,0,0,0,0,111759,0.0,01,000971
112141,0,0,0,0,112141,0.0,01,000972
112265,0,0,0,0,112265,0.0,01,000973
112508,0,0,0,0,112508,0.0,01,000974
112467,0,0,0,0,112467,0.0,01,000975
112512,0,0,0,0,112512,0.0,01,000976
112817,0,0,0,0,112817,0.0,01,000977
113153,0,0,0,0,113153,0.0,01,000978
113269,0,0,0,0,113269,0.0,01,000979
113469,0,0,0,0,113469,0.0,01,000980
113583,0,0,0,0,113583,0.0,01,000981
113619,0,0,0,0,113619,0.0,01,000982
113873,0,0,0,0,113873,0.0,01,000983
114063,0,0,0,0,114063,0.0,01,000984
114396,0,0,0,0,114396,0.0,01,000985
114788,0,0,0,0,114788,0.0,01,000986
115317,0,0,0,0,115317,0.0,01,000987
115653,0,0,0,0,115653,0.0,01,000988
115945,0,0,0,0,115945,0.0,01,000989
116310,0,0,0,0,116310,0.0,01,000990
116550,0,0,0,0,116550,0.0,01,000991
116708,0,0,0,0,116708,0.0,01,000992
116706,0,0,0,0,116706,0.0,01,000993
116920,0,0,0,0,116920,0.0,01,000994
117057,0,0,0,0,117057,0.0,01,000995
117183,0,0,0,0,117183,0.0,01,000996
117183,0,0,0,0,117183,0.0,01,000997
117379,0,0,0,0,117379,0.0,01,000998
117396,0,0,0,0,117396,0.0,01,000999
117510,0,0,0,0,117510,0.0,01,001000
117522,0,0,0,0,117522,0.0,01,001001
117497,0,0,0,0,117497,0.0,01,001002
117503,0,0,0,0,117503,0.0,01,001003
117164,0,0,0,0,117164,0.0,01,001004
117124,0,0,0,0,117124,0.0,01,001005
117127,0,0,0,0,117127,0.0,01,001006
117351,0,0,0,0,117351,0.0,01,001007
117418,0,0,0,0,117418,0.0,01,001008
117471,0,0,0,0,117471,0.0,01,001009
117409,0,0,0,0,117409,0.0,01,001010
117363,0,0,0,0,117363,0.0,01,001011
117365,0,0,0,0,117365,0.0,01,001012
117351,0,0,0,0,117351,0.0,01,001013
117358,0,0,0,0,117358,0.0,01,001014
117244,0,0,0,0,117244,0.0,01,001015
117202,0,0,0,0,117202,0.0,01,001016
117132,0,0,0,0,117132,0.0,01,001017
117229,0,0,0,0,117229,0.0,01,001018
117219,0,0,0,0,117219,0.0,01,001019
117365,0,0,0,0,117365,0.0,01,001020
117446,0,0,0,0,117446,0.0,01,001021
117569,0,0,0,0,117569,0.0,01,001022
117725,0,0,0,0,117725,0.0,01,001023
117707,0,0,0,0,117707,0.0,01,001024
117909,0,0,0,0,117909,0.0,01,001025
117810,0,0,0,0,117810,0.0,01,001026
118065,0,0,0,0,118065,0.0,01,001027
118275,0,0,0,0,118275,0.0,01,001028
118663,0,0,0,0,118663,0.0,01,001029
118658,0,0,0,0,118658,0.0,01,001030
118813,0,0,0,0,118813,0.0,01,001031
118827,0,0,0,0,118827,0.0,01,001032
118966,0,0,0,0,118966,0.0,01,001033
118874,0,0,0,0,118874,0.0,01,001034
119231,0,0,0,0,119231,0.0,01,001035
119117,0,0,0,0,119117,0.0,01,001036
118973,0,0,0,0,118973,0.0,01,001037
119081,0,0,0,0,119081,0.0,01,001038
118878,0,0,0,0,118878,0.0,01,001039
118927,0,0,0,0,118927,0.0,01,001040
118900,0,0,0,0,118900,0.0,01,001041
118834,0,0,0,0,118834,0.0,01,001042
118557,0,0,0,0,118557,0.0,01,001043
118410,0,0,0,0,118410,0.0,01,001044
118397,0,0,0,0,118397,0.0,01,001045
118117,0,0,0,0,118117,0.0,01,001046
117907,0,0,0,0,117907,0.0,01,001047
117643,0,0,0,0,117643,0.0,01,001048
117439,0,0,0,0,117439,0.0,01,001049
117087,0,0,0,0,117087,0.0,01,001050
116743,0,0,0,0,116743,0.0,01,001051
116674,0,0,0,0,116674,0.0,01,001052
116638,0,0,0,0,116638,0.0,01,001053
116384,0,0,0,0,116384,0.0,01,001054
116208,0,0,0,0,116208,0.0,01,001055
115798,0,0,0,0,115798,0.0,01,001056
115819,0,0,0,0,115819,0.0,01,001057
115844,0,0,0,0,115844,0.0,01,001058
115714,0,0,0,0,115714,0.0,01,001059
115931,0,0,0,0,115931,0.0,01,001060
115460,0,0,0,0,115460,0.0,01,001061
115710,0,0,0,0,115710,0.0,01,001062
115462,0,0,0,0,115462,0.0,01,001063
115628,0,0,0,0,115628,0.0,01,001064
115441,0,0,0,0,115441,0.0,01,001065
115277,0,0,0,0,115277,0.0,01,001066
114976,0,0,0,0,114976,0.0,01,001067
114769,0,0,0,0,114769,0.0,01,001068
114313,0,0,0,0,114313,0.0,01,001069
114037,0,0,0,0,114037,0.0,01,001070
113551,0,0,0,0,113551,0.0,01,001071
113420,0,0,0,0,113420,0.0,01,001072
113340,0,0,0,0,113340,0.0,01,001073
113096,0,0,0,0,113096,0.0,01,001074
112901,0,0,0,0,112901,0.0,01,001075
112742,0,0,0,0,112742,0.0,01,001076
112342,0,0,0,0,112342,0.0,01,001077
112429,0,0,0,0,112429,0.0,01,001078
112161,0,0,0,0,112161,0.0,01,001079
112396,0,0,0,0,112396,0.0,01,001080
112260,0,0,0,0,112260,0.0,01,001081
112319,0,0,0,0,112319,0.0,01,001082
112392,0,0,0,0,112392,0.0,01,001083
112560,0,0,0,0,112560,0.0,01,001084
112517,0,0,0,0,112517,0.0,01,001085
112396,0,0,0,0,112396,0.0,01,001086
112574,0,0,0,0,112574,0.0,01,001087
112627,0,0,0,0,112627,0.0,01,001088
112912,0,0,0,0,112912,0.0,01,001089
112851,0,0,0,0,112851,0.0,01,001090
112656,0,0,0,0,112656,0.0,01,001091
112695,0,0,0,0,112695,0.0,01,001092
112757,0,0,0,0,112757,0.0,01,001093
112793,0,0,0,0,112793,0.0,01,001094
113020,0,0,0,0,113020,0.0,01,001095
113085,0,0,0,0,113085,0.0,01,001096
113184,0,0,0,0,113184,0.0,01,001097
113408,0,0,0,0,113408,0.0,01,001098
113181,0,0,0,0,113181,0.0,01,001099
113125,0,0,0,0,113125,0.0,01,001100
124649,0,0,0,0,124649,0.0,02,000000
124531,0,0,0,0,124531,0.0,02,000001
124411,0,0,0,0,124411,0.0,02,000002
124253,0,0,0,0,124253,0.0,02,000003
124173,0,0,0,0,124173,0.0,02,000004
124116,0,0,0,0,124116,0.0,02,000005
123967,0,0,0,0,123967,0.0,02,000006
123889,0,0,0,0,123889,0.0,02,000007
123881,0,0,0,0,123881,0.0,02,000008
123810,0,0,0,0,123810,0.0,02,000009
123652,0,0,0,0,123652,0.0,02,000010
123548,0,0,0,0,123548,0.0,02,000011
123409,0,0,0,0,123409,0.0,02,000012
122918,0,0,0,0,122918,0.0,02,000013
122184,0,0,0,0,122184,0.0,02,000014
121930,0,0,0,0,121930,0.0,02,000015
122092,0,0,0,0,122092,0.0,02,000016
122044,0,0,0,0,122044,0.0,02,000017
122377,0,0,0,0,122377,0.0,02,000018
122768,0,0,0,0,122768,0.0,02,000019
123245,0,0,0,0,123245,0.0,02,000020
123534,0,0,0,0,123534,0.0,02,000021
123496,0,0,0,0,123496,0.0,02,000022
123464,0,0,0,0,123464,0.0,02,000023
123380,0,0,0,0,123380,0.0,02,000024
123288,0,0,0,0,123288,0.0,02,000025
123216,0,0,0,0,123216,0.0,02,000026
123227,0,0,0,0,123227,0.0,02,000027
123274,0,0,0,0,123274,0.0,02,000028
123137,0,0,0,0,123137,0.0,02,000029
123189,0,0,0,0,123189,0.0,02,000030
123076,0,0,0,0,123076,0.0,02,000031
122917,0,0,0,0,122917,0.0,02,000032
122775,0,0,0,0,122775,0.0,02,000033
122511,0,0,0,0,122511,0.0,02,000034
122347,0,0,0,0,122347,0.0,02,000035
122263,0,0,0,0,122263,0.0,02,000036
122194,0,0,0,0,122194,0.0,02,000037
122052,0,0,0,0,122052,0.0,02,000038
121991,0,0,0,0,121991,0.0,02,000039
121879,0,0,0,0,121879,0.0,02,000040
121805,0,0,0,0,121805,0.0,02,000041
121689,0,0,0,0,121689,0.0,02,000042
121725,0,0,0,0,121725,0.0,02,000043
121513,0,0,0,0,121513,0.0,02,000044
121181,0,0,0,0,121181,0.0,02,000045
121043,0,0,0,0,121043,0.0,02,000046
120764,0,0,0,0,120764,0.0,02,000047
120254,0,0,0,0,120254,0.0,02,000048
119823,0,0,0,0,119823,0.0,02,000049
119260,0,0,0,0,119260,0.0,02,000050
118944,0,0,0,0,118944,0.0,02,000051
118662,0,0,0,0,118662,0.0,02,000052
118378,0,0,0,0,118378,0.0,02,000053
118087,0,0,0,0,118087,0.0,02,000054
118303,0,0,0,0,118303,0.0,02,000055
118110,0,0,0,0,118110,0.0,02,000056
117646,0,0,0,0,117646,0.0,02,000057
117313,0,0,0,0,117313,0.0,02,000058
117377,0,0,0,0,117377,0.0,02,000059
117264,0,0,0,0,117264,0.0,02,000060
117382,0,0,0,0,117382,0.0,02,000061
117883,0,0,0,0,117883,0.0,02,000062
118156,0,0,0,0,118156,0.0,02,000063
117969,0,0,0,0,117969,0.0,02,000064
118120,0,0,0,0,118120,0.0,02,000065
118041,0,0,0,0,118041,0.0,02,000066
118286,0,0,0,0,118286,0.0,02,000067
118444,0,0,0,0,118444,0.0,02,000068
118622,0,0,0,0,118622,0.0,02,000069
118924,0,0,0,0,118924,0.0,02,000070
119697,0,0,0,0,119697,0.0,02,000071
120143,0,0,0,0,120143,0.0,02,000072
120613,0,0,0,0,120613,0.0,02,000073
120794,0,0,0,0,120794,0.0,02,000074
120834,0,0,0,0,120834,0.0,02,000075
120832,0,0,0,0,120832,0.0,02,000076
121135,0,0,0,0,121135,0.0,02,000077
121430,0,0,0,0,121430,0.0,02,000078
121515,0,0,0,0,121515,0.0,02,000079
121510,0,0,0,0,121510,0.0,02,000080
121532,0,0,0,0,121532,0.0,02,000081
121665,0,0,0,0,121665,0.0,02,000082
121811,0,0,0,0,121811,0.0,02,000083
122188,0,0,0,0,122188,0.0,02,000084
122908,0,0,0,0,122908,0.0,02,000085
123237,0,0,0,0,123237,0.0,02,000086
123219,0,0,0,0,123219,0.0,02,000087
123117,0,0,0,0,123117,0.0,02,000088
123102,0,0,0,0,123102,0.0,02,000089
123366,0,0,0,0,123366,0.0,02,000090
123532,0,0,0,0,123532,0.0,02,000091
123841,0,0,0,0,123841,0.0,02,000092
124174,0,0,0,0,124174,0.0,02,000093
124303,0,0,0,0,124303,0.0,02,000094
124587,0,0,0,0,124587,0.0,02,000095
124810,0,0,0,0,124810,0.0,02,000096
124861,0,0,0,0,124861,0.0,02,000097
125176,0,0,0,0,125176,0.0,02,000098
125386,0,0,0,0,125386,0.0,02,000099
125574,0,0,0,0,125574,0.0,02,000100
125336,0,0,0,0,125336,0.0,02,000101
125320,0,0,0,0,125320,0.0,02,000102
125033,0,0,0,0,125033,0.0,02,000103
124771,0,0,0,0,124771,0.0,02,000104
124350,0,0,0,0,124350,0.0,02,000105
124092,0,0,0,0,124092,0.0,02,000106
124359,0,0,0,0,124359,0.0,02,000107
124399,0,0,0,0,124399,0.0,02,000108
124243,0,0,0,0,124243,0.0,02,000109
124301,0,0,0,0,124301,0.0,02,000110
124657,0,0,0,0,124657,0.0,02,000111
125188,0,0,0,0,125188,0.0,02,000112
125746,0,0,0,0,125746,0.0,02,000113
125681,0,0,0,0,125681,0.0,02,000114
125953,0,0,0,0,125953,0.0,02,000115
125794,0,0,0,0,125794,0.0,02,000116
125764,0,0,0,0,125764,0.0,02,000117
125740,0,0,0,0,125740,0.0,02,000118
125728,0,0,0,0,125728,0.0,02,000119
125725,0,0,0,0,125725,0.0,02,000120
125717,0,0,0,0,125717,0.0,02,000121
125642,0,0,0,0,125642,0.0,02,000122
125744,0,0,0,0,125744,0.0,02,000123
125688,0,0,0,0,125688,0.0,02,000124
125761,0,0,0,0,125761,0.0,02,000125
125803,0,0,0,0,125803,0.0,02,000126
125926,0,0,0,0,125926,0.0,02,000127
125900,0,0,0,0,125900,0.0,02,000128
125874,0,0,0,0,125874,0.0,02,000129
125711,0,0,0,0,125711,0.0,02,000130
125527,0,0,0,0,125527,0.0,02,000131
125033,0,0,0,0,125033,0.0,02,000132
124361,0,0,0,0,124361,0.0,02,000133
123936,0,0,0,0,123936,0.0,02,000134
123713,0,0,0,0,123713,0.0,02,000135
124240,0,0,0,0,124240,0.0,02,000136
124692,0,0,0,0,124692,0.0,02,000137
125103,0,0,0,0,125103,0.0,02,000138
125785,0,0,0,0,125785,0.0,02,000139
126049,0,0,0,0,126049,0.0,02,000140
126356,0,0,0,0,126356,0.0,02,000141
126374,0,0,0,0,126374,0.0,02,000142
126342,0,0,0,0,126342,0.0,02,000143
126492,0,0,0,0,126492,0.0,02,000144
126546,0,0,0,0,126546,0.0,02,000145
126542,0,0,0,0,126542,0.0,02,000146
126529,0,0,0,0,126529,0.0,02,000147
126484,0,0,0,0,126484,0.0,02,000148
126374,0,0,0,0,126374,0.0,02,000149
126278,0,0,0,0,126278,0.0,02,000150
126231,0,0,0,0,126231,0.0,02,000151
126056,0,0,0,0,126056,0.0,02,000152
125654,0,0,0,0,125654,0.0,02,000153
125251,0,0,0,0,125251,0.0,02,000154
125101,0,0,0,0,125101,0.0,02,000155
125147,0,0,0,0,125147,0.0,02,000156
124758,0,0,0,0,124758,0.0,02,000157
124633,0,0,0,0,124633,0.0,02,000158
123949,0,0,0,0,123949,0.0,02,000159
123219,0,0,0,0,123219,0.0,02,000160
122178,0,0,0,0,122178,0.0,02,000161
120459,0,0,0,0,120459,0.0,02,000162
118901,0,0,0,0,118901,0.0,02,000163
118448,0,0,0,0,118448,0.0,02,000164
118413,0,0,0,0,118413,0.0,02,000165
119266,0,0,0,0,119266,0.0,02,000166
120409,0,0,0,0,120409,0.0,02,000167
121595,0,0,0,0,121595,0.0,02,000168
122407,0,0,0,0,122407,0.0,02,000169
122853,0,0,0,0,122853,0.0,02,000170
123210,0,0,0,0,123210,0.0,02,000171
123499,0,0,0,0,123499,0.0,02,000172
123783,0,0,0,0,123783,0.0,02,000173
124227,0,0,0,0,124227,0.0,02,000174
124511,0,0,0,0,124511,0.0,02,000175
124718,0,0,0,0,124718,0.0,02,000176
124662,0,0,0,0,124662,0.0,02,000177
124815,0,0,0,0,124815,0.0,02,000178
124933,0,0,0,0,124933,0.0,02,000179
125129,0,0,0,0,125129,0.0,02,000180
125573,0,0,0,0,125573,0.0,02,000181
126091,0,0,0,0,126091,0.0,02,000182
126356,0,0,0,0,126356,0.0,02,000183
126504,0,0,0,0,126504,0.0,02,000184
126541,0,0,0,0,126541,0.0,02,000185
126589,0,0,0,0,126589,0.0,02,000186
126651,0,0,0,0,126651,0.0,02,000187
126640,0,0,0,0,126640,0.0,02,000188
126709,0,0,0,0,126709,0.0,02,000189
126671,0,0,0,0,126671,0.0,02,000190
126773,0,0,0,0,126773,0.0,02,000191
126761,0,0,0,0,126761,0.0,02,000192
126746,0,0,0,0,126746,0.0,02,000193
126829,0,0,0,0,126829,0.0,02,000194
126807,0,0,0,0,126807,0.0,02,000195
126694,0,0,0,0,126694,0.0,02,000196
126575,0,0,0,0,126575,0.0,02,000197
126294,0,0,0,0,126294,0.0,02,000198
125965,0,0,0,0,125965,0.0,02,000199
125787,0,0,0,0,125787,0.0,02,000200
125394,0,0,0,0,125394,0.0,02,000201
125583,0,0,0,0,125583,0.0,02,000202
125694,0,0,0,0,125694,0.0,02,000203
125929,0,0,0,0,125929,0.0,02,000204
125561,0,0,0,0,125561,0.0,02,000205
125778,0,0,0,0,125778,0.0,02,000206
125993,0,0,0,0,125993,0.0,02,000207
126493,0,0,0,0,126493,0.0,02,000208
126791,0,0,0,0,126791,0.0,02,000209
127092,0,0,0,0,127092,0.0,02,000210
127494,0,0,0,0,127494,0.0,02,000211
127482,0,0,0,0,127482,0.0,02,000212
127515,0,0,0,0,127515,0.0,02,000213
127653,0,0,0,0,127653,0.0,02,000214
127708,0,0,0,0,127708,0.0,02,000215
127786,0,0,0,0,127786,0.0,02,000216
127833,0,0,0,0,127833,0.0,02,000217
127940,0,0,0,0,127940,0.0,02,000218
127891,0,0,0,0,127891,0.0,02,000219
127983,0,0,0,0,127983,0.0,02,000220
127961,0,0,0,0,127961,0.0,02,000221
127995,0,0,0,0,127995,0.0,02,000222
127923,0,0,0,0,127923,0.0,02,000223
128009,0,0,0,0,128009,0.0,02,000224
128018,0,0,0,0,128018,0.0,02,000225
128030,0,0,0,0,128030,0.0,02,000226
128024,0,0,0,0,128024,0.0,02,000227
128042,0,0,0,0,128042,0.0,02,000228
127993,0,0,0,0,127993,0.0,02,000229
127932,0,0,0,0,127932,0.0,02,000230
127995,0,0,0,0,127995,0.0,02,000231
127869,0,0,0,0,127869,0.0,02,000232
127891,0,0,0,0,127891,0.0,02,000233
127953,0,0,0,0,127953,0.0,02,000234
128001,0,0,0,0,128001,0.0,02,000235
128140,0,0,0,0,128140,0.0,02,000236
128071,0,0,0,0,128071,0.0,02,000237
128119,0,0,0,0,128119,0.0,02,000238
128141,0,0,0,0,128141,0.0,02,000239
128120,0,0,0,0,128120,0.0,02,000240
128116,0,0,0,0,128116,0.0,02,000241
128133,0,0,0,0,128133,0.0,02,000242
128059,0,0,0,0,128059,0.0,02,000243
128041,0,0,0,0,128041,0.0,02,000244
127989,0,0,0,0,127989,0.0,02,000245
128043,0,0,0,0,128043,0.0,02,000246
127949,0,0,0,0,127949,0.0,02,000247
128035,0,0,0,0,128035,0.0,02,000248
128108,0,0,0,0,128108,0.0,02,000249
128097,0,0,0,0,128097,0.0,02,000250
128069,0,0,0,0,128069,0.0,02,000251
128030,0,0,0,0,128030,0.0,02,000252
127998,0,0,0,0,127998,0.0,02,000253
128049,0,0,0,0,128049,0.0,02,000254
127909,0,0,0,0,127909,0.0,02,000255
127956,0,0,0,0,127956,0.0,02,000256
127825,0,0,0,0,127825,0.0,02,000257
127881,0,0,0,0,127881,0.0,02,000258
127790,0,0,0,0,127790,0.0,02,000259
127755,0,0,0,0,127755,0.0,02,000260
127693,0,0,0,0,127693,0.0,02,000261
127681,0,0,0,0,127681,0.0,02,000262
127666,0,0,0,0,127666,0.0,02,000263
127700,0,0,0,0,127700,0.0,02,000264
127713,0,0,0,0,127713,0.0,02,000265
127751,0,0,0,0,127751,0.0,02,000266
127776,0,0,0,0,127776,0.0,02,000267
127781,0,0,0,0,127781,0.0,02,000268
127825,0,0,0,0,127825,0.0,02,000269
127792,0,0,0,0,127792,0.0,02,000270
127754,0,0,0,0,127754,0.0,02,000271
127639,0,0,0,0,127639,0.0,02,000272
127723,0,0,0,0,127723,0.0,02,000273
127761,0,0,0,0,127761,0.0,02,000274
127781,0,0,0,0,127781,0.0,02,000275
127885,0,0,0,0,127885,0.0,02,000276
128021,0,0,0,0,128021,0.0,02,000277
127949,0,0,0,0,127949,0.0,02,000278
128088,0,0,0,0,128088,0.0,02,000279
128099,0,0,0,0,128099,0.0,02,000280
128236,0,0,0,0,128236,0.0,02,000281
128204,0,0,0,0,128204,0.0,02,000282
128416,0,0,0,0,128416,0.0,02,000283
128387,0,0,0,0,128387,0.0,02,000284
128376,0,0,0,0,128376,0.0,02,000285
128333,0,0,0,0,128333,0.0,02,000286
128332,0,0,0,0,128332,0.0,02,000287
128230,0,0,0,0,128230,0.0,02,000288
128205,0,0,0,0,128205,0.0,02,000289
128308,0,0,0,0,128308,0.0,02,000290
128207,0,0,0,0,128207,0.0,02,000291
128187,0,0,0,0,128187,0.0,02,000292
128067,0,0,0,0,128067,0.0,02,000293
128101,0,0,0,0,128101,0.0,02,000294
127992,0,0,0,0,127992,0.0,02,000295
127722,0,0,0,0,127722,0.0,02,000296
127677,0,0,0,0,127677,0.0,02,000297
127507,0,0,0,0,127507,0.0,02,000298
127211,0,0,0,0,127211,0.0,02,000299
127156,0,0,0,0,127156,0.0,02,000300
127313,0,0,0,0,127313,0.0,02,000301
127083,0,0,0,0,127083,0.0,02,000302
126940,0,0,0,0,126940,0.0,02,000303
126715,0,0,0,0,126715,0.0,02,000304
126609,0,0,0,0,126609,0.0,02,000305
126243,0,0,0,0,126243,0.0,02,000306
126085,0,0,0,0,126085,0.0,02,000307
125939,0,0,0,0,125939,0.0,02,000308
125938,0,0,0,0,125938,0.0,02,000309
125685,0,0,0,0,125685,0.0,02,000310
125541,0,0,0,0,125541,0.0,02,000311
125049,0,0,0,0,125049,0.0,02,000312
124785,0,0,0,0,124785,0.0,02,000313
124426,0,0,0,0,124426,0.0,02,000314
124288,0,0,0,0,124288,0.0,02,000315
124262,0,0,0,0,124262,0.0,02,000316
124549,0,0,0,0,124549,0.0,02,000317
124464,0,0,0,0,124464,0.0,02,000318
124446,0,0,0,0,124446,0.0,02,000319
124066,0,0,0,0,124066,0.0,02,000320
124133,0,0,0,0,124133,0.0,02,000321
124189,0,0,0,0,124189,0.0,02,000322
124293,0,0,0,0,124293,0.0,02,000323
124540,0,0,0,0,124540,0.0,02,000324
124493,0,0,0,0,124493,0.0,02,000325
124398,0,0,0,0,124398,0.0,02,000326
124391,0,0,0,0,124391,0.0,02,000327
124051,0,0,0,0,124051,0.0,02,000328
123872,0,0,0,0,123872,0.0,02,000329
123651,0,0,0,0,123651,0.0,02,000330
123545,0,0,0,0,123545,0.0,02,000331
123342,0,0,0,0,123342,0.0,02,000332
123189,0,0,0,0,123189,0.0,02,000333
122866,0,0,0,0,122866,0.0,02,000334
122440,0,0,0,0,122440,0.0,02,000335
122042,0,0,0,0,122042,0.0,02,000336
122082,0,0,0,0,122082,0.0,02,000337
121849,0,0,0,0,121849,0.0,02,000338
121871,0,0,0,0,121871,0.0,02,000339
122030,0,0,0,0,122030,0.0,02,000340
122040,0,0,0,0,122040,0.0,02,000341
122266,0,0,0,0,122266,0.0,02,000342
121989,0,0,0,0,121989,0.0,02,000343
121923,0,0,0,0,121923,0.0,02,000344
121762,0,0,0,0,121762,0.0,02,000345
121621,0,0,0,0,121621,0.0,02,000346
121713,0,0,0,0,121713,0.0,02,000347
121443,0,0,0,0,121443,0.0,02,000348
121405,0,0,0,0,121405,0.0,02,000349
121519,0,0,0,0,121519,0.0,02,000350
122271,0,0,0,0,122271,0.0,02,000351
122511,0,0,0,0,122511,0.0,02,000352
122603,0,0,0,0,122603,0.0,02,000353
122629,0,0,0,0,122629,0.0,02,000354
123136,0,0,0,0,123136,0.0,02,000355
123561,0,0,0,0,123561,0.0,02,000356
123862,0,0,0,0,123862,0.0,02,000357
124152,0,0,0,0,124152,0.0,02,000358
124346,0,0,0,0,124346,0.0,02,000359
124430,0,0,0,0,124430,0.0,02,000360
124454,0,0,0,0,124454,0.0,02,000361
124330,0,0,0,0,124330,0.0,02,000362
124061,0,0,0,0,124061,0.0,02,000363
123634,0,0,0,0,123634,0.0,02,000364
122751,0,0,0,0,122751,0.0,02,000365
121579,0,0,0,0,121579,0.0,02,000366
120038,0,0,0,0,120038,0.0,02,000367
118144,0,0,0,0,118144,0.0,02,000368
116194,0,0,0,0,116194,0.0,02,000369
114764,0,0,0,0,114764,0.0,02,000370
114308,0,0,0,0,114308,0.0,02,000371
113533,0,0,0,0,113533,0.0,02,000372
113781,0,0,0,0,113781,0.0,02,000373
114375,0,0,0,0,114375,0.0,02,000374
116452,0,0,0,0,116452,0.0,02,000375
117760,0,0,0,0,117760,0.0,02,000376
118560,0,0,0,0,118560,0.0,02,000377
119024,0,0,0,0,119024,0.0,02,000378
119150,0,0,0,0,119150,0.0,02,000379
118831,0,0,0,0,118831,0.0,02,000380
118452,0,0,0,0,118452,0.0,02,000381
118862,0,0,0,0,118862,0.0,02,000382
119657,0,0,0,0,119657,0.0,02,000383
120061,0,0,0,0,120061,0.0,02,000384
120823,0,0,0,0,120823,0.0,02,000385
121832,0,0,0,0,121832,0.0,02,000386
122223,0,0,0,0,122223,0.0,02,000387
122686,0,0,0,0,122686,0.0,02,000388
123476,0,0,0,0,123476,0.0,02,000389
124313,0,0,0,0,124313,0.0,02,000390
125072,0,0,0,0,125072,0.0,02,000391
125616,0,0,0,0,125616,0.0,02,000392
126026,0,0,0,0,126026,0.0,02,000393
126289,0,0,0,0,126289,0.0,02,000394
126393,0,0,0,0,126393,0.0,02,000395
126513,0,0,0,0,126513,0.0,02,000396
126707,0,0,0,0,126707,0.0,02,000397
126946,0,0,0,0,126946,0.0,02,000398
127090,0,0,0,0,127090,0.0,02,000399
127291,0,0,0,0,127291,0.0,02,000400
127302,0,0,0,0,127302,0.0,02,000401
127309,0,0,0,0,127309,0.0,02,000402
127270,0,0,0,0,127270,0.0,02,000403
127477,0,0,0,0,127477,0.0,02,000404
127437,0,0,0,0,127437,0.0,02,000405
127487,0,0,0,0,127487,0.0,02,000406
127391,0,0,0,0,127391,0.0,02,000407
127422,0,0,0,0,127422,0.0,02,000408
127412,0,0,0,0,127412,0.0,02,000409
127446,0,0,0,0,127446,0.0,02,000410
127512,0,0,0,0,127512,0.0,02,000411
127621,0,0,0,0,127621,0.0,02,000412
127684,0,0,0,0,127684,0.0,02,000413
127741,0,0,0,0,127741,0.0,02,000414
127751,0,0,0,0,127751,0.0,02,000415
127750,0,0,0,0,127750,0.0,02,000416
127895,0,0,0,0,127895,0.0,02,000417
127942,0,0,0,0,127942,0.0,02,000418
128065,0,0,0,0,128065,0.0,02,000419
128236,0,0,0,0,128236,0.0,02,000420
128274,0,0,0,0,128274,0.0,02,000421
128385,0,0,0,0,128385,0.0,02,000422
128394,0,0,0,0,128394,0.0,02,000423
128366,0,0,0,0,128366,0.0,02,000424
128403,0,0,0,0,128403,0.0,02,000425
128442,0,0,0,0,128442,0.0,02,000426
128365,0,0,0,0,128365,0.0,02,000427
128421,0,0,0,0,128421,0.0,02,000428
128424,0,0,0,0,128424,0.0,02,000429
128409,0,0,0,0,128409,0.0,02,000430
128419,0,0,0,0,128419,0.0,02,000431
128408,0,0,0,0,128408,0.0,02,000432
128324,0,0,0,0,128324,0.0,02,000433
128235,0,0,0,0,128235,0.0,02,000434
128322,0,0,0,0,128322,0.0,02,000435
128334,0,0,0,0,128334,0.0,02,000436
128210,0,0,0,0,128210,0.0,02,000437
128229,0,0,0,0,128229,0.0,02,000438
128179,0,0,0,0,128179,0.0,02,000439
128099,0,0,0,0,128099,0.0,02,000440
128077,0,0,0,0,128077,0.0,02,000441
128041,0,0,0,0,128041,0.0,02,000442
128087,0,0,0,0,128087,0.0,02,000443
128081,0,0,0,0,128081,0.0,02,000444
128135,0,0,0,0,128135,0.0,02,000445
128015,0,0,0,0,128015,0.0,02,000446
127836,0,0,0,0,127836,0.0,02,000447
127936,0,0,0,0,127936,0.0,02,000448
127900,0,0,0,0,127900,0.0,02,000449
127810,0,0,0,0,127810,0.0,02,000450
127752,0,0,0,0,127752,0.0,02,000451
127802,0,0,0,0,127802,0.0,02,000452
127737,0,0,0,0,127737,0.0,02,000453
127755,0,0,0,0,127755,0.0,02,000454
127662,0,0,0,0,127662,0.0,02,000455
127702,0,0,0,0,127702,0.0,02,000456
127714,0,0,0,0,127714,0.0,02,000457
127673,0,0,0,0,127673,0.0,02,000458
127754,0,0,0,0,127754,0.0,02,000459
127802,0,0,0,0,127802,0.0,02,000460
127702,0,0,0,0,127702,0.0,02,000461
127786,0,0,0,0,127786,0.0,02,000462
127671,0,0,0,0,127671,0.0,02,000463
127599,0,0,0,0,127599,0.0,02,000464
127671,0,0,0,0,127671,0.0,02,000465
127657,0,0,0,0,127657,0.0,02,000466
127574,0,0,0,0,127574,0.0,02,000467
127574,0,0,0,0,127574,0.0,02,000468
127586,0,0,0,0,127586,0.0,02,000469
127538,0,0,0,0,127538,0.0,02,000470
127549,0,0,0,0,127549,0.0,02,000471
127669,0,0,0,0,127669,0.0,02,000472
127604,0,0,0,0,127604,0.0,02,000473
127681,0,0,0,0,127681,0.0,02,000474
127662,0,0,0,0,127662,0.0,02,000475
127645,0,0,0,0,127645,0.0,02,000476
127732,0,0,0,0,127732,0.0,02,000477
127711,0,0,0,0,127711,0.0,02,000478
127592,0,0,0,0,127592,0.0,02,000479
127371,0,0,0,0,127371,0.0,02,000480
127688,0,0,0,0,127688,0.0,02,000481
127631,0,0,0,0,127631,0.0,02,000482
127739,0,0,0,0,127739,0.0,02,000483
127593,0,0,0,0,127593,0.0,02,000484
127606,0,0,0,0,127606,0.0,02,000485
127439,0,0,0,0,127439,0.0,02,000486
127473,0,0,0,0,127473,0.0,02,000487
127501,0,0,0,0,127501,0.0,02,000488
127465,0,0,0,0,127465,0.0,02,000489
127403,0,0,0,0,127403,0.0,02,000490
127321,0,0,0,0,127321,0.0,02,000491
127318,0,0,0,0,127318,0.0,02,000492
127156,0,0,0,0,127156,0.0,02,000493
127172,0,0,0,0,127172,0.0,02,000494
127045,0,0,0,0,127045,0.0,02,000495
126905,0,0,0,0,126905,0.0,02,000496
126855,0,0,0,0,126855,0.0,02,000497
126891,0,0,0,0,126891,0.0,02,000498
126814,0,0,0,0,126814,0.0,02,000499
126973,0,0,0,0,126973,0.0,02,000500
126854,0,0,0,0,126854,0.0,02,000501
126786,0,0,0,0,126786,0.0,02,000502
126695,0,0,0,0,126695,0.0,02,000503
126591,0,0,0,0,126591,0.0,02,000504
126535,0,0,0,0,126535,0.0,02,000505
126420,0,0,0,0,126420,0.0,02,000506
126278,0,0,0,0,126278,0.0,02,000507
126194,0,0,0,0,126194,0.0,02,000508
126191,0,0,0,0,126191,0.0,02,000509
125955,0,0,0,0,125955,0.0,02,000510
125637,0,0,0,0,125637,0.0,02,000511
125299,0,0,0,0,125299,0.0,02,000512
124698,0,0,0,0,124698,0.0,02,000513
124405,0,0,0,0,124405,0.0,02,000514
124175,0,0,0,0,124175,0.0,02,000515
123820,0,0,0,0,123820,0.0,02,000516
123304,0,0,0,0,123304,0.0,02,000517
122077,0,0,0,0,122077,0.0,02,000518
121193,0,0,0,0,121193,0.0,02,000519
120311,0,0,0,0,120311,0.0,02,000520
119135,0,0,0,0,119135,0.0,02,000521
118474,0,0,0,0,118474,0.0,02,000522
117995,0,0,0,0,117995,0.0,02,000523
117357,0,0,0,0,117357,0.0,02,000524
116860,0,0,0,0,116860,0.0,02,000525
116949,0,0,0,0,116949,0.0,02,000526
117491,0,0,0,0,117491,0.0,02,000527
117810,0,0,0,0,117810,0.0,02,000528
117917,0,0,0,0,117917,0.0,02,000529
117728,0,0,0,0,117728,0.0,02,000530
118463,0,0,0,0,118463,0.0,02,000531
118641,0,0,0,0,118641,0.0,02,000532
118303,0,0,0,0,118303,0.0,02,000533
117371,0,0,0,0,117371,0.0,02,000534
115891,0,0,0,0,115891,0.0,02,000535
115609,0,0,0,0,115609,0.0,02,000536
115688,0,0,0,0,115688,0.0,02,000537
115175,0,0,0,0,115175,0.0,02,000538
115177,0,0,0,0,115177,0.0,02,000539
115869,0,0,0,0,115869,0.0,02,000540
116178,0,0,0,0,116178,0.0,02,000541
116838,0,0,0,0,116838,0.0,02,000542
117588,0,0,0,0,117588,0.0,02,000543
118011,0,0,0,0,118011,0.0,02,000544
118194,0,0,0,0,118194,0.0,02,000545
118665,0,0,0,0,118665,0.0,02,000546
118870,0,0,0,0,118870,0.0,02,000547
119072,0,0,0,0,119072,0.0,02,000548
119069,0,0,0,0,119069,0.0,02,000549
118920,0,0,0,0,118920,0.0,02,000550
118597,0,0,0,0,118597,0.0,02,000551
117457,0,0,0,0,117457,0.0,02,000552
116176,0,0,0,0,116176,0.0,02,000553
114756,0,0,0,0,114756,0.0,02,000554
114113,0,0,0,0,114113,0.0,02,000555
113435,0,0,0,0,113435,0.0,02,000556
114607,0,0,0,0,114607,0.0,02,000557
115437,0,0,0,0,115437,0.0,02,000558
116329,0,0,0,0,116329,0.0,02,000559
117307,0,0,0,0,117307,0.0,02,000560
117124,0,0,0,0,117124,0.0,02,000561
117233,0,0,0,0,117233,0.0,02,000562
117180,0,0,0,0,117180,0.0,02,000563
116844,0,0,0,0,116844,0.0,02,000564
116155,0,0,0,0,116155,0.0,02,000565
115479,0,0,0,0,115479,0.0,02,000566
115164,0,0,0,0,115164,0.0,02,000567
115127,0,0,0,0,115127,0.0,02,000568
115171,0,0,0,0,115171,0.0,02,000569
115425,0,0,0,0,115425,0.0,02,000570
115468,0,0,0,0,115468,0.0,02,000571
115358,0,0,0,0,115358,0.0,02,000572
115327,0,0,0,0,115327,0.0,02,000573
115715,0,0,0,0,115715,0.0,02,000574
116149,0,0,0,0,116149,0.0,02,000575
116236,0,0,0,0,116236,0.0,02,000576
116630,0,0,0,0,116630,0.0,02,000577
117598,0,0,0,0,117598,0.0,02,000578
117897,0,0,0,0,117897,0.0,02,000579
118677,0,0,0,0,118677,0.0,02,000580
118387,0,0,0,0,118387,0.0,02,000581
118250,0,0,0,0,118250,0.0,02,000582
117891,0,0,0,0,117891,0.0,02,000583
117446,0,0,0,0,117446,0.0,02,000584
117927,0,0,0,0,117927,0.0,02,000585
116805,0,0,0,0,116805,0.0,02,000586
116824,0,0,0,0,116824,0.0,02,000587
117953,0,0,0,0,117953,0.0,02,000588
117190,0,0,0,0,117190,0.0,02,000589
117970,0,0,0,0,117970,0.0,02,000590
118203,0,0,0,0,118203,0.0,02,000591
118504,0,0,0,0,118504,0.0,02,000592
118649,0,0,0,0,118649,0.0,02,000593
119287,0,0,0,0,119287,0.0,02,000594
119407,0,0,0,0,119407,0.0,02,000595
119094,0,0,0,0,119094,0.0,02,000596
118954,0,0,0,0,118954,0.0,02,000597
118282,0,0,0,0,118282,0.0,02,000598
118185,0,0,0,0,118185,0.0,02,000599
118776,0,0,0,0,118776,0.0,02,000600
119439,0,0,0,0,119439,0.0,02,000601
120836,0,0,0,0,120836,0.0,02,000602
121193,0,0,0,0,121193,0.0,02,000603
122595,0,0,0,0,122595,0.0,02,000604
123711,0,0,0,0,123711,0.0,02,000605
124561,0,0,0,0,124561,0.0,02,000606
125482,0,0,0,0,125482,0.0,02,000607
126123,0,0,0,0,126123,0.0,02,000608
126530,0,0,0,0,126530,0.0,02,000609
126553,0,0,0,0,126553,0.0,02,000610
126711,0,0,0,0,126711,0.0,02,000611
126631,0,0,0,0,126631,0.0,02,000612
126442,0,0,0,0,126442,0.0,02,000613
126156,0,0,0,0,126156,0.0,02,000614
126063,0,0,0,0,126063,0.0,02,000615
125906,0,0,0,0,125906,0.0,02,000616
125912,0,0,0,0,125912,0.0,02,000617
125357,0,0,0,0,125357,0.0,02,000618
124856,0,0,0,0,124856,0.0,02,000619
124270,0,0,0,0,124270,0.0,02,000620
123560,0,0,0,0,123560,0.0,02,000621
123204,0,0,0,0,123204,0.0,02,000622
122554,0,0,0,0,122554,0.0,02,000623
121472,0,0,0,0,121472,0.0,02,000624
120006,0,0,0,0,120006,0.0,02,000625
119264,0,0,0,0,119264,0.0,02,000626
118324,0,0,0,0,118324,0.0,02,000627
117738,0,0,0,0,117738,0.0,02,000628
117853,0,0,0,0,117853,0.0,02,000629
117616,0,0,0,0,117616,0.0,02,000630
118501,0,0,0,0,118501,0.0,02,000631
119800,0,0,0,0,119800,0.0,02,000632
121072,0,0,0,0,121072,0.0,02,000633
122005,0,0,0,0,122005,0.0,02,000634
122278,0,0,0,0,122278,0.0,02,000635
122126,0,0,0,0,122126,0.0,02,000636
121878,0,0,0,0,121878,0.0,02,000637
121578,0,0,0,0,121578,0.0,02,000638
120768,0,0,0,0,120768,0.0,02,000639
118972,0,0,0,0,118972,0.0,02,000640
116850,0,0,0,0,116850,0.0,02,000641
116878,0,0,0,0,116878,0.0,02,000642
115980,0,0,0,0,115980,0.0,02,000643
114833,0,0,0,0,114833,0.0,02,000644
115282,0,0,0,0,115282,0.0,02,000645
116019,0,0,0,0,116019,0.0,02,000646
117602,0,0,0,0,117602,0.0,02,000647
119512,0,0,0,0,119512,0.0,02,000648
120442,0,0,0,0,120442,0.0,02,000649
121539,0,0,0,0,121539,0.0,02,000650
121945,0,0,0,0,121945,0.0,02,000651
122540,0,0,0,0,122540,0.0,02,000652
122636,0,0,0,0,122636,0.0,02,000653
122270,0,0,0,0,122270,0.0,02,000654
121864,0,0,0,0,121864,0.0,02,000655
121314,0,0,0,0,121314,0.0,02,000656
120342,0,0,0,0,120342,0.0,02,000657
120363,0,0,0,0,120363,0.0,02,000658
119788,0,0,0,0,119788,0.0,02,000659
120413,0,0,0,0,120413,0.0,02,000660
120384,0,0,0,0,120384,0.0,02,000661
120910,0,0,0,0,120910,0.0,02,000662
121452,0,0,0,0,121452,0.0,02,000663
121951,0,0,0,0,121951,0.0,02,000664
122755,0,0,0,0,122755,0.0,02,000665
123372,0,0,0,0,123372,0.0,02,000666
123947,0,0,0,0,123947,0.0,02,000667
124635,0,0,0,0,124635,0.0,02,000668
125538,0,0,0,0,125538,0.0,02,000669
125965,0,0,0,0,125965,0.0,02,000670
126102,0,0,0,0,126102,0.0,02,000671
125570,0,0,0,0,125570,0.0,02,000672
125385,0,0,0,0,125385,0.0,02,000673
125267,0,0,0,0,125267,0.0,02,000674
125195,0,0,0,0,125195,0.0,02,000675
125337,0,0,0,0,125337,0.0,02,000676
125193,0,0,0,0,125193,0.0,02,000677
124651,0,0,0,0,124651,0.0,02,000678
124750,0,0,0,0,124750,0.0,02,000679
124171,0,0,0,0,124171,0.0,02,000680
124565,0,0,0,0,124565,0.0,02,000681
125442,0,0,0,0,125442,0.0,02,000682
126179,0,0,0,0,126179,0.0,02,000683
126381,0,0,0,0,126381,0.0,02,000684
126458,0,0,0,0,126458,0.0,02,000685
126793,0,0,0,0,126793,0.0,02,000686
127097,0,0,0,0,127097,0.0,02,000687
127122,0,0,0,0,127122,0.0,02,000688
127193,0,0,0,0,127193,0.0,02,000689
127146,0,0,0,0,127146,0.0,02,000690
127060,0,0,0,0,127060,0.0,02,000691
126871,0,0,0,0,126871,0.0,02,000692
126749,0,0,0,0,126749,0.0,02,000693
126344,0,0,0,0,126344,0.0,02,000694
125767,0,0,0,0,125767,0.0,02,000695
125163,0,0,0,0,125163,0.0,02,000696
123915,0,0,0,0,123915,0.0,02,000697
122216,0,0,0,0,122216,0.0,02,000698
119735,0,0,0,0,119735,0.0,02,000699
117449,0,0,0,0,117449,0.0,02,000700
115142,0,0,0,0,115142,0.0,02,000701
113240,0,0,0,0,113240,0.0,02,000702
112087,0,0,0,0,112087,0.0,02,000703
113366,0,0,0,0,113366,0.0,02,000704
114223,0,0,0,0,114223,0.0,02,000705
115934,0,0,0,0,115934,0.0,02,000706
118154,0,0,0,0,118154,0.0,02,000707
119780,0,0,0,0,119780,0.0,02,000708
121591,0,0,0,0,121591,0.0,02,000709
122836,0,0,0,0,122836,0.0,02,000710
123160,0,0,0,0,123160,0.0,02,000711
124079,0,0,0,0,124079,0.0,02,000712
125308,0,0,0,0,125308,0.0,02,000713
125957,0,0,0,0,125957,0.0,02,000714
125751,0,0,0,0,125751,0.0,02,000715
125960,0,0,0,0,125960,0.0,02,000716
126551,0,0,0,0,126551,0.0,02,000717
126946,0,0,0,0,126946,0.0,02,000718
127068,0,0,0,0,127068,0.0,02,000719
126814,0,0,0,0,126814,0.0,02,000720
126973,0,0,0,0,126973,0.0,02,000721
127050,0,0,0,0,127050,0.0,02,000722
126948,0,0,0,0,126948,0.0,02,000723
127013,0,0,0,0,127013,0.0,02,000724
126894,0,0,0,0,126894,0.0,02,000725
126686,0,0,0,0,126686,0.0,02,000726
126381,0,0,0,0,126381,0.0,02,000727
125944,0,0,0,0,125944,0.0,02,000728
125115,0,0,0,0,125115,0.0,02,000729
124307,0,0,0,0,124307,0.0,02,000730
123201,0,0,0,0,123201,0.0,02,000731
121166,0,0,0,0,121166,0.0,02,000732
118498,0,0,0,0,118498,0.0,02,000733
117200,0,0,0,0,117200,0.0,02,000734
115907,0,0,0,0,115907,0.0,02,000735
116334,0,0,0,0,116334,0.0,02,000736
118269,0,0,0,0,118269,0.0,02,000737
120546,0,0,0,0,120546,0.0,02,000738
122691,0,0,0,0,122691,0.0,02,000739
123556,0,0,0,0,123556,0.0,02,000740
123862,0,0,0,0,123862,0.0,02,000741
123912,0,0,0,0,123912,0.0,02,000742
123208,0,0,0,0,123208,0.0,02,000743
121585,0,0,0,0,121585,0.0,02,000744
120327,0,0,0,0,120327,0.0,02,000745
119105,0,0,0,0,119105,0.0,02,000746
118222,0,0,0,0,118222,0.0,02,000747
118780,0,0,0,0,118780,0.0,02,000748
120102,0,0,0,0,120102,0.0,02,000749
122161,0,0,0,0,122161,0.0,02,000750
124095,0,0,0,0,124095,0.0,02,000751
125417,0,0,0,0,125417,0.0,02,000752
126106,0,0,0,0,126106,0.0,02,000753
126581,0,0,0,0,126581,0.0,02,000754
126947,0,0,0,0,126947,0.0,02,000755
127147,0,0,0,0,127147,0.0,02,000756
127283,0,0,0,0,127283,0.0,02,000757
127368,0,0,0,0,127368,0.0,02,000758
127457,0,0,0,0,127457,0.0,02,000759
127521,0,0,0,0,127521,0.0,02,000760
127485,0,0,0,0,127485,0.0,02,000761
127620,0,0,0,0,127620,0.0,02,000762
127553,0,0,0,0,127553,0.0,02,000763
127555,0,0,0,0,127555,0.0,02,000764
127575,0,0,0,0,127575,0.0,02,000765
127687,0,0,0,0,127687,0.0,02,000766
127614,0,0,0,0,127614,0.0,02,000767
127721,0,0,0,0,127721,0.0,02,000768
127734,0,0,0,0,127734,0.0,02,000769
127771,0,0,0,0,127771,0.0,02,000770
127774,0,0,0,0,127774,0.0,02,000771
127839,0,0,0,0,127839,0.0,02,000772
127843,0,0,0,0,127843,0.0,02,000773
127767,0,0,0,0,127767,0.0,02,000774
127669,0,0,0,0,127669,0.0,02,000775
127427,0,0,0,0,127427,0.0,02,000776
127186,0,0,0,0,127186,0.0,02,000777
126885,0,0,0,0,126885,0.0,02,000778
126497,0,0,0,0,126497,0.0,02,000779
126342,0,0,0,0,126342,0.0,02,000780
126271,0,0,0,0,126271,0.0,02,000781
125810,0,0,0,0,125810,0.0,02,000782
124825,0,0,0,0,124825,0.0,02,000783
124499,0,0,0,0,124499,0.0,02,000784
124535,0,0,0,0,124535,0.0,02,000785
124314,0,0,0,0,124314,0.0,02,000786
125285,0,0,0,0,125285,0.0,02,000787
125790,0,0,0,0,125790,0.0,02,000788
125950,0,0,0,0,125950,0.0,02,000789
126309,0,0,0,0,126309,0.0,02,000790
126230,0,0,0,0,126230,0.0,02,000791
126029,0,0,0,0,126029,0.0,02,000792
125714,0,0,0,0,125714,0.0,02,000793
125480,0,0,0,0,125480,0.0,02,000794
125211,0,0,0,0,125211,0.0,02,000795
124888,0,0,0,0,124888,0.0,02,000796
124189,0,0,0,0,124189,0.0,02,000797
123267,0,0,0,0,123267,0.0,02,000798
122644,0,0,0,0,122644,0.0,02,000799
122566,0,0,0,0,122566,0.0,02,000800
123150,0,0,0,0,123150,0.0,02,000801
124268,0,0,0,0,124268,0.0,02,000802
125199,0,0,0,0,125199,0.0,02,000803
125106,0,0,0,0,125106,0.0,02,000804
125472,0,0,0,0,125472,0.0,02,000805
125704,0,0,0,0,125704,0.0,02,000806
125913,0,0,0,0,125913,0.0,02,000807
126231,0,0,0,0,126231,0.0,02,000808
126499,0,0,0,0,126499,0.0,02,000809
126603,0,0,0,0,126603,0.0,02,000810
126650,0,0,0,0,126650,0.0,02,000811
126683,0,0,0,0,126683,0.0,02,000812
126731,0,0,0,0,126731,0.0,02,000813
126570,0,0,0,0,126570,0.0,02,000814
125901,0,0,0,0,125901,0.0,02,000815
125572,0,0,0,0,125572,0.0,02,000816
125356,0,0,0,0,125356,0.0,02,000817
125458,0,0,0,0,125458,0.0,02,000818
125361,0,0,0,0,125361,0.0,02,000819
125018,0,0,0,0,125018,0.0,02,000820
124479,0,0,0,0,124479,0.0,02,000821
124254,0,0,0,0,124254,0.0,02,000822
124743,0,0,0,0,124743,0.0,02,000823
125558,0,0,0,0,125558,0.0,02,000824
126272,0,0,0,0,126272,0.0,02,000825
126206,0,0,0,0,126206,0.0,02,000826
125992,0,0,0,0,125992,0.0,02,000827
125937,0,0,0,0,125937,0.0,02,000828
125908,0,0,0,0,125908,0.0,02,000829
126173,0,0,0,0,126173,0.0,02,000830
126237,0,0,0,0,126237,0.0,02,000831
126414,0,0,0,0,126414,0.0,02,000832
126576,0,0,0,0,126576,0.0,02,000833
126874,0,0,0,0,126874,0.0,02,000834
127019,0,0,0,0,127019,0.0,02,000835
127084,0,0,0,0,127084,0.0,02,000836
127112,0,0,0,0,127112,0.0,02,000837
127195,0,0,0,0,127195,0.0,02,000838
127189,0,0,0,0,127189,0.0,02,000839
127110,0,0,0,0,127110,0.0,02,000840
127204,0,0,0,0,127204,0.0,02,000841
127435,0,0,0,0,127435,0.0,02,000842
127333,0,0,0,0,127333,0.0,02,000843
127414,0,0,0,0,127414,0.0,02,000844
127539,0,0,0,0,127539,0.0,02,000845
127311,0,0,0,0,127311,0.0,02,000846
127076,0,0,0,0,127076,0.0,02,000847
126686,0,0,0,0,126686,0.0,02,000848
126376,0,0,0,0,126376,0.0,02,000849
126446,0,0,0,0,126446,0.0,02,000850
126691,0,0,0,0,126691,0.0,02,000851
126554,0,0,0,0,126554,0.0,02,000852
126359,0,0,0,0,126359,0.0,02,000853
126158,0,0,0,0,126158,0.0,02,000854
126039,0,0,0,0,126039,0.0,02,000855
126138,0,0,0,0,126138,0.0,02,000856
126303,0,0,0,0,126303,0.0,02,000857
126450,0,0,0,0,126450,0.0,02,000858
126660,0,0,0,0,126660,0.0,02,000859
126804,0,0,0,0,126804,0.0,02,000860
127038,0,0,0,0,127038,0.0,02,000861
127134,0,0,0,0,127134,0.0,02,000862
127183,0,0,0,0,127183,0.0,02,000863
127143,0,0,0,0,127143,0.0,02,000864
126944,0,0,0,0,126944,0.0,02,000865
126726,0,0,0,0,126726,0.0,02,000866
126392,0,0,0,0,126392,0.0,02,000867
126187,0,0,0,0,126187,0.0,02,000868
125772,0,0,0,0,125772,0.0,02,000869
124323,0,0,0,0,124323,0.0,02,000870
122417,0,0,0,0,122417,0.0,02,000871
121882,0,0,0,0,121882,0.0,02,000872
122229,0,0,0,0,122229,0.0,02,000873
121007,0,0,0,0,121007,0.0,02,000874
119904,0,0,0,0,119904,0.0,02,000875
120066,0,0,0,0,120066,0.0,02,000876
121416,0,0,0,0,121416,0.0,02,000877
122052,0,0,0,0,122052,0.0,02,000878
122886,0,0,0,0,122886,0.0,02,000879
123705,0,0,0,0,123705,0.0,02,000880
123877,0,0,0,0,123877,0.0,02,000881
123745,0,0,0,0,123745,0.0,02,000882
123561,0,0,0,0,123561,0.0,02,000883
124711,0,0,0,0,124711,0.0,02,000884
126170,0,0,0,0,126170,0.0,02,000885
126978,0,0,0,0,126978,0.0,02,000886
127194,0,0,0,0,127194,0.0,02,000887
127473,0,0,0,0,127473,0.0,02,000888
127733,0,0,0,0,127733,0.0,02,000889
127746,0,0,0,0,127746,0.0,02,000890
127770,0,0,0,0,127770,0.0,02,000891
127782,0,0,0,0,127782,0.0,02,000892
127626,0,0,0,0,127626,0.0,02,000893
127547,0,0,0,0,127547,0.0,02,000894
127377,0,0,0,0,127377,0.0,02,000895
127353,0,0,0,0,127353,0.0,02,000896
127133,0,0,0,0,127133,0.0,02,000897
127133,0,0,0,0,127133,0.0,02,000898
127138,0,0,0,0,127138,0.0,02,000899
127099,0,0,0,0,127099,0.0,02,000900
127025,0,0,0,0,127025,0.0,02,000901
127001,0,0,0,0,127001,0.0,02,000902
126926,0,0,0,0,126926,0.0,02,000903
126897,0,0,0,0,126897,0.0,02,000904
126868,0,0,0,0,126868,0.0,02,000905
126899,0,0,0,0,126899,0.0,02,000906
126866,0,0,0,0,126866,0.0,02,000907
126983,0,0,0,0,126983,0.0,02,000908
127043,0,0,0,0,127043,0.0,02,000909
127087,0,0,0,0,127087,0.0,02,000910
127144,0,0,0,0,127144,0.0,02,000911
127175,0,0,0,0,127175,0.0,02,000912
127212,0,0,0,0,127212,0.0,02,000913
127220,0,0,0,0,127220,0.0,02,000914
127309,0,0,0,0,127309,0.0,02,000915
127204,0,0,0,0,127204,0.0,02,000916
127224,0,0,0,0,127224,0.0,02,000917
127234,0,0,0,0,127234,0.0,02,000918
127263,0,0,0,0,127263,0.0,02,000919
127300,0,0,0,0,127300,0.0,02,000920
127259,0,0,0,0,127259,0.0,02,000921
127318,0,0,0,0,127318,0.0,02,000922
127413,0,0,0,0,127413,0.0,02,000923
127550,0,0,0,0,127550,0.0,02,000924
127611,0,0,0,0,127611,0.0,02,000925
127724,0,0,0,0,127724,0.0,02,000926
128025,0,0,0,0,128025,0.0,02,000927
128113,0,0,0,0,128113,0.0,02,000928
128283,0,0,0,0,128283,0.0,02,000929
128349,0,0,0,0,128349,0.0,02,000930
128357,0,0,0,0,128357,0.0,02,000931
128187,0,0,0,0,128187,0.0,02,000932
128099,0,0,0,0,128099,0.0,02,000933
128176,0,0,0,0,128176,0.0,02,000934
128071,0,0,0,0,128071,0.0,02,000935
128039,0,0,0,0,128039,0.0,02,000936
127978,0,0,0,0,127978,0.0,02,000937
128046,0,0,0,0,128046,0.0,02,000938
127969,0,0,0,0,127969,0.0,02,000939
127889,0,0,0,0,127889,0.0,02,000940
127956,0,0,0,0,127956,0.0,02,000941
127995,0,0,0,0,127995,0.0,02,000942
128008,0,0,0,0,128008,0.0,02,000943
127971,0,0,0,0,127971,0.0,02,000944
127952,0,0,0,0,127952,0.0,02,000945
128000,0,0,0,0,128000,0.0,02,000946
128054,0,0,0,0,128054,0.0,02,000947
128012,0,0,0,0,128012,0.0,02,000948
127908,0,0,0,0,127908,0.0,02,000949
127890,0,0,0,0,127890,0.0,02,000950
127490,0,0,0,0,127490,0.0,02,000951
127037,0,0,0,0,127037,0.0,02,000952
126423,0,0,0,0,126423,0.0,02,000953
126029,0,0,0,0,126029,0.0,02,000954
125904,0,0,0,0,125904,0.0,02,000955
125942,0,0,0,0,125942,0.0,02,000956
126189,0,0,0,0,126189,0.0,02,000957
126138,0,0,0,0,126138,0.0,02,000958
126190,0,0,0,0,126190,0.0,02,000959
126200,0,0,0,0,126200,0.0,02,000960
126239,0,0,0,0,126239,0.0,02,000961
126494,0,0,0,0,126494,0.0,02,000962
126665,0,0,0,0,126665,0.0,02,000963
127030,0,0,0,0,127030,0.0,02,000964
127280,0,0,0,0,127280,0.0,02,000965
127371,0,0,0,0,127371,0.0,02,000966
127611,0,0,0,0,127611,0.0,02,000967
127655,0,0,0,0,127655,0.0,02,000968
127880,0,0,0,0,127880,0.0,02,000969
127925,0,0,0,0,127925,0.0,02,000970
128072,0,0,0,0,128072,0.0,02,000971
128135,0,0,0,0,128135,0.0,02,000972
128263,0,0,0,0,128263,0.0,02,000973
128064,0,0,0,0,128064,0.0,02,000974
128166,0,0,0,0,128166,0.0,02,000975
128063,0,0,0,0,128063,0.0,02,000976
128085,0,0,0,0,128085,0.0,02,000977
128181,0,0,0,0,128181,0.0,02,000978
128052,0,0,0,0,128052,0.0,02,000979
128091,0,0,0,0,128091,0.0,02,000980
128157,0,0,0,0,128157,0.0,02,000981
128245,0,0,0,0,128245,0.0,02,000982
128198,0,0,0,0,128198,0.0,02,000983
128134,0,0,0,0,128134,0.0,02,000984
128163,0,0,0,0,128163,0.0,02,000985
128269,0,0,0,0,128269,0.0,02,000986
128231,0,0,0,0,128231,0.0,02,000987
128189,0,0,0,0,128189,0.0,02,000988
128127,0,0,0,0,128127,0.0,02,000989
128083,0,0,0,0,128083,0.0,02,000990
128000,0,0,0,0,128000,0.0,02,000991
127914,0,0,0,0,127914,0.0,02,000992
127897,0,0,0,0,127897,0.0,02,000993
127826,0,0,0,0,127826,0.0,02,000994
127801,0,0,0,0,127801,0.0,02,000995
127863,0,0,0,0,127863,0.0,02,000996
127785,0,0,0,0,127785,0.0,02,000997
127801,0,0,0,0,127801,0.0,02,000998
127766,0,0,0,0,127766,0.0,02,000999
127854,0,0,0,0,127854,0.0,02,001000
127773,0,0,0,0,127773,0.0,02,001001
127827,0,0,0,0,127827,0.0,02,001002
127721,0,0,0,0,127721,0.0,02,001003
127801,0,0,0,0,127801,0.0,02,001004
127791,0,0,0,0,127791,0.0,02,001005
127733,0,0,0,0,127733,0.0,02,001006
127723,0,0,0,0,127723,0.0,02,001007
127751,0,0,0,0,127751,0.0,02,001008
127759,0,0,0,0,127759,0.0,02,001009
127715,0,0,0,0,127715,0.0,02,001010
127714,0,0,0,0,127714,0.0,02,001011
127674,0,0,0,0,127674,0.0,02,001012
127666,0,0,0,0,127666,0.0,02,001013
127649,0,0,0,0,127649,0.0,02,001014
127611,0,0,0,0,127611,0.0,02,001015
127617,0,0,0,0,127617,0.0,02,001016
127515,0,0,0,0,127515,0.0,02,001017
127483,0,0,0,0,127483,0.0,02,001018
127424,0,0,0,0,127424,0.0,02,001019
127253,0,0,0,0,127253,0.0,02,001020
127166,0,0,0,0,127166,0.0,02,001021
127164,0,0,0,0,127164,0.0,02,001022
127129,0,0,0,0,127129,0.0,02,001023
127285,0,0,0,0,127285,0.0,02,001024
127131,0,0,0,0,127131,0.0,02,001025
127121,0,0,0,0,127121,0.0,02,001026
127100,0,0,0,0,127100,0.0,02,001027
127148,0,0,0,0,127148,0.0,02,001028
127223,0,0,0,0,127223,0.0,02,001029
127243,0,0,0,0,127243,0.0,02,001030
127232,0,0,0,0,127232,0.0,02,001031
127295,0,0,0,0,127295,0.0,02,001032
127420,0,0,0,0,127420,0.0,02,001033
127384,0,0,0,0,127384,0.0,02,001034
127438,0,0,0,0,127438,0.0,02,001035
127408,0,0,0,0,127408,0.0,02,001036
127388,0,0,0,0,127388,0.0,02,001037
127390,0,0,0,0,127390,0.0,02,001038
127359,0,0,0,0,127359,0.0,02,001039
127487,0,0,0,0,127487,0.0,02,001040
127579,0,0,0,0,127579,0.0,02,001041
127616,0,0,0,0,127616,0.0,02,001042
127590,0,0,0,0,127590,0.0,02,001043
127693,0,0,0,0,127693,0.0,02,001044
127946,0,0,0,0,127946,0.0,02,001045
127959,0,0,0,0,127959,0.0,02,001046
127890,0,0,0,0,127890,0.0,02,001047
127923,0,0,0,0,127923,0.0,02,001048
128110,0,0,0,0,128110,0.0,02,001049
128243,0,0,0,0,128243,0.0,02,001050
128463,0,0,0,0,128463,0.0,02,001051
128554,0,0,0,0,128554,0.0,02,001052
128510,0,0,0,0,128510,0.0,02,001053
128576,0,0,0,0,128576,0.0,02,001054
128524,0,0,0,0,128524,0.0,02,001055
128477,0,0,0,0,128477,0.0,02,001056
128400,0,0,0,0,128400,0.0,02,001057
128358,0,0,0,0,128358,0.0,02,001058
128296,0,0,0,0,128296,0.0,02,001059
128202,0,0,0,0,128202,0.0,02,001060
128114,0,0,0,0,128114,0.0,02,001061
127993,0,0,0,0,127993,0.0,02,001062
127933,0,0,0,0,127933,0.0,02,001063
127909,0,0,0,0,127909,0.0,02,001064
127797,0,0,0,0,127797,0.0,02,001065
127817,0,0,0,0,127817,0.0,02,001066
127624,0,0,0,0,127624,0.0,02,001067
127515,0,0,0,0,127515,0.0,02,001068
127489,0,0,0,0,127489,0.0,02,001069
127414,0,0,0,0,127414,0.0,02,001070
127336,0,0,0,0,127336,0.0,02,001071
127369,0,0,0,0,127369,0.0,02,001072
127295,0,0,0,0,127295,0.0,02,001073
127206,0,0,0,0,127206,0.0,02,001074
127212,0,0,0,0,127212,0.0,02,001075
127082,0,0,0,0,127082,0.0,02,001076
127045,0,0,0,0,127045,0.0,02,001077
127088,0,0,0,0,127088,0.0,02,001078
127243,0,0,0,0,127243,0.0,02,001079
127233,0,0,0,0,127233,0.0,02,001080
127318,0,0,0,0,127318,0.0,02,001081
127281,0,0,0,0,127281,0.0,02,001082
127345,0,0,0,0,127345,0.0,02,001083
127251,0,0,0,0,127251,0.0,02,001084
127273,0,0,0,0,127273,0.0,02,001085
127151,0,0,0,0,127151,0.0,02,001086
127227,0,0,0,0,127227,0.0,02,001087
127287,0,0,0,0,127287,0.0,02,001088
127304,0,0,0,0,127304,0.0,02,001089
127293,0,0,0,0,127293,0.0,02,001090
127366,0,0,0,0,127366,0.0,02,001091
127433,0,0,0,0,127433,0.0,02,001092
127355,0,0,0,0,127355,0.0,02,001093
127511,0,0,0,0,127511,0.0,02,001094
127417,0,0,0,0,127417,0.0,02,001095
127537,0,0,0,0,127537,0.0,02,001096
127596,0,0,0,0,127596,0.0,02,001097
127693,0,0,0,0,127693,0.0,02,001098
127699,0,0,0,0,127699,0.0,02,001099
127858,0,0,0,0,127858,0.0,02,001100
127900,0,0,0,0,127900,0.0,02,001101
127967,0,0,0,0,127967,0.0,02,001102
128080,0,0,0,0,128080,0.0,02,001103
128088,0,0,0,0,128088,0.0,02,001104
128088,0,0,0,0,128088,0.0,02,001105
128067,0,0,0,0,128067,0.0,02,001106
128018,0,0,0,0,128018,0.0,02,001107
128012,0,0,0,0,128012,0.0,02,001108
127962,0,0,0,0,127962,0.0,02,001109
127948,0,0,0,0,127948,0.0,02,001110
127877,0,0,0,0,127877,0.0,02,001111
127825,0,0,0,0,127825,0.0,02,001112
127842,0,0,0,0,127842,0.0,02,001113
127664,0,0,0,0,127664,0.0,02,001114
127693,0,0,0,0,127693,0.0,02,001115
127583,0,0,0,0,127583,0.0,02,001116
127599,0,0,0,0,127599,0.0,02,001117
127599,0,0,0,0,127599,0.0,02,001118
127624,0,0,0,0,127624,0.0,02,001119
127565,0,0,0,0,127565,0.0,02,001120
127532,0,0,0,0,127532,0.0,02,001121
127440,0,0,0,0,127440,0.0,02,001122
127500,0,0,0,0,127500,0.0,02,001123
127520,0,0,0,0,127520,0.0,02,001124
127553,0,0,0,0,127553,0.0,02,001125
127555,0,0,0,0,127555,0.0,02,001126
127567,0,0,0,0,127567,0.0,02,001127
127461,0,0,0,0,127461,0.0,02,001128
127403,0,0,0,0,127403,0.0,02,001129
127292,0,0,0,0,127292,0.0,02,001130
127249,0,0,0,0,127249,0.0,02,001131
127029,0,0,0,0,127029,0.0,02,001132
126856,0,0,0,0,126856,0.0,02,001133
126548,0,0,0,0,126548,0.0,02,001134
126269,0,0,0,0,126269,0.0,02,001135
125954,0,0,0,0,125954,0.0,02,001136
125796,0,0,0,0,125796,0.0,02,001137
125440,0,0,0,0,125440,0.0,02,001138
124904,0,0,0,0,124904,0.0,02,001139
123903,0,0,0,0,123903,0.0,02,001140
123090,0,0,0,0,123090,0.0,02,001141
123029,0,0,0,0,123029,0.0,02,001142
123288,0,0,0,0,123288,0.0,02,001143
122881,0,0,0,0,122881,0.0,02,001144
122126,0,0,0,0,122126,0.0,02,001145
121832,0,0,0,0,121832,0.0,02,001146
122238,0,0,0,0,122238,0.0,02,001147
123172,0,0,0,0,123172,0.0,02,001148
124190,0,0,0,0,124190,0.0,02,001149
124893,0,0,0,0,124893,0.0,02,001150
125384,0,0,0,0,125384,0.0,02,001151
125727,0,0,0,0,125727,0.0,02,001152
125891,0,0,0,0,125891,0.0,02,001153
126183,0,0,0,0,126183,0.0,02,001154
126370,0,0,0,0,126370,0.0,02,001155
126639,0,0,0,0,126639,0.0,02,001156
126756,0,0,0,0,126756,0.0,02,001157
126860,0,0,0,0,126860,0.0,02,001158
126894,0,0,0,0,126894,0.0,02,001159
127035,0,0,0,0,127035,0.0,02,001160
127058,0,0,0,0,127058,0.0,02,001161
127155,0,0,0,0,127155,0.0,02,001162
127101,0,0,0,0,127101,0.0,02,001163
127103,0,0,0,0,127103,0.0,02,001164
127089,0,0,0,0,127089,0.0,02,001165
126933,0,0,0,0,126933,0.0,02,001166
126853,0,0,0,0,126853,0.0,02,001167
126731,0,0,0,0,126731,0.0,02,001168
126761,0,0,0,0,126761,0.0,02,001169
126725,0,0,0,0,126725,0.0,02,001170
126738,0,0,0,0,126738,0.0,02,001171
126625,0,0,0,0,126625,0.0,02,001172
126531,0,0,0,0,126531,0.0,02,001173
126375,0,0,0,0,126375,0.0,02,001174
126204,0,0,0,0,126204,0.0,02,001175
126080,0,0,0,0,126080,0.0,02,001176
125837,0,0,0,0,125837,0.0,02,001177
125644,0,0,0,0,125644,0.0,02,001178
125547,0,0,0,0,125547,0.0,02,001179
125350,0,0,0,0,125350,0.0,02,001180
125311,0,0,0,0,125311,0.0,02,001181
125220,0,0,0,0,125220,0.0,02,001182
124861,0,0,0,0,124861,0.0,02,001183
124527,0,0,0,0,124527,0.0,02,001184
124330,0,0,0,0,124330,0.0,02,001185
124301,0,0,0,0,124301,0.0,02,001186
124567,0,0,0,0,124567,0.0,02,001187
124814,0,0,0,0,124814,0.0,02,001188
124642,0,0,0,0,124642,0.0,02,001189
124634,0,0,0,0,124634,0.0,02,001190
124449,0,0,0,0,124449,0.0,02,001191
124086,0,0,0,0,124086,0.0,02,001192
123822,0,0,0,0,123822,0.0,02,001193
123650,0,0,0,0,123650,0.0,02,001194
123196,0,0,0,0,123196,0.0,02,001195
122858,0,0,0,0,122858,0.0,02,001196
121950,0,0,0,0,121950,0.0,02,001197
120531,0,0,0,0,120531,0.0,02,001198
118885,0,0,0,0,118885,0.0,02,001199
117953,0,0,0,0,117953,0.0,02,001200
117876,0,0,0,0,117876,0.0,02,001201
117077,0,0,0,0,117077,0.0,02,001202
117514,0,0,0,0,117514,0.0,02,001203
117166,0,0,0,0,117166,0.0,02,001204
118202,0,0,0,0,118202,0.0,02,001205
119640,0,0,0,0,119640,0.0,02,001206
121385,0,0,0,0,121385,0.0,02,001207
123224,0,0,0,0,123224,0.0,02,001208
124269,0,0,0,0,124269,0.0,02,001209
124813,0,0,0,0,124813,0.0,02,001210
125138,0,0,0,0,125138,0.0,02,001211
125218,0,0,0,0,125218,0.0,02,001212
125245,0,0,0,0,125245,0.0,02,001213
125491,0,0,0,0,125491,0.0,02,001214
125509,0,0,0,0,125509,0.0,02,001215
125460,0,0,0,0,125460,0.0,02,001216
125679,0,0,0,0,125679,0.0,02,001217
125503,0,0,0,0,125503,0.0,02,001218
125207,0,0,0,0,125207,0.0,02,001219
125197,0,0,0,0,125197,0.0,02,001220
125282,0,0,0,0,125282,0.0,02,001221
125301,0,0,0,0,125301,0.0,02,001222
125284,0,0,0,0,125284,0.0,02,001223
125389,0,0,0,0,125389,0.0,02,001224
125182,0,0,0,0,125182,0.0,02,001225
125228,0,0,0,0,125228,0.0,02,001226
125251,0,0,0,0,125251,0.0,02,001227
125509,0,0,0,0,125509,0.0,02,001228
125717,0,0,0,0,125717,0.0,02,001229
125688,0,0,0,0,125688,0.0,02,001230
125981,0,0,0,0,125981,0.0,02,001231
125953,0,0,0,0,125953,0.0,02,001232
125962,0,0,0,0,125962,0.0,02,001233
126116,0,0,0,0,126116,0.0,02,001234
126102,0,0,0,0,126102,0.0,02,001235
126081,0,0,0,0,126081,0.0,02,001236
126002,0,0,0,0,126002,0.0,02,001237
126128,0,0,0,0,126128,0.0,02,001238
126204,0,0,0,0,126204,0.0,02,001239
126318,0,0,0,0,126318,0.0,02,001240
126384,0,0,0,0,126384,0.0,02,001241
126342,0,0,0,0,126342,0.0,02,001242
126352,0,0,0,0,126352,0.0,02,001243
126327,0,0,0,0,126327,0.0,02,001244
126283,0,0,0,0,126283,0.0,02,001245
126399,0,0,0,0,126399,0.0,02,001246
126491,0,0,0,0,126491,0.0,02,001247
126693,0,0,0,0,126693,0.0,02,001248
126663,0,0,0,0,126663,0.0,02,001249
126673,0,0,0,0,126673,0.0,02,001250
126608,0,0,0,0,126608,0.0,02,001251
126603,0,0,0,0,126603,0.0,02,001252
126540,0,0,0,0,126540,0.0,02,001253
126446,0,0,0,0,126446,0.0,02,001254
126122,0,0,0,0,126122,0.0,02,001255
125832,0,0,0,0,125832,0.0,02,001256
125486,0,0,0,0,125486,0.0,02,001257
125390,0,0,0,0,125390,0.0,02,001258
124935,0,0,0,0,124935,0.0,02,001259
124122,0,0,0,0,124122,0.0,02,001260
123518,0,0,0,0,123518,0.0,02,001261
123458,0,0,0,0,123458,0.0,02,001262
123232,0,0,0,0,123232,0.0,02,001263
123083,0,0,0,0,123083,0.0,02,001264
123969,0,0,0,0,123969,0.0,02,001265
125382,0,0,0,0,125382,0.0,02,001266
125758,0,0,0,0,125758,0.0,02,001267
125886,0,0,0,0,125886,0.0,02,001268
126023,0,0,0,0,126023,0.0,02,001269
126088,0,0,0,0,126088,0.0,02,001270
126148,0,0,0,0,126148,0.0,02,001271
126326,0,0,0,0,126326,0.0,02,001272
126414,0,0,0,0,126414,0.0,02,001273
126485,0,0,0,0,126485,0.0,02,001274
126511,0,0,0,0,126511,0.0,02,001275
126501,0,0,0,0,126501,0.0,02,001276
126379,0,0,0,0,126379,0.0,02,001277
126506,0,0,0,0,126506,0.0,02,001278
126610,0,0,0,0,126610,0.0,02,001279
126640,0,0,0,0,126640,0.0,02,001280
126559,0,0,0,0,126559,0.0,02,001281
126539,0,0,0,0,126539,0.0,02,001282
126516,0,0,0,0,126516,0.0,02,001283
126576,0,0,0,0,126576,0.0,02,001284
126555,0,0,0,0,126555,0.0,02,001285
126467,0,0,0,0,126467,0.0,02,001286
126283,0,0,0,0,126283,0.0,02,001287
126248,0,0,0,0,126248,0.0,02,001288
126159,0,0,0,0,126159,0.0,02,001289
126276,0,0,0,0,126276,0.0,02,001290
126460,0,0,0,0,126460,0.0,02,001291
126473,0,0,0,0,126473,0.0,02,001292
126584,0,0,0,0,126584,0.0,02,001293
126625,0,0,0,0,126625,0.0,02,001294
126565,0,0,0,0,126565,0.0,02,001295
126671,0,0,0,0,126671,0.0,02,001296
126673,0,0,0,0,126673,0.0,02,001297
126774,0,0,0,0,126774,0.0,02,001298
126780,0,0,0,0,126780,0.0,02,001299
126913,0,0,0,0,126913,0.0,02,001300
126981,0,0,0,0,126981,0.0,02,001301
127175,0,0,0,0,127175,0.0,02,001302
127190,0,0,0,0,127190,0.0,02,001303
127163,0,0,0,0,127163,0.0,02,001304
127274,0,0,0,0,127274,0.0,02,001305
127264,0,0,0,0,127264,0.0,02,001306
127420,0,0,0,0,127420,0.0,02,001307
127497,0,0,0,0,127497,0.0,02,001308
127384,0,0,0,0,127384,0.0,02,001309
127263,0,0,0,0,127263,0.0,02,001310
127271,0,0,0,0,127271,0.0,02,001311
127423,0,0,0,0,127423,0.0,02,001312
127414,0,0,0,0,127414,0.0,02,001313
127383,0,0,0,0,127383,0.0,02,001314
127410,0,0,0,0,127410,0.0,02,001315
127307,0,0,0,0,127307,0.0,02,001316
127114,0,0,0,0,127114,0.0,02,001317
126954,0,0,0,0,126954,0.0,02,001318
126878,0,0,0,0,126878,0.0,02,001319
127000,0,0,0,0,127000,0.0,02,001320
126852,0,0,0,0,126852,0.0,02,001321
126922,0,0,0,0,126922,0.0,02,001322
126853,0,0,0,0,126853,0.0,02,001323
126962,0,0,0,0,126962,0.0,02,001324
127002,0,0,0,0,127002,0.0,02,001325
127016,0,0,0,0,127016,0.0,02,001326
127166,0,0,0,0,127166,0.0,02,001327
127191,0,0,0,0,127191,0.0,02,001328
127342,0,0,0,0,127342,0.0,02,001329
127417,0,0,0,0,127417,0.0,02,001330
127444,0,0,0,0,127444,0.0,02,001331
127265,0,0,0,0,127265,0.0,02,001332
127156,0,0,0,0,127156,0.0,02,001333
127124,0,0,0,0,127124,0.0,02,001334
127067,0,0,0,0,127067,0.0,02,001335
127029,0,0,0,0,127029,0.0,02,001336
127238,0,0,0,0,127238,0.0,02,001337
127159,0,0,0,0,127159,0.0,02,001338
127128,0,0,0,0,127128,0.0,02,001339
127143,0,0,0,0,127143,0.0,02,001340
127130,0,0,0,0,127130,0.0,02,001341
127067,0,0,0,0,127067,0.0,02,001342
127091,0,0,0,0,127091,0.0,02,001343
127180,0,0,0,0,127180,0.0,02,001344
127197,0,0,0,0,127197,0.0,02,001345
127298,0,0,0,0,127298,0.0,02,001346
127525,0,0,0,0,127525,0.0,02,001347
127729,0,0,0,0,127729,0.0,02,001348
127870,0,0,0,0,127870,0.0,02,001349
127846,0,0,0,0,127846,0.0,02,001350
127543,0,0,0,0,127543,0.0,02,001351
127336,0,0,0,0,127336,0.0,02,001352
127159,0,0,0,0,127159,0.0,02,001353
127101,0,0,0,0,127101,0.0,02,001354
127338,0,0,0,0,127338,0.0,02,001355
127347,0,0,0,0,127347,0.0,02,001356
127416,0,0,0,0,127416,0.0,02,001357
127377,0,0,0,0,127377,0.0,02,001358
127283,0,0,0,0,127283,0.0,02,001359
127206,0,0,0,0,127206,0.0,02,001360
127349,0,0,0,0,127349,0.0,02,001361
127491,0,0,0,0,127491,0.0,02,001362
127508,0,0,0,0,127508,0.0,02,001363
127646,0,0,0,0,127646,0.0,02,001364
127691,0,0,0,0,127691,0.0,02,001365
127605,0,0,0,0,127605,0.0,02,001366
127753,0,0,0,0,127753,0.0,02,001367
127761,0,0,0,0,127761,0.0,02,001368
127865,0,0,0,0,127865,0.0,02,001369
127966,0,0,0,0,127966,0.0,02,001370
127982,0,0,0,0,127982,0.0,02,001371
128064,0,0,0,0,128064,0.0,02,001372
128054,0,0,0,0,128054,0.0,02,001373
127957,0,0,0,0,127957,0.0,02,001374
128103,0,0,0,0,128103,0.0,02,001375
128264,0,0,0,0,128264,0.0,02,001376
128312,0,0,0,0,128312,0.0,02,001377
128382,0,0,0,0,128382,0.0,02,001378
128446,0,0,0,0,128446,0.0,02,001379
128430,0,0,0,0,128430,0.0,02,001380
128423,0,0,0,0,128423,0.0,02,001381
128429,0,0,0,0,128429,0.0,02,001382
128468,0,0,0,0,128468,0.0,02,001383
128340,0,0,0,0,128340,0.0,02,001384
128346,0,0,0,0,128346,0.0,02,001385
128321,0,0,0,0,128321,0.0,02,001386
128315,0,0,0,0,128315,0.0,02,001387
128328,0,0,0,0,128328,0.0,02,001388
128188,0,0,0,0,128188,0.0,02,001389
128238,0,0,0,0,128238,0.0,02,001390
128069,0,0,0,0,128069,0.0,02,001391
127928,0,0,0,0,127928,0.0,02,001392
127953,0,0,0,0,127953,0.0,02,001393
127853,0,0,0,0,127853,0.0,02,001394
127796,0,0,0,0,127796,0.0,02,001395
127626,0,0,0,0,127626,0.0,02,001396
127488,0,0,0,0,127488,0.0,02,001397
127368,0,0,0,0,127368,0.0,02,001398
127319,0,0,0,0,127319,0.0,02,001399
127123,0,0,0,0,127123,0.0,02,001400
127139,0,0,0,0,127139,0.0,02,001401
127303,0,0,0,0,127303,0.0,02,001402
127088,0,0,0,0,127088,0.0,02,001403
127018,0,0,0,0,127018,0.0,02,001404
126889,0,0,0,0,126889,0.0,02,001405
127105,0,0,0,0,127105,0.0,02,001406
127326,0,0,0,0,127326,0.0,02,001407
127558,0,0,0,0,127558,0.0,02,001408
127887,0,0,0,0,127887,0.0,02,001409
127971,0,0,0,0,127971,0.0,02,001410
128084,0,0,0,0,128084,0.0,02,001411
128154,0,0,0,0,128154,0.0,02,001412
128046,0,0,0,0,128046,0.0,02,001413
127966,0,0,0,0,127966,0.0,02,001414
127996,0,0,0,0,127996,0.0,02,001415
127989,0,0,0,0,127989,0.0,02,001416
128019,0,0,0,0,128019,0.0,02,001417
128008,0,0,0,0,128008,0.0,02,001418
127941,0,0,0,0,127941,0.0,02,001419
127871,0,0,0,0,127871,0.0,02,001420
127614,0,0,0,0,127614,0.0,02,001421
127404,0,0,0,0,127404,0.0,02,001422
127362,0,0,0,0,127362,0.0,02,001423
127494,0,0,0,0,127494,0.0,02,001424
127560,0,0,0,0,127560,0.0,02,001425
127590,0,0,0,0,127590,0.0,02,001426
127523,0,0,0,0,127523,0.0,02,001427
127558,0,0,0,0,127558,0.0,02,001428
127550,0,0,0,0,127550,0.0,02,001429
127428,0,0,0,0,127428,0.0,02,001430
127314,0,0,0,0,127314,0.0,02,001431
127151,0,0,0,0,127151,0.0,02,001432
127132,0,0,0,0,127132,0.0,02,001433
127001,0,0,0,0,127001,0.0,02,001434
126771,0,0,0,0,126771,0.0,02,001435
126518,0,0,0,0,126518,0.0,02,001436
126163,0,0,0,0,126163,0.0,02,001437
126013,0,0,0,0,126013,0.0,02,001438
125900,0,0,0,0,125900,0.0,02,001439
125760,0,0,0,0,125760,0.0,02,001440
125886,0,0,0,0,125886,0.0,02,001441
126160,0,0,0,0,126160,0.0,02,001442
126115,0,0,0,0,126115,0.0,02,001443
126063,0,0,0,0,126063,0.0,02,001444
125877,0,0,0,0,125877,0.0,02,001445
125858,0,0,0,0,125858,0.0,02,001446
126052,0,0,0,0,126052,0.0,02,001447
126343,0,0,0,0,126343,0.0,02,001448
126554,0,0,0,0,126554,0.0,02,001449
126697,0,0,0,0,126697,0.0,02,001450
126952,0,0,0,0,126952,0.0,02,001451
126884,0,0,0,0,126884,0.0,02,001452
126985,0,0,0,0,126985,0.0,02,001453
127000,0,0,0,0,127000,0.0,02,001454
126914,0,0,0,0,126914,0.0,02,001455
126969,0,0,0,0,126969,0.0,02,001456
127041,0,0,0,0,127041,0.0,02,001457
127087,0,0,0,0,127087,0.0,02,001458
127022,0,0,0,0,127022,0.0,02,001459
126829,0,0,0,0,126829,0.0,02,001460
126656,0,0,0,0,126656,0.0,02,001461
126394,0,0,0,0,126394,0.0,02,001462
126104,0,0,0,0,126104,0.0,02,001463
125526,0,0,0,0,125526,0.0,02,001464
124906,0,0,0,0,124906,0.0,02,001465
124401,0,0,0,0,124401,0.0,02,001466
123995,0,0,0,0,123995,0.0,02,001467
123371,0,0,0,0,123371,0.0,02,001468
122709,0,0,0,0,122709,0.0,02,001469
122375,0,0,0,0,122375,0.0,02,001470
122575,0,0,0,0,122575,0.0,02,001471
122692,0,0,0,0,122692,0.0,02,001472
123454,0,0,0,0,123454,0.0,02,001473
124280,0,0,0,0,124280,0.0,02,001474
125005,0,0,0,0,125005,0.0,02,001475
125634,0,0,0,0,125634,0.0,02,001476
125952,0,0,0,0,125952,0.0,02,001477
126307,0,0,0,0,126307,0.0,02,001478
126543,0,0,0,0,126543,0.0,02,001479
126685,0,0,0,0,126685,0.0,02,001480
126806,0,0,0,0,126806,0.0,02,001481
126989,0,0,0,0,126989,0.0,02,001482
127058,0,0,0,0,127058,0.0,02,001483
127237,0,0,0,0,127237,0.0,02,001484
127142,0,0,0,0,127142,0.0,02,001485
127045,0,0,0,0,127045,0.0,02,001486
126956,0,0,0,0,126956,0.0,02,001487
126907,0,0,0,0,126907,0.0,02,001488
126592,0,0,0,0,126592,0.0,02,001489
126316,0,0,0,0,126316,0.0,02,001490
125864,0,0,0,0,125864,0.0,02,001491
125390,0,0,0,0,125390,0.0,02,001492
125127,0,0,0,0,125127,0.0,02,001493
124700,0,0,0,0,124700,0.0,02,001494
124176,0,0,0,0,124176,0.0,02,001495
123873,0,0,0,0,123873,0.0,02,001496
123575,0,0,0,0,123575,0.0,02,001497
123363,0,0,0,0,123363,0.0,02,001498
123388,0,0,0,0,123388,0.0,02,001499
123830,0,0,0,0,123830,0.0,02,001500
124291,0,0,0,0,124291,0.0,02,001501
125119,0,0,0,0,125119,0.0,02,001502
125769,0,0,0,0,125769,0.0,02,001503
126287,0,0,0,0,126287,0.0,02,001504
126288,0,0,0,0,126288,0.0,02,001505
126185,0,0,0,0,126185,0.0,02,001506
125813,0,0,0,0,125813,0.0,02,001507
125482,0,0,0,0,125482,0.0,02,001508
125147,0,0,0,0,125147,0.0,02,001509
125229,0,0,0,0,125229,0.0,02,001510
125260,0,0,0,0,125260,0.0,02,001511
125342,0,0,0,0,125342,0.0,02,001512
125284,0,0,0,0,125284,0.0,02,001513
124979,0,0,0,0,124979,0.0,02,001514
124709,0,0,0,0,124709,0.0,02,001515
124317,0,0,0,0,124317,0.0,02,001516
124101,0,0,0,0,124101,0.0,02,001517
124056,0,0,0,0,124056,0.0,02,001518
123707,0,0,0,0,123707,0.0,02,001519
123478,0,0,0,0,123478,0.0,02,001520
123190,0,0,0,0,123190,0.0,02,001521
122655,0,0,0,0,122655,0.0,02,001522
122130,0,0,0,0,122130,0.0,02,001523
122232,0,0,0,0,122232,0.0,02,001524
122026,0,0,0,0,122026,0.0,02,001525
122369,0,0,0,0,122369,0.0,02,001526
122530,0,0,0,0,122530,0.0,02,001527
122990,0,0,0,0,122990,0.0,02,001528
123338,0,0,0,0,123338,0.0,02,001529
123631,0,0,0,0,123631,0.0,02,001530
123658,0,0,0,0,123658,0.0,02,001531
123574,0,0,0,0,123574,0.0,02,001532
123402,0,0,0,0,123402,0.0,02,001533
123467,0,0,0,0,123467,0.0,02,001534
123153,0,0,0,0,123153,0.0,02,001535
122924,0,0,0,0,122924,0.0,02,001536
122229,0,0,0,0,122229,0.0,02,001537
121905,0,0,0,0,121905,0.0,02,001538
121852,0,0,0,0,121852,0.0,02,001539
121689,0,0,0,0,121689,0.0,02,001540
122182,0,0,0,0,122182,0.0,02,001541
122361,0,0,0,0,122361,0.0,02,001542
122901,0,0,0,0,122901,0.0,02,001543
123435,0,0,0,0,123435,0.0,02,001544
123767,0,0,0,0,123767,0.0,02,001545
123759,0,0,0,0,123759,0.0,02,001546
124138,0,0,0,0,124138,0.0,02,001547
124678,0,0,0,0,124678,0.0,02,001548
125020,0,0,0,0,125020,0.0,02,001549
125115,0,0,0,0,125115,0.0,02,001550
125042,0,0,0,0,125042,0.0,02,001551
124986,0,0,0,0,124986,0.0,02,001552
124882,0,0,0,0,124882,0.0,02,001553
124741,0,0,0,0,124741,0.0,02,001554
124819,0,0,0,0,124819,0.0,02,001555
124909,0,0,0,0,124909,0.0,02,001556
124867,0,0,0,0,124867,0.0,02,001557
124652,0,0,0,0,124652,0.0,02,001558
123826,0,0,0,0,123826,0.0,02,001559
123145,0,0,0,0,123145,0.0,02,001560
122546,0,0,0,0,122546,0.0,02,001561
122359,0,0,0,0,122359,0.0,02,001562
122418,0,0,0,0,122418,0.0,02,001563
122466,0,0,0,0,122466,0.0,02,001564
122935,0,0,0,0,122935,0.0,02,001565
123510,0,0,0,0,123510,0.0,02,001566
124289,0,0,0,0,124289,0.0,02,001567
124922,0,0,0,0,124922,0.0,02,001568
125365,0,0,0,0,125365,0.0,02,001569
125654,0,0,0,0,125654,0.0,02,001570
126089,0,0,0,0,126089,0.0,02,001571
126220,0,0,0,0,126220,0.0,02,001572
126300,0,0,0,0,126300,0.0,02,001573
126372,0,0,0,0,126372,0.0,02,001574
126545,0,0,0,0,126545,0.0,02,001575
126614,0,0,0,0,126614,0.0,02,001576
126506,0,0,0,0,126506,0.0,02,001577
126600,0,0,0,0,126600,0.0,02,001578
126563,0,0,0,0,126563,0.0,02,001579
126721,0,0,0,0,126721,0.0,02,001580
126702,0,0,0,0,126702,0.0,02,001581
126738,0,0,0,0,126738,0.0,02,001582
126712,0,0,0,0,126712,0.0,02,001583
126571,0,0,0,0,126571,0.0,02,001584
126521,0,0,0,0,126521,0.0,02,001585
126355,0,0,0,0,126355,0.0,02,001586
126178,0,0,0,0,126178,0.0,02,001587
125788,0,0,0,0,125788,0.0,02,001588
125552,0,0,0,0,125552,0.0,02,001589
125056,0,0,0,0,125056,0.0,02,001590
124799,0,0,0,0,124799,0.0,02,001591
124108,0,0,0,0,124108,0.0,02,001592
122887,0,0,0,0,122887,0.0,02,001593
121285,0,0,0,0,121285,0.0,02,001594
119319,0,0,0,0,119319,0.0,02,001595
118739,0,0,0,0,118739,0.0,02,001596
118483,0,0,0,0,118483,0.0,02,001597
117861,0,0,0,0,117861,0.0,02,001598
118136,0,0,0,0,118136,0.0,02,001599
119640,0,0,0,0,119640,0.0,02,001600
120335,0,0,0,0,120335,0.0,02,001601
121616,0,0,0,0,121616,0.0,02,001602
122381,0,0,0,0,122381,0.0,02,001603
122974,0,0,0,0,122974,0.0,02,001604
123141,0,0,0,0,123141,0.0,02,001605
122856,0,0,0,0,122856,0.0,02,001606
122046,0,0,0,0,122046,0.0,02,001607
120910,0,0,0,0,120910,0.0,02,001608
120751,0,0,0,0,120751,0.0,02,001609
120268,0,0,0,0,120268,0.0,02,001610
119220,0,0,0,0,119220,0.0,02,001611
118882,0,0,0,0,118882,0.0,02,001612
119174,0,0,0,0,119174,0.0,02,001613
120506,0,0,0,0,120506,0.0,02,001614
122387,0,0,0,0,122387,0.0,02,001615
124077,0,0,0,0,124077,0.0,02,001616
125170,0,0,0,0,125170,0.0,02,001617
125916,0,0,0,0,125916,0.0,02,001618
126479,0,0,0,0,126479,0.0,02,001619
126613,0,0,0,0,126613,0.0,02,001620
126750,0,0,0,0,126750,0.0,02,001621
126924,0,0,0,0,126924,0.0,02,001622
127002,0,0,0,0,127002,0.0,02,001623
127150,0,0,0,0,127150,0.0,02,001624
127218,0,0,0,0,127218,0.0,02,001625
127110,0,0,0,0,127110,0.0,02,001626
127023,0,0,0,0,127023,0.0,02,001627
127077,0,0,0,0,127077,0.0,02,001628
126842,0,0,0,0,126842,0.0,02,001629
126652,0,0,0,0,126652,0.0,02,001630
126439,0,0,0,0,126439,0.0,02,001631
126316,0,0,0,0,126316,0.0,02,001632
126369,0,0,0,0,126369,0.0,02,001633
126158,0,0,0,0,126158,0.0,02,001634
126181,0,0,0,0,126181,0.0,02,001635
126085,0,0,0,0,126085,0.0,02,001636
125923,0,0,0,0,125923,0.0,02,001637
125737,0,0,0,0,125737,0.0,02,001638
125087,0,0,0,0,125087,0.0,02,001639
124835,0,0,0,0,124835,0.0,02,001640
124506,0,0,0,0,124506,0.0,02,001641
124373,0,0,0,0,124373,0.0,02,001642
123940,0,0,0,0,123940,0.0,02,001643
123714,0,0,0,0,123714,0.0,02,001644
123549,0,0,0,0,123549,0.0,02,001645
123479,0,0,0,0,123479,0.0,02,001646
123541,0,0,0,0,123541,0.0,02,001647
123769,0,0,0,0,123769,0.0,02,001648
123773,0,0,0,0,123773,0.0,02,001649
123593,0,0,0,0,123593,0.0,02,001650
123543,0,0,0,0,123543,0.0,02,001651
123567,0,0,0,0,123567,0.0,02,001652
123990,0,0,0,0,123990,0.0,02,001653
124257,0,0,0,0,124257,0.0,02,001654
124389,0,0,0,0,124389,0.0,02,001655
124650,0,0,0,0,124650,0.0,02,001656
124711,0,0,0,0,124711,0.0,02,001657
124646,0,0,0,0,124646,0.0,02,001658
124350,0,0,0,0,124350,0.0,02,001659
123952,0,0,0,0,123952,0.0,02,001660
123853,0,0,0,0,123853,0.0,02,001661
123541,0,0,0,0,123541,0.0,02,001662
123225,0,0,0,0,123225,0.0,02,001663
122885,0,0,0,0,122885,0.0,02,001664
122758,0,0,0,0,122758,0.0,02,001665
122771,0,0,0,0,122771,0.0,02,001666
122837,0,0,0,0,122837,0.0,02,001667
122856,0,0,0,0,122856,0.0,02,001668
122725,0,0,0,0,122725,0.0,02,001669
122821,0,0,0,0,122821,0.0,02,001670
123235,0,0,0,0,123235,0.0,02,001671
123753,0,0,0,0,123753,0.0,02,001672
123993,0,0,0,0,123993,0.0,02,001673
124299,0,0,0,0,124299,0.0,02,001674
124513,0,0,0,0,124513,0.0,02,001675
124736,0,0,0,0,124736,0.0,02,001676
125134,0,0,0,0,125134,0.0,02,001677
125507,0,0,0,0,125507,0.0,02,001678
126027,0,0,0,0,126027,0.0,02,001679
126014,0,0,0,0,126014,0.0,02,001680
125973,0,0,0,0,125973,0.0,02,001681
125674,0,0,0,0,125674,0.0,02,001682
125493,0,0,0,0,125493,0.0,02,001683
125464,0,0,0,0,125464,0.0,02,001684
125924,0,0,0,0,125924,0.0,02,001685
126292,0,0,0,0,126292,0.0,02,001686
126217,0,0,0,0,126217,0.0,02,001687
126175,0,0,0,0,126175,0.0,02,001688
126188,0,0,0,0,126188,0.0,02,001689
126279,0,0,0,0,126279,0.0,02,001690
126422,0,0,0,0,126422,0.0,02,001691
126321,0,0,0,0,126321,0.0,02,001692
126087,0,0,0,0,126087,0.0,02,001693
125764,0,0,0,0,125764,0.0,02,001694
125481,0,0,0,0,125481,0.0,02,001695
125381,0,0,0,0,125381,0.0,02,001696
125570,0,0,0,0,125570,0.0,02,001697
125545,0,0,0,0,125545,0.0,02,001698
125958,0,0,0,0,125958,0.0,02,001699
126234,0,0,0,0,126234,0.0,02,001700
126431,0,0,0,0,126431,0.0,02,001701
126711,0,0,0,0,126711,0.0,02,001702
126918,0,0,0,0,126918,0.0,02,001703
127006,0,0,0,0,127006,0.0,02,001704
127004,0,0,0,0,127004,0.0,02,001705
127185,0,0,0,0,127185,0.0,02,001706
127226,0,0,0,0,127226,0.0,02,001707
127086,0,0,0,0,127086,0.0,02,001708
127257,0,0,0,0,127257,0.0,02,001709
127353,0,0,0,0,127353,0.0,02,001710
127345,0,0,0,0,127345,0.0,02,001711
127450,0,0,0,0,127450,0.0,02,001712
127439,0,0,0,0,127439,0.0,02,001713
127346,0,0,0,0,127346,0.0,02,001714
127140,0,0,0,0,127140,0.0,02,001715
126771,0,0,0,0,126771,0.0,02,001716
126243,0,0,0,0,126243,0.0,02,001717
125825,0,0,0,0,125825,0.0,02,001718
125770,0,0,0,0,125770,0.0,02,001719
125806,0,0,0,0,125806,0.0,02,001720
125727,0,0,0,0,125727,0.0,02,001721
125471,0,0,0,0,125471,0.0,02,001722
125037,0,0,0,0,125037,0.0,02,001723
124693,0,0,0,0,124693,0.0,02,001724
124750,0,0,0,0,124750,0.0,02,001725
124626,0,0,0,0,124626,0.0,02,001726
124403,0,0,0,0,124403,0.0,02,001727
124294,0,0,0,0,124294,0.0,02,001728
124889,0,0,0,0,124889,0.0,02,001729
125154,0,0,0,0,125154,0.0,02,001730
125136,0,0,0,0,125136,0.0,02,001731
125114,0,0,0,0,125114,0.0,02,001732
125263,0,0,0,0,125263,0.0,02,001733
126452,0,0,0,0,126452,0.0,02,001734
127355,0,0,0,0,127355,0.0,02,001735
127911,0,0,0,0,127911,0.0,02,001736
128291,0,0,0,0,128291,0.0,02,001737
128378,0,0,0,0,128378,0.0,02,001738
128523,0,0,0,0,128523,0.0,02,001739
128525,0,0,0,0,128525,0.0,02,001740
128541,0,0,0,0,128541,0.0,02,001741
128420,0,0,0,0,128420,0.0,02,001742
128462,0,0,0,0,128462,0.0,02,001743
128454,0,0,0,0,128454,0.0,02,001744
128484,0,0,0,0,128484,0.0,02,001745
128513,0,0,0,0,128513,0.0,02,001746
128547,0,0,0,0,128547,0.0,02,001747
128602,0,0,0,0,128602,0.0,02,001748
128577,0,0,0,0,128577,0.0,02,001749
128629,0,0,0,0,128629,0.0,02,001750
128598,0,0,0,0,128598,0.0,02,001751
128662,0,0,0,0,128662,0.0,02,001752
128653,0,0,0,0,128653,0.0,02,001753
128567,0,0,0,0,128567,0.0,02,001754
128609,0,0,0,0,128609,0.0,02,001755
128700,0,0,0,0,128700,0.0,02,001756
128638,0,0,0,0,128638,0.0,02,001757
128662,0,0,0,0,128662,0.0,02,001758
128639,0,0,0,0,128639,0.0,02,001759
128577,0,0,0,0,128577,0.0,02,001760
128626,0,0,0,0,128626,0.0,02,001761
128622,0,0,0,0,128622,0.0,02,001762
128609,0,0,0,0,128609,0.0,02,001763
128515,0,0,0,0,128515,0.0,02,001764
128381,0,0,0,0,128381,0.0,02,001765
128337,0,0,0,0,128337,0.0,02,001766
128270,0,0,0,0,128270,0.0,02,001767
128245,0,0,0,0,128245,0.0,02,001768
128213,0,0,0,0,128213,0.0,02,001769
128122,0,0,0,0,128122,0.0,02,001770
128200,0,0,0,0,128200,0.0,02,001771
128122,0,0,0,0,128122,0.0,02,001772
128025,0,0,0,0,128025,0.0,02,001773
128087,0,0,0,0,128087,0.0,02,001774
128053,0,0,0,0,128053,0.0,02,001775
127952,0,0,0,0,127952,0.0,02,001776
127955,0,0,0,0,127955,0.0,02,001777
127881,0,0,0,0,127881,0.0,02,001778
127933,0,0,0,0,127933,0.0,02,001779
127839,0,0,0,0,127839,0.0,02,001780
127804,0,0,0,0,127804,0.0,02,001781
127718,0,0,0,0,127718,0.0,02,001782
127704,0,0,0,0,127704,0.0,02,001783
127640,0,0,0,0,127640,0.0,02,001784
127477,0,0,0,0,127477,0.0,02,001785
127329,0,0,0,0,127329,0.0,02,001786
127365,0,0,0,0,127365,0.0,02,001787
127311,0,0,0,0,127311,0.0,02,001788
127226,0,0,0,0,127226,0.0,02,001789
127196,0,0,0,0,127196,0.0,02,001790
127223,0,0,0,0,127223,0.0,02,001791
127299,0,0,0,0,127299,0.0,02,001792
127314,0,0,0,0,127314,0.0,02,001793
127293,0,0,0,0,127293,0.0,02,001794
127360,0,0,0,0,127360,0.0,02,001795
127436,0,0,0,0,127436,0.0,02,001796
127497,0,0,0,0,127497,0.0,02,001797
127548,0,0,0,0,127548,0.0,02,001798
127589,0,0,0,0,127589,0.0,02,001799
127574,0,0,0,0,127574,0.0,02,001800
127780,0,0,0,0,127780,0.0,02,001801
127943,0,0,0,0,127943,0.0,02,001802
128047,0,0,0,0,128047,0.0,02,001803
127969,0,0,0,0,127969,0.0,02,001804
127967,0,0,0,0,127967,0.0,02,001805
127893,0,0,0,0,127893,0.0,02,001806
127887,0,0,0,0,127887,0.0,02,001807
127905,0,0,0,0,127905,0.0,02,001808
127815,0,0,0,0,127815,0.0,02,001809
127785,0,0,0,0,127785,0.0,02,001810
127823,0,0,0,0,127823,0.0,02,001811
127869,0,0,0,0,127869,0.0,02,001812
127922,0,0,0,0,127922,0.0,02,001813
127872,0,0,0,0,127872,0.0,02,001814
127940,0,0,0,0,127940,0.0,02,001815
127979,0,0,0,0,127979,0.0,02,001816
127875,0,0,0,0,127875,0.0,02,001817
127861,0,0,0,0,127861,0.0,02,001818
127944,0,0,0,0,127944,0.0,02,001819
127851,0,0,0,0,127851,0.0,02,001820
127869,0,0,0,0,127869,0.0,02,001821
127736,0,0,0,0,127736,0.0,02,001822
127685,0,0,0,0,127685,0.0,02,001823
127771,0,0,0,0,127771,0.0,02,001824
127724,0,0,0,0,127724,0.0,02,001825
127760,0,0,0,0,127760,0.0,02,001826
127745,0,0,0,0,127745,0.0,02,001827
127827,0,0,0,0,127827,0.0,02,001828
127833,0,0,0,0,127833,0.0,02,001829
127729,0,0,0,0,127729,0.0,02,001830
127761,0,0,0,0,127761,0.0,02,001831
127630,0,0,0,0,127630,0.0,02,001832
127482,0,0,0,0,127482,0.0,02,001833
127474,0,0,0,0,127474,0.0,02,001834
127537,0,0,0,0,127537,0.0,02,001835
127596,0,0,0,0,127596,0.0,02,001836
127566,0,0,0,0,127566,0.0,02,001837
127549,0,0,0,0,127549,0.0,02,001838
127529,0,0,0,0,127529,0.0,02,001839
127619,0,0,0,0,127619,0.0,02,001840
127609,0,0,0,0,127609,0.0,02,001841
127710,0,0,0,0,127710,0.0,02,001842
127576,0,0,0,0,127576,0.0,02,001843
127530,0,0,0,0,127530,0.0,02,001844
127547,0,0,0,0,127547,0.0,02,001845
127517,0,0,0,0,127517,0.0,02,001846
127563,0,0,0,0,127563,0.0,02,001847
127634,0,0,0,0,127634,0.0,02,001848
127667,0,0,0,0,127667,0.0,02,001849
127719,0,0,0,0,127719,0.0,02,001850
127698,0,0,0,0,127698,0.0,02,001851
127723,0,0,0,0,127723,0.0,02,001852
127724,0,0,0,0,127724,0.0,02,001853
127813,0,0,0,0,127813,0.0,02,001854
127804,0,0,0,0,127804,0.0,02,001855
127822,0,0,0,0,127822,0.0,02,001856
127825,0,0,0,0,127825,0.0,02,001857
127849,0,0,0,0,127849,0.0,02,001858
127901,0,0,0,0,127901,0.0,02,001859
127925,0,0,0,0,127925,0.0,02,001860
127951,0,0,0,0,127951,0.0,02,001861
127824,0,0,0,0,127824,0.0,02,001862
127780,0,0,0,0,127780,0.0,02,001863
127852,0,0,0,0,127852,0.0,02,001864
127864,0,0,0,0,127864,0.0,02,001865
127949,0,0,0,0,127949,0.0,02,001866
127987,0,0,0,0,127987,0.0,02,001867
127942,0,0,0,0,127942,0.0,02,001868
127941,0,0,0,0,127941,0.0,02,001869
127972,0,0,0,0,127972,0.0,02,001870
127967,0,0,0,0,127967,0.0,02,001871
128081,0,0,0,0,128081,0.0,02,001872
128021,0,0,0,0,128021,0.0,02,001873
128099,0,0,0,0,128099,0.0,02,001874
128077,0,0,0,0,128077,0.0,02,001875
128110,0,0,0,0,128110,0.0,02,001876
128111,0,0,0,0,128111,0.0,02,001877
128131,0,0,0,0,128131,0.0,02,001878
128182,0,0,0,0,128182,0.0,02,001879
128157,0,0,0,0,128157,0.0,02,001880
128114,0,0,0,0,128114,0.0,02,001881
128151,0,0,0,0,128151,0.0,02,001882
128112,0,0,0,0,128112,0.0,02,001883
128210,0,0,0,0,128210,0.0,02,001884
128157,0,0,0,0,128157,0.0,02,001885
128278,0,0,0,0,128278,0.0,02,001886
128264,0,0,0,0,128264,0.0,02,001887
128285,0,0,0,0,128285,0.0,02,001888
128185,0,0,0,0,128185,0.0,02,001889
128305,0,0,0,0,128305,0.0,02,001890
128285,0,0,0,0,128285,0.0,02,001891
128305,0,0,0,0,128305,0.0,02,001892
128261,0,0,0,0,128261,0.0,02,001893
128278,0,0,0,0,128278,0.0,02,001894
128259,0,0,0,0,128259,0.0,02,001895
128353,0,0,0,0,128353,0.0,02,001896
128262,0,0,0,0,128262,0.0,02,001897
128217,0,0,0,0,128217,0.0,02,001898
128305,0,0,0,0,128305,0.0,02,001899
128332,0,0,0,0,128332,0.0,02,001900
128348,0,0,0,0,128348,0.0,02,001901
128252,0,0,0,0,128252,0.0,02,001902
128213,0,0,0,0,128213,0.0,02,001903
128272,0,0,0,0,128272,0.0,02,001904
128262,0,0,0,0,128262,0.0,02,001905
128246,0,0,0,0,128246,0.0,02,001906
128284,0,0,0,0,128284,0.0,02,001907
128282,0,0,0,0,128282,0.0,02,001908
128251,0,0,0,0,128251,0.0,02,001909
128309,0,0,0,0,128309,0.0,02,001910
128262,0,0,0,0,128262,0.0,02,001911
128224,0,0,0,0,128224,0.0,02,001912
128154,0,0,0,0,128154,0.0,02,001913
128242,0,0,0,0,128242,0.0,02,001914
128212,0,0,0,0,128212,0.0,02,001915
128253,0,0,0,0,128253,0.0,02,001916
128226,0,0,0,0,128226,0.0,02,001917
128225,0,0,0,0,128225,0.0,02,001918
128188,0,0,0,0,128188,0.0,02,001919
128211,0,0,0,0,128211,0.0,02,001920
128205,0,0,0,0,128205,0.0,02,001921
128184,0,0,0,0,128184,0.0,02,001922
128107,0,0,0,0,128107,0.0,02,001923
128073,0,0,0,0,128073,0.0,02,001924
128094,0,0,0,0,128094,0.0,02,001925
128128,0,0,0,0,128128,0.0,02,001926
128073,0,0,0,0,128073,0.0,02,001927
128111,0,0,0,0,128111,0.0,02,001928
128083,0,0,0,0,128083,0.0,02,001929
128129,0,0,0,0,128129,0.0,02,001930
128179,0,0,0,0,128179,0.0,02,001931
128211,0,0,0,0,128211,0.0,02,001932
128171,0,0,0,0,128171,0.0,02,001933
128193,0,0,0,0,128193,0.0,02,001934
128280,0,0,0,0,128280,0.0,02,001935
128189,0,0,0,0,128189,0.0,02,001936
128234,0,0,0,0,128234,0.0,02,001937
128188,0,0,0,0,128188,0.0,02,001938
128265,0,0,0,0,128265,0.0,02,001939
128269,0,0,0,0,128269,0.0,02,001940
128339,0,0,0,0,128339,0.0,02,001941
128277,0,0,0,0,128277,0.0,02,001942
128264,0,0,0,0,128264,0.0,02,001943
128196,0,0,0,0,128196,0.0,02,001944
128317,0,0,0,0,128317,0.0,02,001945
128286,0,0,0,0,128286,0.0,02,001946
128217,0,0,0,0,128217,0.0,02,001947
128213,0,0,0,0,128213,0.0,02,001948
128210,0,0,0,0,128210,0.0,02,001949
128219,0,0,0,0,128219,0.0,02,001950
128206,0,0,0,0,128206,0.0,02,001951
128202,0,0,0,0,128202,0.0,02,001952
128150,0,0,0,0,128150,0.0,02,001953
128104,0,0,0,0,128104,0.0,02,001954
128110,0,0,0,0,128110,0.0,02,001955
128120,0,0,0,0,128120,0.0,02,001956
128225,0,0,0,0,128225,0.0,02,001957
128127,0,0,0,0,128127,0.0,02,001958
128092,0,0,0,0,128092,0.0,02,001959
128173,0,0,0,0,128173,0.0,02,001960
128108,0,0,0,0,128108,0.0,02,001961
128181,0,0,0,0,128181,0.0,02,001962
128183,0,0,0,0,128183,0.0,02,001963
128173,0,0,0,0,128173,0.0,02,001964
128257,0,0,0,0,128257,0.0,02,001965
128284,0,0,0,0,128284,0.0,02,001966
128333,0,0,0,0,128333,0.0,02,001967
128329,0,0,0,0,128329,0.0,02,001968
128357,0,0,0,0,128357,0.0,02,001969
128246,0,0,0,0,128246,0.0,02,001970
128153,0,0,0,0,128153,0.0,02,001971
128330,0,0,0,0,128330,0.0,02,001972
128176,0,0,0,0,128176,0.0,02,001973
128165,0,0,0,0,128165,0.0,02,001974
128112,0,0,0,0,128112,0.0,02,001975
128140,0,0,0,0,128140,0.0,02,001976
128175,0,0,0,0,128175,0.0,02,001977
128136,0,0,0,0,128136,0.0,02,001978
128062,0,0,0,0,128062,0.0,02,001979
128033,0,0,0,0,128033,0.0,02,001980
127935,0,0,0,0,127935,0.0,02,001981
127847,0,0,0,0,127847,0.0,02,001982
127878,0,0,0,0,127878,0.0,02,001983
127897,0,0,0,0,127897,0.0,02,001984
127884,0,0,0,0,127884,0.0,02,001985
127779,0,0,0,0,127779,0.0,02,001986
127749,0,0,0,0,127749,0.0,02,001987
127716,0,0,0,0,127716,0.0,02,001988
127673,0,0,0,0,127673,0.0,02,001989
127578,0,0,0,0,127578,0.0,02,001990
127588,0,0,0,0,127588,0.0,02,001991
127557,0,0,0,0,127557,0.0,02,001992
127587,0,0,0,0,127587,0.0,02,001993
127611,0,0,0,0,127611,0.0,02,001994
127582,0,0,0,0,127582,0.0,02,001995
127398,0,0,0,0,127398,0.0,02,001996
127384,0,0,0,0,127384,0.0,02,001997
127332,0,0,0,0,127332,0.0,02,001998
127404,0,0,0,0,127404,0.0,02,001999
127290,0,0,0,0,127290,0.0,02,002000
127358,0,0,0,0,127358,0.0,02,002001
127279,0,0,0,0,127279,0.0,02,002002
127175,0,0,0,0,127175,0.0,02,002003
127211,0,0,0,0,127211,0.0,02,002004
127122,0,0,0,0,127122,0.0,02,002005
127136,0,0,0,0,127136,0.0,02,002006
127251,0,0,0,0,127251,0.0,02,002007
127301,0,0,0,0,127301,0.0,02,002008
127389,0,0,0,0,127389,0.0,02,002009
127482,0,0,0,0,127482,0.0,02,002010
127449,0,0,0,0,127449,0.0,02,002011
127493,0,0,0,0,127493,0.0,02,002012
127611,0,0,0,0,127611,0.0,02,002013
127702,0,0,0,0,127702,0.0,02,002014
127792,0,0,0,0,127792,0.0,02,002015
127748,0,0,0,0,127748,0.0,02,002016
127794,0,0,0,0,127794,0.0,02,002017
127803,0,0,0,0,127803,0.0,02,002018
127886,0,0,0,0,127886,0.0,02,002019
127923,0,0,0,0,127923,0.0,02,002020
128078,0,0,0,0,128078,0.0,02,002021
128235,0,0,0,0,128235,0.0,02,002022
128199,0,0,0,0,128199,0.0,02,002023
128121,0,0,0,0,128121,0.0,02,002024
128092,0,0,0,0,128092,0.0,02,002025
128170,0,0,0,0,128170,0.0,02,002026
128121,0,0,0,0,128121,0.0,02,002027
128075,0,0,0,0,128075,0.0,02,002028
127998,0,0,0,0,127998,0.0,02,002029
127975,0,0,0,0,127975,0.0,02,002030
128001,0,0,0,0,128001,0.0,02,002031
128101,0,0,0,0,128101,0.0,02,002032
128149,0,0,0,0,128149,0.0,02,002033
128203,0,0,0,0,128203,0.0,02,002034
128103,0,0,0,0,128103,0.0,02,002035
128056,0,0,0,0,128056,0.0,02,002036
127981,0,0,0,0,127981,0.0,02,002037
127940,0,0,0,0,127940,0.0,02,002038
127875,0,0,0,0,127875,0.0,02,002039
127789,0,0,0,0,127789,0.0,02,002040
127650,0,0,0,0,127650,0.0,02,002041
127472,0,0,0,0,127472,0.0,02,002042
127225,0,0,0,0,127225,0.0,02,002043
127069,0,0,0,0,127069,0.0,02,002044
126799,0,0,0,0,126799,0.0,02,002045
126421,0,0,0,0,126421,0.0,02,002046
126077,0,0,0,0,126077,0.0,02,002047
125794,0,0,0,0,125794,0.0,02,002048
125501,0,0,0,0,125501,0.0,02,002049
125346,0,0,0,0,125346,0.0,02,002050
125566,0,0,0,0,125566,0.0,02,002051
125601,0,0,0,0,125601,0.0,02,002052
125656,0,0,0,0,125656,0.0,02,002053
125155,0,0,0,0,125155,0.0,02,002054
124480,0,0,0,0,124480,0.0,02,002055
123800,0,0,0,0,123800,0.0,02,002056
123001,0,0,0,0,123001,0.0,02,002057
123024,0,0,0,0,123024,0.0,02,002058
123452,0,0,0,0,123452,0.0,02,002059
122835,0,0,0,0,122835,0.0,02,002060
123589,0,0,0,0,123589,0.0,02,002061
124411,0,0,0,0,124411,0.0,02,002062
124953,0,0,0,0,124953,0.0,02,002063
125559,0,0,0,0,125559,0.0,02,002064
125960,0,0,0,0,125960,0.0,02,002065
126086,0,0,0,0,126086,0.0,02,002066
126432,0,0,0,0,126432,0.0,02,002067
126718,0,0,0,0,126718,0.0,02,002068
126816,0,0,0,0,126816,0.0,02,002069
126790,0,0,0,0,126790,0.0,02,002070
126715,0,0,0,0,126715,0.0,02,002071
126580,0,0,0,0,126580,0.0,02,002072
126038,0,0,0,0,126038,0.0,02,002073
125196,0,0,0,0,125196,0.0,02,002074
124676,0,0,0,0,124676,0.0,02,002075
123661,0,0,0,0,123661,0.0,02,002076
122149,0,0,0,0,122149,0.0,02,002077
120556,0,0,0,0,120556,0.0,02,002078
119502,0,0,0,0,119502,0.0,02,002079
119851,0,0,0,0,119851,0.0,02,002080
121560,0,0,0,0,121560,0.0,02,002081
123203,0,0,0,0,123203,0.0,02,002082
124161,0,0,0,0,124161,0.0,02,002083
125285,0,0,0,0,125285,0.0,02,002084
125712,0,0,0,0,125712,0.0,02,002085
126158,0,0,0,0,126158,0.0,02,002086
126383,0,0,0,0,126383,0.0,02,002087
126553,0,0,0,0,126553,0.0,02,002088
126669,0,0,0,0,126669,0.0,02,002089
126685,0,0,0,0,126685,0.0,02,002090
126845,0,0,0,0,126845,0.0,02,002091
126789,0,0,0,0,126789,0.0,02,002092
126665,0,0,0,0,126665,0.0,02,002093
126609,0,0,0,0,126609,0.0,02,002094
126641,0,0,0,0,126641,0.0,02,002095
126681,0,0,0,0,126681,0.0,02,002096
126579,0,0,0,0,126579,0.0,02,002097
126606,0,0,0,0,126606,0.0,02,002098
126453,0,0,0,0,126453,0.0,02,002099
126350,0,0,0,0,126350,0.0,02,002100
126334,0,0,0,0,126334,0.0,02,002101
126423,0,0,0,0,126423,0.0,02,002102
126552,0,0,0,0,126552,0.0,02,002103
126714,0,0,0,0,126714,0.0,02,002104
126753,0,0,0,0,126753,0.0,02,002105
126697,0,0,0,0,126697,0.0,02,002106
126686,0,0,0,0,126686,0.0,02,002107
126452,0,0,0,0,126452,0.0,02,002108
126011,0,0,0,0,126011,0.0,02,002109
125697,0,0,0,0,125697,0.0,02,002110
125388,0,0,0,0,125388,0.0,02,002111
125213,0,0,0,0,125213,0.0,02,002112
125158,0,0,0,0,125158,0.0,02,002113
125358,0,0,0,0,125358,0.0,02,002114
125832,0,0,0,0,125832,0.0,02,002115
125948,0,0,0,0,125948,0.0,02,002116
125932,0,0,0,0,125932,0.0,02,002117
125839,0,0,0,0,125839,0.0,02,002118
125494,0,0,0,0,125494,0.0,02,002119
125431,0,0,0,0,125431,0.0,02,002120
125675,0,0,0,0,125675,0.0,02,002121
125883,0,0,0,0,125883,0.0,02,002122
126049,0,0,0,0,126049,0.0,02,002123
126295,0,0,0,0,126295,0.0,02,002124
126472,0,0,0,0,126472,0.0,02,002125
126406,0,0,0,0,126406,0.0,02,002126
126496,0,0,0,0,126496,0.0,02,002127
126523,0,0,0,0,126523,0.0,02,002128
126597,0,0,0,0,126597,0.0,02,002129
126726,0,0,0,0,126726,0.0,02,002130
126710,0,0,0,0,126710,0.0,02,002131
126547,0,0,0,0,126547,0.0,02,002132
126543,0,0,0,0,126543,0.0,02,002133
126392,0,0,0,0,126392,0.0,02,002134
126315,0,0,0,0,126315,0.0,02,002135
126094,0,0,0,0,126094,0.0,02,002136
126018,0,0,0,0,126018,0.0,02,002137
126051,0,0,0,0,126051,0.0,02,002138
126066,0,0,0,0,126066,0.0,02,002139
125908,0,0,0,0,125908,0.0,02,002140
125616,0,0,0,0,125616,0.0,02,002141
125430,0,0,0,0,125430,0.0,02,002142
124915,0,0,0,0,124915,0.0,02,002143
124523,0,0,0,0,124523,0.0,02,002144
124503,0,0,0,0,124503,0.0,02,002145
124982,0,0,0,0,124982,0.0,02,002146
125254,0,0,0,0,125254,0.0,02,002147
125179,0,0,0,0,125179,0.0,02,002148
125013,0,0,0,0,125013,0.0,02,002149
124480,0,0,0,0,124480,0.0,02,002150
123784,0,0,0,0,123784,0.0,02,002151
123857,0,0,0,0,123857,0.0,02,002152
123860,0,0,0,0,123860,0.0,02,002153
123881,0,0,0,0,123881,0.0,02,002154
124251,0,0,0,0,124251,0.0,02,002155
124846,0,0,0,0,124846,0.0,02,002156
125285,0,0,0,0,125285,0.0,02,002157
125485,0,0,0,0,125485,0.0,02,002158
125555,0,0,0,0,125555,0.0,02,002159
125568,0,0,0,0,125568,0.0,02,002160
125537,0,0,0,0,125537,0.0,02,002161
125641,0,0,0,0,125641,0.0,02,002162
126000,0,0,0,0,126000,0.0,02,002163
126122,0,0,0,0,126122,0.0,02,002164
126116,0,0,0,0,126116,0.0,02,002165
126015,0,0,0,0,126015,0.0,02,002166
126028,0,0,0,0,126028,0.0,02,002167
126184,0,0,0,0,126184,0.0,02,002168
126196,0,0,0,0,126196,0.0,02,002169
126398,0,0,0,0,126398,0.0,02,002170
126481,0,0,0,0,126481,0.0,02,002171
126463,0,0,0,0,126463,0.0,02,002172
126538,0,0,0,0,126538,0.0,02,002173
126613,0,0,0,0,126613,0.0,02,002174
126708,0,0,0,0,126708,0.0,02,002175
126782,0,0,0,0,126782,0.0,02,002176
126815,0,0,0,0,126815,0.0,02,002177
126808,0,0,0,0,126808,0.0,02,002178
126917,0,0,0,0,126917,0.0,02,002179
127022,0,0,0,0,127022,0.0,02,002180
127003,0,0,0,0,127003,0.0,02,002181
126935,0,0,0,0,126935,0.0,02,002182
127004,0,0,0,0,127004,0.0,02,002183
126908,0,0,0,0,126908,0.0,02,002184
126773,0,0,0,0,126773,0.0,02,002185
126767,0,0,0,0,126767,0.0,02,002186
126749,0,0,0,0,126749,0.0,02,002187
126823,0,0,0,0,126823,0.0,02,002188
126923,0,0,0,0,126923,0.0,02,002189
126896,0,0,0,0,126896,0.0,02,002190
126926,0,0,0,0,126926,0.0,02,002191
126829,0,0,0,0,126829,0.0,02,002192
126820,0,0,0,0,126820,0.0,02,002193
126803,0,0,0,0,126803,0.0,02,002194
126682,0,0,0,0,126682,0.0,02,002195
126646,0,0,0,0,126646,0.0,02,002196
126590,0,0,0,0,126590,0.0,02,002197
126600,0,0,0,0,126600,0.0,02,002198
126584,0,0,0,0,126584,0.0,02,002199
126479,0,0,0,0,126479,0.0,02,002200
126437,0,0,0,0,126437,0.0,02,002201
126332,0,0,0,0,126332,0.0,02,002202
126312,0,0,0,0,126312,0.0,02,002203
126308,0,0,0,0,126308,0.0,02,002204
126116,0,0,0,0,126116,0.0,02,002205
125887,0,0,0,0,125887,0.0,02,002206
125638,0,0,0,0,125638,0.0,02,002207
125577,0,0,0,0,125577,0.0,02,002208
125737,0,0,0,0,125737,0.0,02,002209
125789,0,0,0,0,125789,0.0,02,002210
125701,0,0,0,0,125701,0.0,02,002211
125731,0,0,0,0,125731,0.0,02,002212
125743,0,0,0,0,125743,0.0,02,002213
125777,0,0,0,0,125777,0.0,02,002214
125862,0,0,0,0,125862,0.0,02,002215
125685,0,0,0,0,125685,0.0,02,002216
125843,0,0,0,0,125843,0.0,02,002217
125991,0,0,0,0,125991,0.0,02,002218
126164,0,0,0,0,126164,0.0,02,002219
126212,0,0,0,0,126212,0.0,02,002220
126374,0,0,0,0,126374,0.0,02,002221
126533,0,0,0,0,126533,0.0,02,002222
126547,0,0,0,0,126547,0.0,02,002223
126553,0,0,0,0,126553,0.0,02,002224
126399,0,0,0,0,126399,0.0,02,002225
126293,0,0,0,0,126293,0.0,02,002226
126181,0,0,0,0,126181,0.0,02,002227
126187,0,0,0,0,126187,0.0,02,002228
126276,0,0,0,0,126276,0.0,02,002229
126431,0,0,0,0,126431,0.0,02,002230
126498,0,0,0,0,126498,0.0,02,002231
126597,0,0,0,0,126597,0.0,02,002232
126797,0,0,0,0,126797,0.0,02,002233
126620,0,0,0,0,126620,0.0,02,002234
126597,0,0,0,0,126597,0.0,02,002235
126759,0,0,0,0,126759,0.0,02,002236
126837,0,0,0,0,126837,0.0,02,002237
126819,0,0,0,0,126819,0.0,02,002238
126819,0,0,0,0,126819,0.0,02,002239
126825,0,0,0,0,126825,0.0,02,002240
126886,0,0,0,0,126886,0.0,02,002241
126805,0,0,0,0,126805,0.0,02,002242
126740,0,0,0,0,126740,0.0,02,002243
126646,0,0,0,0,126646,0.0,02,002244
126727,0,0,0,0,126727,0.0,02,002245
126566,0,0,0,0,126566,0.0,02,002246
126489,0,0,0,0,126489,0.0,02,002247
126254,0,0,0,0,126254,0.0,02,002248
126008,0,0,0,0,126008,0.0,02,002249
125675,0,0,0,0,125675,0.0,02,002250
125194,0,0,0,0,125194,0.0,02,002251
125297,0,0,0,0,125297,0.0,02,002252
125977,0,0,0,0,125977,0.0,02,002253
125481,0,0,0,0,125481,0.0,02,002254
125465,0,0,0,0,125465,0.0,02,002255
125924,0,0,0,0,125924,0.0,02,002256
126532,0,0,0,0,126532,0.0,02,002257
126655,0,0,0,0,126655,0.0,02,002258
126811,0,0,0,0,126811,0.0,02,002259
126674,0,0,0,0,126674,0.0,02,002260
126359,0,0,0,0,126359,0.0,02,002261
125931,0,0,0,0,125931,0.0,02,002262
125663,0,0,0,0,125663,0.0,02,002263
125492,0,0,0,0,125492,0.0,02,002264
125396,0,0,0,0,125396,0.0,02,002265
125240,0,0,0,0,125240,0.0,02,002266
125007,0,0,0,0,125007,0.0,02,002267
124774,0,0,0,0,124774,0.0,02,002268
124808,0,0,0,0,124808,0.0,02,002269
124698,0,0,0,0,124698,0.0,02,002270
124929,0,0,0,0,124929,0.0,02,002271
125158,0,0,0,0,125158,0.0,02,002272
125389,0,0,0,0,125389,0.0,02,002273
125594,0,0,0,0,125594,0.0,02,002274
125650,0,0,0,0,125650,0.0,02,002275
125464,0,0,0,0,125464,0.0,02,002276
125404,0,0,0,0,125404,0.0,02,002277
125049,0,0,0,0,125049,0.0,02,002278
124647,0,0,0,0,124647,0.0,02,002279
124220,0,0,0,0,124220,0.0,02,002280
123539,0,0,0,0,123539,0.0,02,002281
122778,0,0,0,0,122778,0.0,02,002282
122210,0,0,0,0,122210,0.0,02,002283
121452,0,0,0,0,121452,0.0,02,002284
121374,0,0,0,0,121374,0.0,02,002285
121295,0,0,0,0,121295,0.0,02,002286
121925,0,0,0,0,121925,0.0,02,002287
122738,0,0,0,0,122738,0.0,02,002288
123582,0,0,0,0,123582,0.0,02,002289
124300,0,0,0,0,124300,0.0,02,002290
124859,0,0,0,0,124859,0.0,02,002291
125204,0,0,0,0,125204,0.0,02,002292
125649,0,0,0,0,125649,0.0,02,002293
126023,0,0,0,0,126023,0.0,02,002294
126275,0,0,0,0,126275,0.0,02,002295
126561,0,0,0,0,126561,0.0,02,002296
126825,0,0,0,0,126825,0.0,02,002297
126779,0,0,0,0,126779,0.0,02,002298
126909,0,0,0,0,126909,0.0,02,002299
126849,0,0,0,0,126849,0.0,02,002300
126831,0,0,0,0,126831,0.0,02,002301
126781,0,0,0,0,126781,0.0,02,002302
126885,0,0,0,0,126885,0.0,02,002303
126840,0,0,0,0,126840,0.0,02,002304
126892,0,0,0,0,126892,0.0,02,002305
126826,0,0,0,0,126826,0.0,02,002306
126767,0,0,0,0,126767,0.0,02,002307
126675,0,0,0,0,126675,0.0,02,002308
126799,0,0,0,0,126799,0.0,02,002309
126622,0,0,0,0,126622,0.0,02,002310
126683,0,0,0,0,126683,0.0,02,002311
126730,0,0,0,0,126730,0.0,02,002312
126839,0,0,0,0,126839,0.0,02,002313
126930,0,0,0,0,126930,0.0,02,002314
126877,0,0,0,0,126877,0.0,02,002315
126897,0,0,0,0,126897,0.0,02,002316
126754,0,0,0,0,126754,0.0,02,002317
126720,0,0,0,0,126720,0.0,02,002318
126794,0,0,0,0,126794,0.0,02,002319
126842,0,0,0,0,126842,0.0,02,002320
126788,0,0,0,0,126788,0.0,02,002321
126743,0,0,0,0,126743,0.0,02,002322
126789,0,0,0,0,126789,0.0,02,002323
126947,0,0,0,0,126947,0.0,02,002324
126942,0,0,0,0,126942,0.0,02,002325
127021,0,0,0,0,127021,0.0,02,002326
127128,0,0,0,0,127128,0.0,02,002327
127103,0,0,0,0,127103,0.0,02,002328
127121,0,0,0,0,127121,0.0,02,002329
126959,0,0,0,0,126959,0.0,02,002330
126941,0,0,0,0,126941,0.0,02,002331
126880,0,0,0,0,126880,0.0,02,002332
126935,0,0,0,0,126935,0.0,02,002333
126962,0,0,0,0,126962,0.0,02,002334
126937,0,0,0,0,126937,0.0,02,002335
126823,0,0,0,0,126823,0.0,02,002336
126909,0,0,0,0,126909,0.0,02,002337
126869,0,0,0,0,126869,0.0,02,002338
126862,0,0,0,0,126862,0.0,02,002339
126798,0,0,0,0,126798,0.0,02,002340
126744,0,0,0,0,126744,0.0,02,002341
127030,0,0,0,0,127030,0.0,02,002342
127163,0,0,0,0,127163,0.0,02,002343
127066,0,0,0,0,127066,0.0,02,002344
126803,0,0,0,0,126803,0.0,02,002345
126538,0,0,0,0,126538,0.0,02,002346
126119,0,0,0,0,126119,0.0,02,002347
125946,0,0,0,0,125946,0.0,02,002348
125764,0,0,0,0,125764,0.0,02,002349
125760,0,0,0,0,125760,0.0,02,002350
125915,0,0,0,0,125915,0.0,02,002351
126248,0,0,0,0,126248,0.0,02,002352
126341,0,0,0,0,126341,0.0,02,002353
126606,0,0,0,0,126606,0.0,02,002354
126704,0,0,0,0,126704,0.0,02,002355
126772,0,0,0,0,126772,0.0,02,002356
126903,0,0,0,0,126903,0.0,02,002357
126822,0,0,0,0,126822,0.0,02,002358
126542,0,0,0,0,126542,0.0,02,002359
125841,0,0,0,0,125841,0.0,02,002360
125712,0,0,0,0,125712,0.0,02,002361
125450,0,0,0,0,125450,0.0,02,002362
125110,0,0,0,0,125110,0.0,02,002363
124972,0,0,0,0,124972,0.0,02,002364
124804,0,0,0,0,124804,0.0,02,002365
124330,0,0,0,0,124330,0.0,02,002366
124619,0,0,0,0,124619,0.0,02,002367
125590,0,0,0,0,125590,0.0,02,002368
125800,0,0,0,0,125800,0.0,02,002369
125231,0,0,0,0,125231,0.0,02,002370
125100,0,0,0,0,125100,0.0,02,002371
125273,0,0,0,0,125273,0.0,02,002372
125111,0,0,0,0,125111,0.0,02,002373
125263,0,0,0,0,125263,0.0,02,002374
125496,0,0,0,0,125496,0.0,02,002375
125755,0,0,0,0,125755,0.0,02,002376
125925,0,0,0,0,125925,0.0,02,002377
126004,0,0,0,0,126004,0.0,02,002378
125968,0,0,0,0,125968,0.0,02,002379
126326,0,0,0,0,126326,0.0,02,002380
126594,0,0,0,0,126594,0.0,02,002381
126906,0,0,0,0,126906,0.0,02,002382
127188,0,0,0,0,127188,0.0,02,002383
127270,0,0,0,0,127270,0.0,02,002384
127380,0,0,0,0,127380,0.0,02,002385
127394,0,0,0,0,127394,0.0,02,002386
127392,0,0,0,0,127392,0.0,02,002387
127474,0,0,0,0,127474,0.0,02,002388
127388,0,0,0,0,127388,0.0,02,002389
127347,0,0,0,0,127347,0.0,02,002390
127203,0,0,0,0,127203,0.0,02,002391
127246,0,0,0,0,127246,0.0,02,002392
127142,0,0,0,0,127142,0.0,02,002393
127072,0,0,0,0,127072,0.0,02,002394
126959,0,0,0,0,126959,0.0,02,002395
126993,0,0,0,0,126993,0.0,02,002396
126958,0,0,0,0,126958,0.0,02,002397
126964,0,0,0,0,126964,0.0,02,002398
127012,0,0,0,0,127012,0.0,02,002399
126854,0,0,0,0,126854,0.0,02,002400
126680,0,0,0,0,126680,0.0,02,002401
126658,0,0,0,0,126658,0.0,02,002402
126499,0,0,0,0,126499,0.0,02,002403
126543,0,0,0,0,126543,0.0,02,002404
126463,0,0,0,0,126463,0.0,02,002405
126569,0,0,0,0,126569,0.0,02,002406
126559,0,0,0,0,126559,0.0,02,002407
126515,0,0,0,0,126515,0.0,02,002408
126529,0,0,0,0,126529,0.0,02,002409
126410,0,0,0,0,126410,0.0,02,002410
126221,0,0,0,0,126221,0.0,02,002411
126004,0,0,0,0,126004,0.0,02,002412
125602,0,0,0,0,125602,0.0,02,002413
125199,0,0,0,0,125199,0.0,02,002414
124663,0,0,0,0,124663,0.0,02,002415
124412,0,0,0,0,124412,0.0,02,002416
124635,0,0,0,0,124635,0.0,02,002417
124857,0,0,0,0,124857,0.0,02,002418
124990,0,0,0,0,124990,0.0,02,002419
125161,0,0,0,0,125161,0.0,02,002420
125296,0,0,0,0,125296,0.0,02,002421
125536,0,0,0,0,125536,0.0,02,002422
125805,0,0,0,0,125805,0.0,02,002423
125584,0,0,0,0,125584,0.0,02,002424
125371,0,0,0,0,125371,0.0,02,002425
124796,0,0,0,0,124796,0.0,02,002426
124126,0,0,0,0,124126,0.0,02,002427
123516,0,0,0,0,123516,0.0,02,002428
122799,0,0,0,0,122799,0.0,02,002429
121944,0,0,0,0,121944,0.0,02,002430
120378,0,0,0,0,120378,0.0,02,002431
119094,0,0,0,0,119094,0.0,02,002432
118936,0,0,0,0,118936,0.0,02,002433
119066,0,0,0,0,119066,0.0,02,002434
117921,0,0,0,0,117921,0.0,02,002435
117137,0,0,0,0,117137,0.0,02,002436
116936,0,0,0,0,116936,0.0,02,002437
117410,0,0,0,0,117410,0.0,02,002438
117855,0,0,0,0,117855,0.0,02,002439
118419,0,0,0,0,118419,0.0,02,002440
119279,0,0,0,0,119279,0.0,02,002441
119652,0,0,0,0,119652,0.0,02,002442
119978,0,0,0,0,119978,0.0,02,002443
120495,0,0,0,0,120495,0.0,02,002444
120817,0,0,0,0,120817,0.0,02,002445
121271,0,0,0,0,121271,0.0,02,002446
121695,0,0,0,0,121695,0.0,02,002447
122225,0,0,0,0,122225,0.0,02,002448
123043,0,0,0,0,123043,0.0,02,002449
123651,0,0,0,0,123651,0.0,02,002450
123950,0,0,0,0,123950,0.0,02,002451
123394,0,0,0,0,123394,0.0,02,002452
122683,0,0,0,0,122683,0.0,02,002453
122110,0,0,0,0,122110,0.0,02,002454
121498,0,0,0,0,121498,0.0,02,002455
121291,0,0,0,0,121291,0.0,02,002456
120935,0,0,0,0,120935,0.0,02,002457
121002,0,0,0,0,121002,0.0,02,002458
120954,0,0,0,0,120954,0.0,02,002459
120789,0,0,0,0,120789,0.0,02,002460
120497,0,0,0,0,120497,0.0,02,002461
120045,0,0,0,0,120045,0.0,02,002462
119609,0,0,0,0,119609,0.0,02,002463
119894,0,0,0,0,119894,0.0,02,002464
120314,0,0,0,0,120314,0.0,02,002465
120687,0,0,0,0,120687,0.0,02,002466
120540,0,0,0,0,120540,0.0,02,002467
121149,0,0,0,0,121149,0.0,02,002468
121891,0,0,0,0,121891,0.0,02,002469
122732,0,0,0,0,122732,0.0,02,002470
123469,0,0,0,0,123469,0.0,02,002471
124153,0,0,0,0,124153,0.0,02,002472
125007,0,0,0,0,125007,0.0,02,002473
125549,0,0,0,0,125549,0.0,02,002474
126122,0,0,0,0,126122,0.0,02,002475
126581,0,0,0,0,126581,0.0,02,002476
126849,0,0,0,0,126849,0.0,02,002477
127016,0,0,0,0,127016,0.0,02,002478
127220,0,0,0,0,127220,0.0,02,002479
127317,0,0,0,0,127317,0.0,02,002480
127313,0,0,0,0,127313,0.0,02,002481
127283,0,0,0,0,127283,0.0,02,002482
127240,0,0,0,0,127240,0.0,02,002483
127415,0,0,0,0,127415,0.0,02,002484
127409,0,0,0,0,127409,0.0,02,002485
127371,0,0,0,0,127371,0.0,02,002486
127544,0,0,0,0,127544,0.0,02,002487
127443,0,0,0,0,127443,0.0,02,002488
127477,0,0,0,0,127477,0.0,02,002489
127536,0,0,0,0,127536,0.0,02,002490
127537,0,0,0,0,127537,0.0,02,002491
127444,0,0,0,0,127444,0.0,02,002492
127352,0,0,0,0,127352,0.0,02,002493
127282,0,0,0,0,127282,0.0,02,002494
127033,0,0,0,0,127033,0.0,02,002495
126991,0,0,0,0,126991,0.0,02,002496
126635,0,0,0,0,126635,0.0,02,002497
126284,0,0,0,0,126284,0.0,02,002498
126176,0,0,0,0,126176,0.0,02,002499
125826,0,0,0,0,125826,0.0,02,002500
125496,0,0,0,0,125496,0.0,02,002501
125119,0,0,0,0,125119,0.0,02,002502
124664,0,0,0,0,124664,0.0,02,002503
124748,0,0,0,0,124748,0.0,02,002504
124705,0,0,0,0,124705,0.0,02,002505
124322,0,0,0,0,124322,0.0,02,002506
123897,0,0,0,0,123897,0.0,02,002507
123709,0,0,0,0,123709,0.0,02,002508
123347,0,0,0,0,123347,0.0,02,002509
123667,0,0,0,0,123667,0.0,02,002510
123645,0,0,0,0,123645,0.0,02,002511
123703,0,0,0,0,123703,0.0,02,002512
124263,0,0,0,0,124263,0.0,02,002513
124805,0,0,0,0,124805,0.0,02,002514
125293,0,0,0,0,125293,0.0,02,002515
125454,0,0,0,0,125454,0.0,02,002516
125443,0,0,0,0,125443,0.0,02,002517
125319,0,0,0,0,125319,0.0,02,002518
124942,0,0,0,0,124942,0.0,02,002519
124947,0,0,0,0,124947,0.0,02,002520
124558,0,0,0,0,124558,0.0,02,002521
123259,0,0,0,0,123259,0.0,02,002522
121595,0,0,0,0,121595,0.0,02,002523
120391,0,0,0,0,120391,0.0,02,002524
120954,0,0,0,0,120954,0.0,02,002525
120879,0,0,0,0,120879,0.0,02,002526
120446,0,0,0,0,120446,0.0,02,002527
120875,0,0,0,0,120875,0.0,02,002528
122697,0,0,0,0,122697,0.0,02,002529
124363,0,0,0,0,124363,0.0,02,002530
125756,0,0,0,0,125756,0.0,02,002531
126517,0,0,0,0,126517,0.0,02,002532
126958,0,0,0,0,126958,0.0,02,002533
127106,0,0,0,0,127106,0.0,02,002534
127372,0,0,0,0,127372,0.0,02,002535
127529,0,0,0,0,127529,0.0,02,002536
127807,0,0,0,0,127807,0.0,02,002537
128170,0,0,0,0,128170,0.0,02,002538
128279,0,0,0,0,128279,0.0,02,002539
128311,0,0,0,0,128311,0.0,02,002540
128334,0,0,0,0,128334,0.0,02,002541
128434,0,0,0,0,128434,0.0,02,002542
128446,0,0,0,0,128446,0.0,02,002543
128482,0,0,0,0,128482,0.0,02,002544
128466,0,0,0,0,128466,0.0,02,002545
128410,0,0,0,0,128410,0.0,02,002546
127928,0,0,0,0,127928,0.0,02,002547
127560,0,0,0,0,127560,0.0,02,002548
127346,0,0,0,0,127346,0.0,02,002549
127195,0,0,0,0,127195,0.0,02,002550
127234,0,0,0,0,127234,0.0,02,002551
127270,0,0,0,0,127270,0.0,02,002552
127302,0,0,0,0,127302,0.0,02,002553
127310,0,0,0,0,127310,0.0,02,002554
127346,0,0,0,0,127346,0.0,02,002555
127464,0,0,0,0,127464,0.0,02,002556
127517,0,0,0,0,127517,0.0,02,002557
127508,0,0,0,0,127508,0.0,02,002558
127494,0,0,0,0,127494,0.0,02,002559
127387,0,0,0,0,127387,0.0,02,002560
127417,0,0,0,0,127417,0.0,02,002561
127319,0,0,0,0,127319,0.0,02,002562
127470,0,0,0,0,127470,0.0,02,002563
127368,0,0,0,0,127368,0.0,02,002564
127280,0,0,0,0,127280,0.0,02,002565
127269,0,0,0,0,127269,0.0,02,002566
127307,0,0,0,0,127307,0.0,02,002567
127296,0,0,0,0,127296,0.0,02,002568
127232,0,0,0,0,127232,0.0,02,002569
127231,0,0,0,0,127231,0.0,02,002570
127248,0,0,0,0,127248,0.0,02,002571
127245,0,0,0,0,127245,0.0,02,002572
127177,0,0,0,0,127177,0.0,02,002573
127018,0,0,0,0,127018,0.0,02,002574
127029,0,0,0,0,127029,0.0,02,002575
126981,0,0,0,0,126981,0.0,02,002576
126843,0,0,0,0,126843,0.0,02,002577
126726,0,0,0,0,126726,0.0,02,002578
126630,0,0,0,0,126630,0.0,02,002579
126552,0,0,0,0,126552,0.0,02,002580
126501,0,0,0,0,126501,0.0,02,002581
126455,0,0,0,0,126455,0.0,02,002582
126435,0,0,0,0,126435,0.0,02,002583
126418,0,0,0,0,126418,0.0,02,002584
126376,0,0,0,0,126376,0.0,02,002585
126343,0,0,0,0,126343,0.0,02,002586
126440,0,0,0,0,126440,0.0,02,002587
126501,0,0,0,0,126501,0.0,02,002588
126581,0,0,0,0,126581,0.0,02,002589
126612,0,0,0,0,126612,0.0,02,002590
126672,0,0,0,0,126672,0.0,02,002591
126609,0,0,0,0,126609,0.0,02,002592
126720,0,0,0,0,126720,0.0,02,002593
126787,0,0,0,0,126787,0.0,02,002594
126751,0,0,0,0,126751,0.0,02,002595
126668,0,0,0,0,126668,0.0,02,002596
126629,0,0,0,0,126629,0.0,02,002597
126565,0,0,0,0,126565,0.0,02,002598
126618,0,0,0,0,126618,0.0,02,002599
126580,0,0,0,0,126580,0.0,02,002600
126656,0,0,0,0,126656,0.0,02,002601
126606,0,0,0,0,126606,0.0,02,002602
126647,0,0,0,0,126647,0.0,02,002603
126555,0,0,0,0,126555,0.0,02,002604
126499,0,0,0,0,126499,0.0,02,002605
126357,0,0,0,0,126357,0.0,02,002606
126312,0,0,0,0,126312,0.0,02,002607
126385,0,0,0,0,126385,0.0,02,002608
126456,0,0,0,0,126456,0.0,02,002609
126525,0,0,0,0,126525,0.0,02,002610
126585,0,0,0,0,126585,0.0,02,002611
126683,0,0,0,0,126683,0.0,02,002612
126801,0,0,0,0,126801,0.0,02,002613
126808,0,0,0,0,126808,0.0,02,002614
126863,0,0,0,0,126863,0.0,02,002615
126907,0,0,0,0,126907,0.0,02,002616
126965,0,0,0,0,126965,0.0,02,002617
127039,0,0,0,0,127039,0.0,02,002618
127064,0,0,0,0,127064,0.0,02,002619
127082,0,0,0,0,127082,0.0,02,002620
127045,0,0,0,0,127045,0.0,02,002621
127068,0,0,0,0,127068,0.0,02,002622
127120,0,0,0,0,127120,0.0,02,002623
127165,0,0,0,0,127165,0.0,02,002624
127064,0,0,0,0,127064,0.0,02,002625
127126,0,0,0,0,127126,0.0,02,002626
127091,0,0,0,0,127091,0.0,02,002627
127115,0,0,0,0,127115,0.0,02,002628
127233,0,0,0,0,127233,0.0,02,002629
127195,0,0,0,0,127195,0.0,02,002630
127115,0,0,0,0,127115,0.0,02,002631
127201,0,0,0,0,127201,0.0,02,002632
127295,0,0,0,0,127295,0.0,02,002633
127209,0,0,0,0,127209,0.0,02,002634
127212,0,0,0,0,127212,0.0,02,002635
127208,0,0,0,0,127208,0.0,02,002636
127175,0,0,0,0,127175,0.0,02,002637
127109,0,0,0,0,127109,0.0,02,002638
127078,0,0,0,0,127078,0.0,02,002639
127093,0,0,0,0,127093,0.0,02,002640
127040,0,0,0,0,127040,0.0,02,002641
127049,0,0,0,0,127049,0.0,02,002642
126960,0,0,0,0,126960,0.0,02,002643
126911,0,0,0,0,126911,0.0,02,002644
126878,0,0,0,0,126878,0.0,02,002645
126787,0,0,0,0,126787,0.0,02,002646
126715,0,0,0,0,126715,0.0,02,002647
126724,0,0,0,0,126724,0.0,02,002648
126744,0,0,0,0,126744,0.0,02,002649
126752,0,0,0,0,126752,0.0,02,002650
126641,0,0,0,0,126641,0.0,02,002651
126560,0,0,0,0,126560,0.0,02,002652
126533,0,0,0,0,126533,0.0,02,002653
126520,0,0,0,0,126520,0.0,02,002654
126566,0,0,0,0,126566,0.0,02,002655
126478,0,0,0,0,126478,0.0,02,002656
126432,0,0,0,0,126432,0.0,02,002657
126395,0,0,0,0,126395,0.0,02,002658
125999,0,0,0,0,125999,0.0,02,002659
125740,0,0,0,0,125740,0.0,02,002660
125284,0,0,0,0,125284,0.0,02,002661
125023,0,0,0,0,125023,0.0,02,002662
124760,0,0,0,0,124760,0.0,02,002663
124546,0,0,0,0,124546,0.0,02,002664
124609,0,0,0,0,124609,0.0,02,002665
124715,0,0,0,0,124715,0.0,02,002666
124457,0,0,0,0,124457,0.0,02,002667
124669,0,0,0,0,124669,0.0,02,002668
124806,0,0,0,0,124806,0.0,02,002669
124803,0,0,0,0,124803,0.0,02,002670
124368,0,0,0,0,124368,0.0,02,002671
123896,0,0,0,0,123896,0.0,02,002672
123665,0,0,0,0,123665,0.0,02,002673
123351,0,0,0,0,123351,0.0,02,002674
123869,0,0,0,0,123869,0.0,02,002675
123708,0,0,0,0,123708,0.0,02,002676
123196,0,0,0,0,123196,0.0,02,002677
122986,0,0,0,0,122986,0.0,02,002678
122786,0,0,0,0,122786,0.0,02,002679
122745,0,0,0,0,122745,0.0,02,002680
123247,0,0,0,0,123247,0.0,02,002681
123710,0,0,0,0,123710,0.0,02,002682
124348,0,0,0,0,124348,0.0,02,002683
124426,0,0,0,0,124426,0.0,02,002684
124519,0,0,0,0,124519,0.0,02,002685
124086,0,0,0,0,124086,0.0,02,002686
123610,0,0,0,0,123610,0.0,02,002687
123395,0,0,0,0,123395,0.0,02,002688
123343,0,0,0,0,123343,0.0,02,002689
123157,0,0,0,0,123157,0.0,02,002690
123382,0,0,0,0,123382,0.0,02,002691
123908,0,0,0,0,123908,0.0,02,002692
124403,0,0,0,0,124403,0.0,02,002693
124657,0,0,0,0,124657,0.0,02,002694
124405,0,0,0,0,124405,0.0,02,002695
123896,0,0,0,0,123896,0.0,02,002696
123502,0,0,0,0,123502,0.0,02,002697
123303,0,0,0,0,123303,0.0,02,002698
123227,0,0,0,0,123227,0.0,02,002699
123257,0,0,0,0,123257,0.0,02,002700
123338,0,0,0,0,123338,0.0,02,002701
123367,0,0,0,0,123367,0.0,02,002702
123394,0,0,0,0,123394,0.0,02,002703
123375,0,0,0,0,123375,0.0,02,002704
123572,0,0,0,0,123572,0.0,02,002705
123636,0,0,0,0,123636,0.0,02,002706
123520,0,0,0,0,123520,0.0,02,002707
123048,0,0,0,0,123048,0.0,02,002708
122379,0,0,0,0,122379,0.0,02,002709
121964,0,0,0,0,121964,0.0,02,002710
121922,0,0,0,0,121922,0.0,02,002711
121478,0,0,0,0,121478,0.0,02,002712
121032,0,0,0,0,121032,0.0,02,002713
120365,0,0,0,0,120365,0.0,02,002714
119899,0,0,0,0,119899,0.0,02,002715
119282,0,0,0,0,119282,0.0,02,002716
119029,0,0,0,0,119029,0.0,02,002717
119664,0,0,0,0,119664,0.0,02,002718
119636,0,0,0,0,119636,0.0,02,002719
119405,0,0,0,0,119405,0.0,02,002720
119010,0,0,0,0,119010,0.0,02,002721
119303,0,0,0,0,119303,0.0,02,002722
119943,0,0,0,0,119943,0.0,02,002723
120749,0,0,0,0,120749,0.0,02,002724
121592,0,0,0,0,121592,0.0,02,002725
121990,0,0,0,0,121990,0.0,02,002726
122333,0,0,0,0,122333,0.0,02,002727
122808,0,0,0,0,122808,0.0,02,002728
123445,0,0,0,0,123445,0.0,02,002729
123799,0,0,0,0,123799,0.0,02,002730
124098,0,0,0,0,124098,0.0,02,002731
124608,0,0,0,0,124608,0.0,02,002732
125069,0,0,0,0,125069,0.0,02,002733
125593,0,0,0,0,125593,0.0,02,002734
125878,0,0,0,0,125878,0.0,02,002735
125700,0,0,0,0,125700,0.0,02,002736
125608,0,0,0,0,125608,0.0,02,002737
125416,0,0,0,0,125416,0.0,02,002738
125261,0,0,0,0,125261,0.0,02,002739
125362,0,0,0,0,125362,0.0,02,002740
125488,0,0,0,0,125488,0.0,02,002741
125724,0,0,0,0,125724,0.0,02,002742
125845,0,0,0,0,125845,0.0,02,002743
126066,0,0,0,0,126066,0.0,02,002744
125855,0,0,0,0,125855,0.0,02,002745
125786,0,0,0,0,125786,0.0,02,002746
125754,0,0,0,0,125754,0.0,02,002747
125911,0,0,0,0,125911,0.0,02,002748
125971,0,0,0,0,125971,0.0,02,002749
126122,0,0,0,0,126122,0.0,02,002750
126293,0,0,0,0,126293,0.0,02,002751
126565,0,0,0,0,126565,0.0,02,002752
126758,0,0,0,0,126758,0.0,02,002753
126869,0,0,0,0,126869,0.0,02,002754
127090,0,0,0,0,127090,0.0,02,002755
127256,0,0,0,0,127256,0.0,02,002756
127253,0,0,0,0,127253,0.0,02,002757
127219,0,0,0,0,127219,0.0,02,002758
127187,0,0,0,0,127187,0.0,02,002759
127256,0,0,0,0,127256,0.0,02,002760
127435,0,0,0,0,127435,0.0,02,002761
127425,0,0,0,0,127425,0.0,02,002762
127337,0,0,0,0,127337,0.0,02,002763
127223,0,0,0,0,127223,0.0,02,002764
127297,0,0,0,0,127297,0.0,02,002765
127281,0,0,0,0,127281,0.0,02,002766
127372,0,0,0,0,127372,0.0,02,002767
127496,0,0,0,0,127496,0.0,02,002768
127638,0,0,0,0,127638,0.0,02,002769
127748,0,0,0,0,127748,0.0,02,002770
127642,0,0,0,0,127642,0.0,02,002771
127566,0,0,0,0,127566,0.0,02,002772
127549,0,0,0,0,127549,0.0,02,002773
127588,0,0,0,0,127588,0.0,02,002774
127505,0,0,0,0,127505,0.0,02,002775
127486,0,0,0,0,127486,0.0,02,002776
127550,0,0,0,0,127550,0.0,02,002777
127591,0,0,0,0,127591,0.0,02,002778
127664,0,0,0,0,127664,0.0,02,002779
127630,0,0,0,0,127630,0.0,02,002780
127710,0,0,0,0,127710,0.0,02,002781
127591,0,0,0,0,127591,0.0,02,002782
127500,0,0,0,0,127500,0.0,02,002783
127418,0,0,0,0,127418,0.0,02,002784
127398,0,0,0,0,127398,0.0,02,002785
127355,0,0,0,0,127355,0.0,02,002786
127207,0,0,0,0,127207,0.0,02,002787
126960,0,0,0,0,126960,0.0,02,002788
126483,0,0,0,0,126483,0.0,02,002789
126258,0,0,0,0,126258,0.0,02,002790
125953,0,0,0,0,125953,0.0,02,002791
125485,0,0,0,0,125485,0.0,02,002792
125195,0,0,0,0,125195,0.0,02,002793
125212,0,0,0,0,125212,0.0,02,002794
125172,0,0,0,0,125172,0.0,02,002795
125384,0,0,0,0,125384,0.0,02,002796
125674,0,0,0,0,125674,0.0,02,002797
125580,0,0,0,0,125580,0.0,02,002798
125500,0,0,0,0,125500,0.0,02,002799
125124,0,0,0,0,125124,0.0,02,002800
124750,0,0,0,0,124750,0.0,02,002801
125268,0,0,0,0,125268,0.0,02,002802
125942,0,0,0,0,125942,0.0,02,002803
126095,0,0,0,0,126095,0.0,02,002804
126286,0,0,0,0,126286,0.0,02,002805
126189,0,0,0,0,126189,0.0,02,002806
126242,0,0,0,0,126242,0.0,02,002807
126389,0,0,0,0,126389,0.0,02,002808
126262,0,0,0,0,126262,0.0,02,002809
126020,0,0,0,0,126020,0.0,02,002810
125725,0,0,0,0,125725,0.0,02,002811
125092,0,0,0,0,125092,0.0,02,002812
124851,0,0,0,0,124851,0.0,02,002813
124556,0,0,0,0,124556,0.0,02,002814
123946,0,0,0,0,123946,0.0,02,002815
123149,0,0,0,0,123149,0.0,02,002816
122481,0,0,0,0,122481,0.0,02,002817
122906,0,0,0,0,122906,0.0,02,002818
122832,0,0,0,0,122832,0.0,02,002819
123510,0,0,0,0,123510,0.0,02,002820
124586,0,0,0,0,124586,0.0,02,002821
125607,0,0,0,0,125607,0.0,02,002822
125946,0,0,0,0,125946,0.0,02,002823
125743,0,0,0,0,125743,0.0,02,002824
125345,0,0,0,0,125345,0.0,02,002825
124768,0,0,0,0,124768,0.0,02,002826
124432,0,0,0,0,124432,0.0,02,002827
124146,0,0,0,0,124146,0.0,02,002828
122850,0,0,0,0,122850,0.0,02,002829
120893,0,0,0,0,120893,0.0,02,002830
120118,0,0,0,0,120118,0.0,02,002831
118304,0,0,0,0,118304,0.0,02,002832
117358,0,0,0,0,117358,0.0,02,002833
116863,0,0,0,0,116863,0.0,02,002834
118407,0,0,0,0,118407,0.0,02,002835
120801,0,0,0,0,120801,0.0,02,002836
122737,0,0,0,0,122737,0.0,02,002837
123677,0,0,0,0,123677,0.0,02,002838
124503,0,0,0,0,124503,0.0,02,002839
125020,0,0,0,0,125020,0.0,02,002840
125593,0,0,0,0,125593,0.0,02,002841
126060,0,0,0,0,126060,0.0,02,002842
126425,0,0,0,0,126425,0.0,02,002843
126322,0,0,0,0,126322,0.0,02,002844
126402,0,0,0,0,126402,0.0,02,002845
126219,0,0,0,0,126219,0.0,02,002846
125986,0,0,0,0,125986,0.0,02,002847
125585,0,0,0,0,125585,0.0,02,002848
125202,0,0,0,0,125202,0.0,02,002849
124596,0,0,0,0,124596,0.0,02,002850
124489,0,0,0,0,124489,0.0,02,002851
123728,0,0,0,0,123728,0.0,02,002852
121790,0,0,0,0,121790,0.0,02,002853
119350,0,0,0,0,119350,0.0,02,002854
117115,0,0,0,0,117115,0.0,02,002855
117719,0,0,0,0,117719,0.0,02,002856
118699,0,0,0,0,118699,0.0,02,002857
118939,0,0,0,0,118939,0.0,02,002858
120380,0,0,0,0,120380,0.0,02,002859
122192,0,0,0,0,122192,0.0,02,002860
122983,0,0,0,0,122983,0.0,02,002861
123128,0,0,0,0,123128,0.0,02,002862
123607,0,0,0,0,123607,0.0,02,002863
124362,0,0,0,0,124362,0.0,02,002864
125024,0,0,0,0,125024,0.0,02,002865
125229,0,0,0,0,125229,0.0,02,002866
125332,0,0,0,0,125332,0.0,02,002867
124918,0,0,0,0,124918,0.0,02,002868
124523,0,0,0,0,124523,0.0,02,002869
123598,0,0,0,0,123598,0.0,02,002870
122424,0,0,0,0,122424,0.0,02,002871
121226,0,0,0,0,121226,0.0,02,002872
119739,0,0,0,0,119739,0.0,02,002873
118883,0,0,0,0,118883,0.0,02,002874
118221,0,0,0,0,118221,0.0,02,002875
116647,0,0,0,0,116647,0.0,02,002876
116048,0,0,0,0,116048,0.0,02,002877
116320,0,0,0,0,116320,0.0,02,002878
116768,0,0,0,0,116768,0.0,02,002879
116476,0,0,0,0,116476,0.0,02,002880
117057,0,0,0,0,117057,0.0,02,002881
118418,0,0,0,0,118418,0.0,02,002882
119558,0,0,0,0,119558,0.0,02,002883
120954,0,0,0,0,120954,0.0,02,002884
122196,0,0,0,0,122196,0.0,02,002885
122603,0,0,0,0,122603,0.0,02,002886
122077,0,0,0,0,122077,0.0,02,002887
121409,0,0,0,0,121409,0.0,02,002888
120973,0,0,0,0,120973,0.0,02,002889
120297,0,0,0,0,120297,0.0,02,002890
118716,0,0,0,0,118716,0.0,02,002891
118083,0,0,0,0,118083,0.0,02,002892
118371,0,0,0,0,118371,0.0,02,002893
118567,0,0,0,0,118567,0.0,02,002894
117990,0,0,0,0,117990,0.0,02,002895
117069,0,0,0,0,117069,0.0,02,002896
117629,0,0,0,0,117629,0.0,02,002897
118022,0,0,0,0,118022,0.0,02,002898
117941,0,0,0,0,117941,0.0,02,002899
118035,0,0,0,0,118035,0.0,02,002900
118065,0,0,0,0,118065,0.0,02,002901
118439,0,0,0,0,118439,0.0,02,002902
117850,0,0,0,0,117850,0.0,02,002903
117759,0,0,0,0,117759,0.0,02,002904
118540,0,0,0,0,118540,0.0,02,002905
118860,0,0,0,0,118860,0.0,02,002906
117748,0,0,0,0,117748,0.0,02,002907
116275,0,0,0,0,116275,0.0,02,002908
114653,0,0,0,0,114653,0.0,02,002909
113352,0,0,0,0,113352,0.0,02,002910
113454,0,0,0,0,113454,0.0,02,002911
113675,0,0,0,0,113675,0.0,02,002912
115369,0,0,0,0,115369,0.0,02,002913
117834,0,0,0,0,117834,0.0,02,002914
119985,0,0,0,0,119985,0.0,02,002915
120992,0,0,0,0,120992,0.0,02,002916
121196,0,0,0,0,121196,0.0,02,002917
121329,0,0,0,0,121329,0.0,02,002918
122090,0,0,0,0,122090,0.0,02,002919
122600,0,0,0,0,122600,0.0,02,002920
122283,0,0,0,0,122283,0.0,02,002921
121399,0,0,0,0,121399,0.0,02,002922
121004,0,0,0,0,121004,0.0,02,002923
120076,0,0,0,0,120076,0.0,02,002924
119311,0,0,0,0,119311,0.0,02,002925
119457,0,0,0,0,119457,0.0,02,002926
118879,0,0,0,0,118879,0.0,02,002927
117463,0,0,0,0,117463,0.0,02,002928
116119,0,0,0,0,116119,0.0,02,002929
114767,0,0,0,0,114767,0.0,02,002930
114263,0,0,0,0,114263,0.0,02,002931
114257,0,0,0,0,114257,0.0,02,002932
115707,0,0,0,0,115707,0.0,02,002933
117513,0,0,0,0,117513,0.0,02,002934
118293,0,0,0,0,118293,0.0,02,002935
117625,0,0,0,0,117625,0.0,02,002936
116968,0,0,0,0,116968,0.0,02,002937
116942,0,0,0,0,116942,0.0,02,002938
115747,0,0,0,0,115747,0.0,02,002939
113383,0,0,0,0,113383,0.0,02,002940
113102,0,0,0,0,113102,0.0,02,002941
112264,0,0,0,0,112264,0.0,02,002942
113591,0,0,0,0,113591,0.0,02,002943
114592,0,0,0,0,114592,0.0,02,002944
114769,0,0,0,0,114769,0.0,02,002945
116041,0,0,0,0,116041,0.0,02,002946
116918,0,0,0,0,116918,0.0,02,002947
117510,0,0,0,0,117510,0.0,02,002948
119410,0,0,0,0,119410,0.0,02,002949
121901,0,0,0,0,121901,0.0,02,002950
123898,0,0,0,0,123898,0.0,02,002951
125202,0,0,0,0,125202,0.0,02,002952
125857,0,0,0,0,125857,0.0,02,002953
126186,0,0,0,0,126186,0.0,02,002954
126553,0,0,0,0,126553,0.0,02,002955
126671,0,0,0,0,126671,0.0,02,002956
126867,0,0,0,0,126867,0.0,02,002957
126786,0,0,0,0,126786,0.0,02,002958
126864,0,0,0,0,126864,0.0,02,002959
126862,0,0,0,0,126862,0.0,02,002960
127020,0,0,0,0,127020,0.0,02,002961
126882,0,0,0,0,126882,0.0,02,002962
126824,0,0,0,0,126824,0.0,02,002963
126727,0,0,0,0,126727,0.0,02,002964
126613,0,0,0,0,126613,0.0,02,002965
126453,0,0,0,0,126453,0.0,02,002966
126474,0,0,0,0,126474,0.0,02,002967
126663,0,0,0,0,126663,0.0,02,002968
126030,0,0,0,0,126030,0.0,02,002969
125149,0,0,0,0,125149,0.0,02,002970
125048,0,0,0,0,125048,0.0,02,002971
124543,0,0,0,0,124543,0.0,02,002972
124334,0,0,0,0,124334,0.0,02,002973
125849,0,0,0,0,125849,0.0,02,002974
126625,0,0,0,0,126625,0.0,02,002975
126782,0,0,0,0,126782,0.0,02,002976
127018,0,0,0,0,127018,0.0,02,002977
127136,0,0,0,0,127136,0.0,02,002978
127251,0,0,0,0,127251,0.0,02,002979
127504,0,0,0,0,127504,0.0,02,002980
127570,0,0,0,0,127570,0.0,02,002981
127632,0,0,0,0,127632,0.0,02,002982
127601,0,0,0,0,127601,0.0,02,002983
127644,0,0,0,0,127644,0.0,02,002984
127717,0,0,0,0,127717,0.0,02,002985
127791,0,0,0,0,127791,0.0,02,002986
127744,0,0,0,0,127744,0.0,02,002987
127729,0,0,0,0,127729,0.0,02,002988
127648,0,0,0,0,127648,0.0,02,002989
127530,0,0,0,0,127530,0.0,02,002990
127393,0,0,0,0,127393,0.0,02,002991
127240,0,0,0,0,127240,0.0,02,002992
127236,0,0,0,0,127236,0.0,02,002993
127279,0,0,0,0,127279,0.0,02,002994
127357,0,0,0,0,127357,0.0,02,002995
127429,0,0,0,0,127429,0.0,02,002996
127481,0,0,0,0,127481,0.0,02,002997
127488,0,0,0,0,127488,0.0,02,002998
127481,0,0,0,0,127481,0.0,02,002999
127618,0,0,0,0,127618,0.0,02,003000
127662,0,0,0,0,127662,0.0,02,003001
127718,0,0,0,0,127718,0.0,02,003002
127648,0,0,0,0,127648,0.0,02,003003
127614,0,0,0,0,127614,0.0,02,003004
127501,0,0,0,0,127501,0.0,02,003005
127668,0,0,0,0,127668,0.0,02,003006
127394,0,0,0,0,127394,0.0,02,003007
127289,0,0,0,0,127289,0.0,02,003008
126981,0,0,0,0,126981,0.0,02,003009
126933,0,0,0,0,126933,0.0,02,003010
126614,0,0,0,0,126614,0.0,02,003011
126353,0,0,0,0,126353,0.0,02,003012
125872,0,0,0,0,125872,0.0,02,003013
125542,0,0,0,0,125542,0.0,02,003014
125335,0,0,0,0,125335,0.0,02,003015
124741,0,0,0,0,124741,0.0,02,003016
123776,0,0,0,0,123776,0.0,02,003017
122931,0,0,0,0,122931,0.0,02,003018
122800,0,0,0,0,122800,0.0,02,003019
123074,0,0,0,0,123074,0.0,02,003020
123055,0,0,0,0,123055,0.0,02,003021
123680,0,0,0,0,123680,0.0,02,003022
123723,0,0,0,0,123723,0.0,02,003023
124212,0,0,0,0,124212,0.0,02,003024
125011,0,0,0,0,125011,0.0,02,003025
125712,0,0,0,0,125712,0.0,02,003026
126010,0,0,0,0,126010,0.0,02,003027
126249,0,0,0,0,126249,0.0,02,003028
126382,0,0,0,0,126382,0.0,02,003029
126265,0,0,0,0,126265,0.0,02,003030
126269,0,0,0,0,126269,0.0,02,003031
126006,0,0,0,0,126006,0.0,02,003032
125991,0,0,0,0,125991,0.0,02,003033
126128,0,0,0,0,126128,0.0,02,003034
125877,0,0,0,0,125877,0.0,02,003035
124994,0,0,0,0,124994,0.0,02,003036
124641,0,0,0,0,124641,0.0,02,003037
124325,0,0,0,0,124325,0.0,02,003038
124609,0,0,0,0,124609,0.0,02,003039
125312,0,0,0,0,125312,0.0,02,003040
125687,0,0,0,0,125687,0.0,02,003041
125832,0,0,0,0,125832,0.0,02,003042
125686,0,0,0,0,125686,0.0,02,003043
125775,0,0,0,0,125775,0.0,02,003044
126004,0,0,0,0,126004,0.0,02,003045
126203,0,0,0,0,126203,0.0,02,003046
126380,0,0,0,0,126380,0.0,02,003047
126301,0,0,0,0,126301,0.0,02,003048
126233,0,0,0,0,126233,0.0,02,003049
126256,0,0,0,0,126256,0.0,02,003050
126097,0,0,0,0,126097,0.0,02,003051
125987,0,0,0,0,125987,0.0,02,003052
126018,0,0,0,0,126018,0.0,02,003053
126104,0,0,0,0,126104,0.0,02,003054
125855,0,0,0,0,125855,0.0,02,003055
126010,0,0,0,0,126010,0.0,02,003056
125943,0,0,0,0,125943,0.0,02,003057
125664,0,0,0,0,125664,0.0,02,003058
125287,0,0,0,0,125287,0.0,02,003059
124650,0,0,0,0,124650,0.0,02,003060
123832,0,0,0,0,123832,0.0,02,003061
122642,0,0,0,0,122642,0.0,02,003062
120005,0,0,0,0,120005,0.0,02,003063
117683,0,0,0,0,117683,0.0,02,003064
115989,0,0,0,0,115989,0.0,02,003065
113683,0,0,0,0,113683,0.0,02,003066
115195,0,0,0,0,115195,0.0,02,003067
116864,0,0,0,0,116864,0.0,02,003068
119190,0,0,0,0,119190,0.0,02,003069
121467,0,0,0,0,121467,0.0,02,003070
123346,0,0,0,0,123346,0.0,02,003071
124430,0,0,0,0,124430,0.0,02,003072
125217,0,0,0,0,125217,0.0,02,003073
125724,0,0,0,0,125724,0.0,02,003074
126087,0,0,0,0,126087,0.0,02,003075
126477,0,0,0,0,126477,0.0,02,003076
126545,0,0,0,0,126545,0.0,02,003077
126640,0,0,0,0,126640,0.0,02,003078
126590,0,0,0,0,126590,0.0,02,003079
126610,0,0,0,0,126610,0.0,02,003080
126712,0,0,0,0,126712,0.0,02,003081
126813,0,0,0,0,126813,0.0,02,003082
126993,0,0,0,0,126993,0.0,02,003083
126904,0,0,0,0,126904,0.0,02,003084
127025,0,0,0,0,127025,0.0,02,003085
127023,0,0,0,0,127023,0.0,02,003086
126832,0,0,0,0,126832,0.0,02,003087
126731,0,0,0,0,126731,0.0,02,003088
126914,0,0,0,0,126914,0.0,02,003089
126784,0,0,0,0,126784,0.0,02,003090
126899,0,0,0,0,126899,0.0,02,003091
126827,0,0,0,0,126827,0.0,02,003092
126939,0,0,0,0,126939,0.0,02,003093
126841,0,0,0,0,126841,0.0,02,003094
126729,0,0,0,0,126729,0.0,02,003095
126492,0,0,0,0,126492,0.0,02,003096
126090,0,0,0,0,126090,0.0,02,003097
125833,0,0,0,0,125833,0.0,02,003098
125445,0,0,0,0,125445,0.0,02,003099
125206,0,0,0,0,125206,0.0,02,003100
124604,0,0,0,0,124604,0.0,02,003101
123796,0,0,0,0,123796,0.0,02,003102
122686,0,0,0,0,122686,0.0,02,003103
121134,0,0,0,0,121134,0.0,02,003104
118728,0,0,0,0,118728,0.0,02,003105
116622,0,0,0,0,116622,0.0,02,003106
112979,0,0,0,0,112979,0.0,02,003107
110200,0,0,0,0,110200,0.0,02,003108
106946,0,0,0,0,106946,0.0,02,003109
110003,0,0,0,0,110003,0.0,02,003110
112410,0,0,0,0,112410,0.0,02,003111
113708,0,0,0,0,113708,0.0,02,003112
115182,0,0,0,0,115182,0.0,02,003113
116077,0,0,0,0,116077,0.0,02,003114
116607,0,0,0,0,116607,0.0,02,003115
116931,0,0,0,0,116931,0.0,02,003116
117674,0,0,0,0,117674,0.0,02,003117
118186,0,0,0,0,118186,0.0,02,003118
118744,0,0,0,0,118744,0.0,02,003119
119005,0,0,0,0,119005,0.0,02,003120
117223,0,0,0,0,117223,0.0,02,003121
116440,0,0,0,0,116440,0.0,02,003122
115811,0,0,0,0,115811,0.0,02,003123
115476,0,0,0,0,115476,0.0,02,003124
115414,0,0,0,0,115414,0.0,02,003125
116299,0,0,0,0,116299,0.0,02,003126
117994,0,0,0,0,117994,0.0,02,003127
119325,0,0,0,0,119325,0.0,02,003128
120814,0,0,0,0,120814,0.0,02,003129
122652,0,0,0,0,122652,0.0,02,003130
124248,0,0,0,0,124248,0.0,02,003131
125171,0,0,0,0,125171,0.0,02,003132
125636,0,0,0,0,125636,0.0,02,003133
125859,0,0,0,0,125859,0.0,02,003134
125843,0,0,0,0,125843,0.0,02,003135
125804,0,0,0,0,125804,0.0,02,003136
125647,0,0,0,0,125647,0.0,02,003137
125507,0,0,0,0,125507,0.0,02,003138
124890,0,0,0,0,124890,0.0,02,003139
124131,0,0,0,0,124131,0.0,02,003140
122738,0,0,0,0,122738,0.0,02,003141
121090,0,0,0,0,121090,0.0,02,003142
119368,0,0,0,0,119368,0.0,02,003143
119346,0,0,0,0,119346,0.0,02,003144
120284,0,0,0,0,120284,0.0,02,003145
120528,0,0,0,0,120528,0.0,02,003146
122223,0,0,0,0,122223,0.0,02,003147
123671,0,0,0,0,123671,0.0,02,003148
125010,0,0,0,0,125010,0.0,02,003149
125931,0,0,0,0,125931,0.0,02,003150
126338,0,0,0,0,126338,0.0,02,003151
126813,0,0,0,0,126813,0.0,02,003152
127062,0,0,0,0,127062,0.0,02,003153
127216,0,0,0,0,127216,0.0,02,003154
127200,0,0,0,0,127200,0.0,02,003155
127336,0,0,0,0,127336,0.0,02,003156
127344,0,0,0,0,127344,0.0,02,003157
127138,0,0,0,0,127138,0.0,02,003158
126586,0,0,0,0,126586,0.0,02,003159
126081,0,0,0,0,126081,0.0,02,003160
126683,0,0,0,0,126683,0.0,02,003161
127049,0,0,0,0,127049,0.0,02,003162
126436,0,0,0,0,126436,0.0,02,003163
126471,0,0,0,0,126471,0.0,02,003164
126939,0,0,0,0,126939,0.0,02,003165
127294,0,0,0,0,127294,0.0,02,003166
127608,0,0,0,0,127608,0.0,02,003167
127697,0,0,0,0,127697,0.0,02,003168
127681,0,0,0,0,127681,0.0,02,003169
127660,0,0,0,0,127660,0.0,02,003170
127616,0,0,0,0,127616,0.0,02,003171
127533,0,0,0,0,127533,0.0,02,003172
127510,0,0,0,0,127510,0.0,02,003173
127511,0,0,0,0,127511,0.0,02,003174
127575,0,0,0,0,127575,0.0,02,003175
127506,0,0,0,0,127506,0.0,02,003176
127601,0,0,0,0,127601,0.0,02,003177
127513,0,0,0,0,127513,0.0,02,003178
127449,0,0,0,0,127449,0.0,02,003179
127389,0,0,0,0,127389,0.0,02,003180
127479,0,0,0,0,127479,0.0,02,003181
127443,0,0,0,0,127443,0.0,02,003182
127311,0,0,0,0,127311,0.0,02,003183
127214,0,0,0,0,127214,0.0,02,003184
126775,0,0,0,0,126775,0.0,02,003185
126531,0,0,0,0,126531,0.0,02,003186
126526,0,0,0,0,126526,0.0,02,003187
126640,0,0,0,0,126640,0.0,02,003188
126537,0,0,0,0,126537,0.0,02,003189
126576,0,0,0,0,126576,0.0,02,003190
126531,0,0,0,0,126531,0.0,02,003191
126830,0,0,0,0,126830,0.0,02,003192
127265,0,0,0,0,127265,0.0,02,003193
127385,0,0,0,0,127385,0.0,02,003194
127382,0,0,0,0,127382,0.0,02,003195
127272,0,0,0,0,127272,0.0,02,003196
127286,0,0,0,0,127286,0.0,02,003197
127289,0,0,0,0,127289,0.0,02,003198
127318,0,0,0,0,127318,0.0,02,003199
127495,0,0,0,0,127495,0.0,02,003200
127568,0,0,0,0,127568,0.0,02,003201
127514,0,0,0,0,127514,0.0,02,003202
127440,0,0,0,0,127440,0.0,02,003203
127340,0,0,0,0,127340,0.0,02,003204
127263,0,0,0,0,127263,0.0,02,003205
127289,0,0,0,0,127289,0.0,02,003206
127149,0,0,0,0,127149,0.0,02,003207
127359,0,0,0,0,127359,0.0,02,003208
127652,0,0,0,0,127652,0.0,02,003209
127522,0,0,0,0,127522,0.0,02,003210
127416,0,0,0,0,127416,0.0,02,003211
127182,0,0,0,0,127182,0.0,02,003212
127082,0,0,0,0,127082,0.0,02,003213
127075,0,0,0,0,127075,0.0,02,003214
126776,0,0,0,0,126776,0.0,02,003215
126316,0,0,0,0,126316,0.0,02,003216
125680,0,0,0,0,125680,0.0,02,003217
124929,0,0,0,0,124929,0.0,02,003218
123552,0,0,0,0,123552,0.0,02,003219
121801,0,0,0,0,121801,0.0,02,003220
120944,0,0,0,0,120944,0.0,02,003221
121066,0,0,0,0,121066,0.0,02,003222
120968,0,0,0,0,120968,0.0,02,003223
120606,0,0,0,0,120606,0.0,02,003224
121589,0,0,0,0,121589,0.0,02,003225
122877,0,0,0,0,122877,0.0,02,003226
124400,0,0,0,0,124400,0.0,02,003227
125354,0,0,0,0,125354,0.0,02,003228
126098,0,0,0,0,126098,0.0,02,003229
126567,0,0,0,0,126567,0.0,02,003230
126835,0,0,0,0,126835,0.0,02,003231
127002,0,0,0,0,127002,0.0,02,003232
127124,0,0,0,0,127124,0.0,02,003233
127102,0,0,0,0,127102,0.0,02,003234
126995,0,0,0,0,126995,0.0,02,003235
126908,0,0,0,0,126908,0.0,02,003236
126706,0,0,0,0,126706,0.0,02,003237
126415,0,0,0,0,126415,0.0,02,003238
126019,0,0,0,0,126019,0.0,02,003239
125627,0,0,0,0,125627,0.0,02,003240
125226,0,0,0,0,125226,0.0,02,003241
125375,0,0,0,0,125375,0.0,02,003242
125381,0,0,0,0,125381,0.0,02,003243
125457,0,0,0,0,125457,0.0,02,003244
125470,0,0,0,0,125470,0.0,02,003245
125455,0,0,0,0,125455,0.0,02,003246
125598,0,0,0,0,125598,0.0,02,003247
125568,0,0,0,0,125568,0.0,02,003248
125880,0,0,0,0,125880,0.0,02,003249
126082,0,0,0,0,126082,0.0,02,003250
126578,0,0,0,0,126578,0.0,02,003251
126861,0,0,0,0,126861,0.0,02,003252
127173,0,0,0,0,127173,0.0,02,003253
127361,0,0,0,0,127361,0.0,02,003254
127292,0,0,0,0,127292,0.0,02,003255
127376,0,0,0,0,127376,0.0,02,003256
127333,0,0,0,0,127333,0.0,02,003257
127364,0,0,0,0,127364,0.0,02,003258
127235,0,0,0,0,127235,0.0,02,003259
127113,0,0,0,0,127113,0.0,02,003260
127249,0,0,0,0,127249,0.0,02,003261
127517,0,0,0,0,127517,0.0,02,003262
127657,0,0,0,0,127657,0.0,02,003263
127643,0,0,0,0,127643,0.0,02,003264
127547,0,0,0,0,127547,0.0,02,003265
127714,0,0,0,0,127714,0.0,02,003266
127817,0,0,0,0,127817,0.0,02,003267
127923,0,0,0,0,127923,0.0,02,003268
128023,0,0,0,0,128023,0.0,02,003269
128046,0,0,0,0,128046,0.0,02,003270
127930,0,0,0,0,127930,0.0,02,003271
127949,0,0,0,0,127949,0.0,02,003272
127941,0,0,0,0,127941,0.0,02,003273
128146,0,0,0,0,128146,0.0,02,003274
128171,0,0,0,0,128171,0.0,02,003275
128288,0,0,0,0,128288,0.0,02,003276
128182,0,0,0,0,128182,0.0,02,003277
128091,0,0,0,0,128091,0.0,02,003278
128147,0,0,0,0,128147,0.0,02,003279
128130,0,0,0,0,128130,0.0,02,003280
128102,0,0,0,0,128102,0.0,02,003281
128126,0,0,0,0,128126,0.0,02,003282
128297,0,0,0,0,128297,0.0,02,003283
128380,0,0,0,0,128380,0.0,02,003284
128349,0,0,0,0,128349,0.0,02,003285
128396,0,0,0,0,128396,0.0,02,003286
128343,0,0,0,0,128343,0.0,02,003287
128407,0,0,0,0,128407,0.0,02,003288
128356,0,0,0,0,128356,0.0,02,003289
128415,0,0,0,0,128415,0.0,02,003290
128435,0,0,0,0,128435,0.0,02,003291
128509,0,0,0,0,128509,0.0,02,003292
128644,0,0,0,0,128644,0.0,02,003293
128746,0,0,0,0,128746,0.0,02,003294
128659,0,0,0,0,128659,0.0,02,003295
128669,0,0,0,0,128669,0.0,02,003296
128637,0,0,0,0,128637,0.0,02,003297
128722,0,0,0,0,128722,0.0,02,003298
128662,0,0,0,0,128662,0.0,02,003299
128733,0,0,0,0,128733,0.0,02,003300
128759,0,0,0,0,128759,0.0,02,003301
128754,0,0,0,0,128754,0.0,02,003302
128757,0,0,0,0,128757,0.0,02,003303
128703,0,0,0,0,128703,0.0,02,003304
128815,0,0,0,0,128815,0.0,02,003305
128857,0,0,0,0,128857,0.0,02,003306
128885,0,0,0,0,128885,0.0,02,003307
128810,0,0,0,0,128810,0.0,02,003308
128800,0,0,0,0,128800,0.0,02,003309
128841,0,0,0,0,128841,0.0,02,003310
128727,0,0,0,0,128727,0.0,02,003311
128773,0,0,0,0,128773,0.0,02,003312
128843,0,0,0,0,128843,0.0,02,003313
128850,0,0,0,0,128850,0.0,02,003314
128948,0,0,0,0,128948,0.0,02,003315
128992,0,0,0,0,128992,0.0,02,003316
129075,0,0,0,0,129075,0.0,02,003317
129021,0,0,0,0,129021,0.0,02,003318
129018,0,0,0,0,129018,0.0,02,003319
128917,0,0,0,0,128917,0.0,02,003320
128760,0,0,0,0,128760,0.0,02,003321
128500,0,0,0,0,128500,0.0,02,003322
128394,0,0,0,0,128394,0.0,02,003323
128310,0,0,0,0,128310,0.0,02,003324
128250,0,0,0,0,128250,0.0,02,003325
128105,0,0,0,0,128105,0.0,02,003326
128038,0,0,0,0,128038,0.0,02,003327
127958,0,0,0,0,127958,0.0,02,003328
127867,0,0,0,0,127867,0.0,02,003329
127943,0,0,0,0,127943,0.0,02,003330
127837,0,0,0,0,127837,0.0,02,003331
127897,0,0,0,0,127897,0.0,02,003332
127808,0,0,0,0,127808,0.0,02,003333
127778,0,0,0,0,127778,0.0,02,003334
127755,0,0,0,0,127755,0.0,02,003335
127708,0,0,0,0,127708,0.0,02,003336
127781,0,0,0,0,127781,0.0,02,003337
127772,0,0,0,0,127772,0.0,02,003338
127724,0,0,0,0,127724,0.0,02,003339
127704,0,0,0,0,127704,0.0,02,003340
127641,0,0,0,0,127641,0.0,02,003341
127633,0,0,0,0,127633,0.0,02,003342
127629,0,0,0,0,127629,0.0,02,003343
127643,0,0,0,0,127643,0.0,02,003344
127641,0,0,0,0,127641,0.0,02,003345
127667,0,0,0,0,127667,0.0,02,003346
127700,0,0,0,0,127700,0.0,02,003347
127739,0,0,0,0,127739,0.0,02,003348
127853,0,0,0,0,127853,0.0,02,003349
127851,0,0,0,0,127851,0.0,02,003350
127796,0,0,0,0,127796,0.0,02,003351
127696,0,0,0,0,127696,0.0,02,003352
127865,0,0,0,0,127865,0.0,02,003353
127911,0,0,0,0,127911,0.0,02,003354
127911,0,0,0,0,127911,0.0,02,003355
127802,0,0,0,0,127802,0.0,02,003356
127699,0,0,0,0,127699,0.0,02,003357
127764,0,0,0,0,127764,0.0,02,003358
127643,0,0,0,0,127643,0.0,02,003359
127645,0,0,0,0,127645,0.0,02,003360
127428,0,0,0,0,127428,0.0,02,003361
127150,0,0,0,0,127150,0.0,02,003362
126906,0,0,0,0,126906,0.0,02,003363
126494,0,0,0,0,126494,0.0,02,003364
125668,0,0,0,0,125668,0.0,02,003365
124708,0,0,0,0,124708,0.0,02,003366
124157,0,0,0,0,124157,0.0,02,003367
123789,0,0,0,0,123789,0.0,02,003368
123607,0,0,0,0,123607,0.0,02,003369
123789,0,0,0,0,123789,0.0,02,003370
124252,0,0,0,0,124252,0.0,02,003371
124540,0,0,0,0,124540,0.0,02,003372
125007,0,0,0,0,125007,0.0,02,003373
125418,0,0,0,0,125418,0.0,02,003374
125424,0,0,0,0,125424,0.0,02,003375
125598,0,0,0,0,125598,0.0,02,003376
126042,0,0,0,0,126042,0.0,02,003377
126222,0,0,0,0,126222,0.0,02,003378
126446,0,0,0,0,126446,0.0,02,003379
126680,0,0,0,0,126680,0.0,02,003380
127047,0,0,0,0,127047,0.0,02,003381
127304,0,0,0,0,127304,0.0,02,003382
127448,0,0,0,0,127448,0.0,02,003383
127555,0,0,0,0,127555,0.0,02,003384
127538,0,0,0,0,127538,0.0,02,003385
127761,0,0,0,0,127761,0.0,02,003386
127711,0,0,0,0,127711,0.0,02,003387
127704,0,0,0,0,127704,0.0,02,003388
127759,0,0,0,0,127759,0.0,02,003389
127793,0,0,0,0,127793,0.0,02,003390
127819,0,0,0,0,127819,0.0,02,003391
127746,0,0,0,0,127746,0.0,02,003392
127827,0,0,0,0,127827,0.0,02,003393
127739,0,0,0,0,127739,0.0,02,003394
127785,0,0,0,0,127785,0.0,02,003395
127735,0,0,0,0,127735,0.0,02,003396
127791,0,0,0,0,127791,0.0,02,003397
127712,0,0,0,0,127712,0.0,02,003398
127779,0,0,0,0,127779,0.0,02,003399
127740,0,0,0,0,127740,0.0,02,003400
127621,0,0,0,0,127621,0.0,02,003401
127683,0,0,0,0,127683,0.0,02,003402
127674,0,0,0,0,127674,0.0,02,003403
127547,0,0,0,0,127547,0.0,02,003404
127605,0,0,0,0,127605,0.0,02,003405
127492,0,0,0,0,127492,0.0,02,003406
127369,0,0,0,0,127369,0.0,02,003407
127291,0,0,0,0,127291,0.0,02,003408
127279,0,0,0,0,127279,0.0,02,003409
127326,0,0,0,0,127326,0.0,02,003410
127303,0,0,0,0,127303,0.0,02,003411
127401,0,0,0,0,127401,0.0,02,003412
127352,0,0,0,0,127352,0.0,02,003413
127384,0,0,0,0,127384,0.0,02,003414
127467,0,0,0,0,127467,0.0,02,003415
127663,0,0,0,0,127663,0.0,02,003416
127828,0,0,0,0,127828,0.0,02,003417
128023,0,0,0,0,128023,0.0,02,003418
128140,0,0,0,0,128140,0.0,02,003419
128262,0,0,0,0,128262,0.0,02,003420
128455,0,0,0,0,128455,0.0,02,003421
128592,0,0,0,0,128592,0.0,02,003422
128589,0,0,0,0,128589,0.0,02,003423
128530,0,0,0,0,128530,0.0,02,003424
128632,0,0,0,0,128632,0.0,02,003425
128755,0,0,0,0,128755,0.0,02,003426
128952,0,0,0,0,128952,0.0,02,003427
129094,0,0,0,0,129094,0.0,02,003428
129088,0,0,0,0,129088,0.0,02,003429
129082,0,0,0,0,129082,0.0,02,003430
129170,0,0,0,0,129170,0.0,02,003431
129199,0,0,0,0,129199,0.0,02,003432
129261,0,0,0,0,129261,0.0,02,003433
129209,0,0,0,0,129209,0.0,02,003434
129159,0,0,0,0,129159,0.0,02,003435
129153,0,0,0,0,129153,0.0,02,003436
129090,0,0,0,0,129090,0.0,02,003437
129068,0,0,0,0,129068,0.0,02,003438
128946,0,0,0,0,128946,0.0,02,003439
128906,0,0,0,0,128906,0.0,02,003440
128846,0,0,0,0,128846,0.0,02,003441
128679,0,0,0,0,128679,0.0,02,003442
128606,0,0,0,0,128606,0.0,02,003443
128543,0,0,0,0,128543,0.0,02,003444
128621,0,0,0,0,128621,0.0,02,003445
128619,0,0,0,0,128619,0.0,02,003446
128674,0,0,0,0,128674,0.0,02,003447
128637,0,0,0,0,128637,0.0,02,003448
128697,0,0,0,0,128697,0.0,02,003449
128640,0,0,0,0,128640,0.0,02,003450
128667,0,0,0,0,128667,0.0,02,003451
128630,0,0,0,0,128630,0.0,02,003452
128703,0,0,0,0,128703,0.0,02,003453
128662,0,0,0,0,128662,0.0,02,003454
128520,0,0,0,0,128520,0.0,02,003455
128654,0,0,0,0,128654,0.0,02,003456
128625,0,0,0,0,128625,0.0,02,003457
128608,0,0,0,0,128608,0.0,02,003458
128567,0,0,0,0,128567,0.0,02,003459
128511,0,0,0,0,128511,0.0,02,003460
128570,0,0,0,0,128570,0.0,02,003461
128617,0,0,0,0,128617,0.0,02,003462
128553,0,0,0,0,128553,0.0,02,003463
128481,0,0,0,0,128481,0.0,02,003464
128546,0,0,0,0,128546,0.0,02,003465
128446,0,0,0,0,128446,0.0,02,003466
128568,0,0,0,0,128568,0.0,02,003467
128474,0,0,0,0,128474,0.0,02,003468
128503,0,0,0,0,128503,0.0,02,003469
128404,0,0,0,0,128404,0.0,02,003470
128429,0,0,0,0,128429,0.0,02,003471
128466,0,0,0,0,128466,0.0,02,003472
128418,0,0,0,0,128418,0.0,02,003473
128472,0,0,0,0,128472,0.0,02,003474
128507,0,0,0,0,128507,0.0,02,003475
128378,0,0,0,0,128378,0.0,02,003476
128367,0,0,0,0,128367,0.0,02,003477
128372,0,0,0,0,128372,0.0,02,003478
128373,0,0,0,0,128373,0.0,02,003479
128363,0,0,0,0,128363,0.0,02,003480
128285,0,0,0,0,128285,0.0,02,003481
128248,0,0,0,0,128248,0.0,02,003482
128217,0,0,0,0,128217,0.0,02,003483
128172,0,0,0,0,128172,0.0,02,003484
128171,0,0,0,0,128171,0.0,02,003485
128129,0,0,0,0,128129,0.0,02,003486
128263,0,0,0,0,128263,0.0,02,003487
128360,0,0,0,0,128360,0.0,02,003488
128452,0,0,0,0,128452,0.0,02,003489
128462,0,0,0,0,128462,0.0,02,003490
128477,0,0,0,0,128477,0.0,02,003491
128354,0,0,0,0,128354,0.0,02,003492
128271,0,0,0,0,128271,0.0,02,003493
128252,0,0,0,0,128252,0.0,02,003494
128329,0,0,0,0,128329,0.0,02,003495
128201,0,0,0,0,128201,0.0,02,003496
128153,0,0,0,0,128153,0.0,02,003497
128044,0,0,0,0,128044,0.0,02,003498
127831,0,0,0,0,127831,0.0,02,003499
127546,0,0,0,0,127546,0.0,02,003500
127325,0,0,0,0,127325,0.0,02,003501
127297,0,0,0,0,127297,0.0,02,003502
127314,0,0,0,0,127314,0.0,02,003503
127408,0,0,0,0,127408,0.0,02,003504
127697,0,0,0,0,127697,0.0,02,003505
127731,0,0,0,0,127731,0.0,02,003506
127823,0,0,0,0,127823,0.0,02,003507
127840,0,0,0,0,127840,0.0,02,003508
127880,0,0,0,0,127880,0.0,02,003509
127936,0,0,0,0,127936,0.0,02,003510
127952,0,0,0,0,127952,0.0,02,003511
127984,0,0,0,0,127984,0.0,02,003512
127806,0,0,0,0,127806,0.0,02,003513
127804,0,0,0,0,127804,0.0,02,003514
127875,0,0,0,0,127875,0.0,02,003515
127959,0,0,0,0,127959,0.0,02,003516
127857,0,0,0,0,127857,0.0,02,003517
127442,0,0,0,0,127442,0.0,02,003518
126705,0,0,0,0,126705,0.0,02,003519
126376,0,0,0,0,126376,0.0,02,003520
125937,0,0,0,0,125937,0.0,02,003521
125216,0,0,0,0,125216,0.0,02,003522
124322,0,0,0,0,124322,0.0,02,003523
123203,0,0,0,0,123203,0.0,02,003524
121754,0,0,0,0,121754,0.0,02,003525
119967,0,0,0,0,119967,0.0,02,003526
119013,0,0,0,0,119013,0.0,02,003527
118382,0,0,0,0,118382,0.0,02,003528
119082,0,0,0,0,119082,0.0,02,003529
120228,0,0,0,0,120228,0.0,02,003530
120961,0,0,0,0,120961,0.0,02,003531
122109,0,0,0,0,122109,0.0,02,003532
123404,0,0,0,0,123404,0.0,02,003533
124203,0,0,0,0,124203,0.0,02,003534
124897,0,0,0,0,124897,0.0,02,003535
125301,0,0,0,0,125301,0.0,02,003536
125522,0,0,0,0,125522,0.0,02,003537
125649,0,0,0,0,125649,0.0,02,003538
125596,0,0,0,0,125596,0.0,02,003539
125175,0,0,0,0,125175,0.0,02,003540
124489,0,0,0,0,124489,0.0,02,003541
123815,0,0,0,0,123815,0.0,02,003542
122475,0,0,0,0,122475,0.0,02,003543
120842,0,0,0,0,120842,0.0,02,003544
119134,0,0,0,0,119134,0.0,02,003545
117966,0,0,0,0,117966,0.0,02,003546
117314,0,0,0,0,117314,0.0,02,003547
118322,0,0,0,0,118322,0.0,02,003548
119612,0,0,0,0,119612,0.0,02,003549
121085,0,0,0,0,121085,0.0,02,003550
122490,0,0,0,0,122490,0.0,02,003551
123463,0,0,0,0,123463,0.0,02,003552
124081,0,0,0,0,124081,0.0,02,003553
124481,0,0,0,0,124481,0.0,02,003554
124649,0,0,0,0,124649,0.0,02,003555
124672,0,0,0,0,124672,0.0,02,003556
124990,0,0,0,0,124990,0.0,02,003557
125101,0,0,0,0,125101,0.0,02,003558
125459,0,0,0,0,125459,0.0,02,003559
125298,0,0,0,0,125298,0.0,02,003560
125701,0,0,0,0,125701,0.0,02,003561
125869,0,0,0,0,125869,0.0,02,003562
126124,0,0,0,0,126124,0.0,02,003563
126342,0,0,0,0,126342,0.0,02,003564
126148,0,0,0,0,126148,0.0,02,003565
126529,0,0,0,0,126529,0.0,02,003566
126706,0,0,0,0,126706,0.0,02,003567
126807,0,0,0,0,126807,0.0,02,003568
126887,0,0,0,0,126887,0.0,02,003569
127065,0,0,0,0,127065,0.0,02,003570
127101,0,0,0,0,127101,0.0,02,003571
127255,0,0,0,0,127255,0.0,02,003572
127113,0,0,0,0,127113,0.0,02,003573
127090,0,0,0,0,127090,0.0,02,003574
127183,0,0,0,0,127183,0.0,02,003575
127182,0,0,0,0,127182,0.0,02,003576
127237,0,0,0,0,127237,0.0,02,003577
127323,0,0,0,0,127323,0.0,02,003578
127292,0,0,0,0,127292,0.0,02,003579
127571,0,0,0,0,127571,0.0,02,003580
127594,0,0,0,0,127594,0.0,02,003581
127664,0,0,0,0,127664,0.0,02,003582
127626,0,0,0,0,127626,0.0,02,003583
127763,0,0,0,0,127763,0.0,02,003584
127682,0,0,0,0,127682,0.0,02,003585
127775,0,0,0,0,127775,0.0,02,003586
127804,0,0,0,0,127804,0.0,02,003587
127862,0,0,0,0,127862,0.0,02,003588
127831,0,0,0,0,127831,0.0,02,003589
127758,0,0,0,0,127758,0.0,02,003590
127621,0,0,0,0,127621,0.0,02,003591
127660,0,0,0,0,127660,0.0,02,003592
127632,0,0,0,0,127632,0.0,02,003593
127493,0,0,0,0,127493,0.0,02,003594
127399,0,0,0,0,127399,0.0,02,003595
127646,0,0,0,0,127646,0.0,02,003596
127487,0,0,0,0,127487,0.0,02,003597
127609,0,0,0,0,127609,0.0,02,003598
127630,0,0,0,0,127630,0.0,02,003599
127715,0,0,0,0,127715,0.0,02,003600
127822,0,0,0,0,127822,0.0,02,003601
127865,0,0,0,0,127865,0.0,02,003602
127827,0,0,0,0,127827,0.0,02,003603
127885,0,0,0,0,127885,0.0,02,003604
127782,0,0,0,0,127782,0.0,02,003605
127864,0,0,0,0,127864,0.0,02,003606
127875,0,0,0,0,127875,0.0,02,003607
127868,0,0,0,0,127868,0.0,02,003608
127904,0,0,0,0,127904,0.0,02,003609
127897,0,0,0,0,127897,0.0,02,003610
127885,0,0,0,0,127885,0.0,02,003611
127869,0,0,0,0,127869,0.0,02,003612
127797,0,0,0,0,127797,0.0,02,003613
127851,0,0,0,0,127851,0.0,02,003614
127861,0,0,0,0,127861,0.0,02,003615
127810,0,0,0,0,127810,0.0,02,003616
127808,0,0,0,0,127808,0.0,02,003617
127722,0,0,0,0,127722,0.0,02,003618
127719,0,0,0,0,127719,0.0,02,003619
127648,0,0,0,0,127648,0.0,02,003620
127657,0,0,0,0,127657,0.0,02,003621
127583,0,0,0,0,127583,0.0,02,003622
127584,0,0,0,0,127584,0.0,02,003623
127502,0,0,0,0,127502,0.0,02,003624
127504,0,0,0,0,127504,0.0,02,003625
127404,0,0,0,0,127404,0.0,02,003626
127359,0,0,0,0,127359,0.0,02,003627
127298,0,0,0,0,127298,0.0,02,003628
127260,0,0,0,0,127260,0.0,02,003629
127154,0,0,0,0,127154,0.0,02,003630
127140,0,0,0,0,127140,0.0,02,003631
126991,0,0,0,0,126991,0.0,02,003632
126961,0,0,0,0,126961,0.0,02,003633
126920,0,0,0,0,126920,0.0,02,003634
126860,0,0,0,0,126860,0.0,02,003635
126731,0,0,0,0,126731,0.0,02,003636
126673,0,0,0,0,126673,0.0,02,003637
126516,0,0,0,0,126516,0.0,02,003638
126419,0,0,0,0,126419,0.0,02,003639
126443,0,0,0,0,126443,0.0,02,003640
126369,0,0,0,0,126369,0.0,02,003641
126315,0,0,0,0,126315,0.0,02,003642
126410,0,0,0,0,126410,0.0,02,003643
126443,0,0,0,0,126443,0.0,02,003644
126420,0,0,0,0,126420,0.0,02,003645
126425,0,0,0,0,126425,0.0,02,003646
126447,0,0,0,0,126447,0.0,02,003647
126398,0,0,0,0,126398,0.0,02,003648
126499,0,0,0,0,126499,0.0,02,003649
126494,0,0,0,0,126494,0.0,02,003650
126432,0,0,0,0,126432,0.0,02,003651
126519,0,0,0,0,126519,0.0,02,003652
126490,0,0,0,0,126490,0.0,02,003653
126643,0,0,0,0,126643,0.0,02,003654
126748,0,0,0,0,126748,0.0,02,003655
127111,0,0,0,0,127111,0.0,02,003656
127086,0,0,0,0,127086,0.0,02,003657
127137,0,0,0,0,127137,0.0,02,003658
127023,0,0,0,0,127023,0.0,02,003659
126951,0,0,0,0,126951,0.0,02,003660
126892,0,0,0,0,126892,0.0,02,003661
126965,0,0,0,0,126965,0.0,02,003662
127125,0,0,0,0,127125,0.0,02,003663
127194,0,0,0,0,127194,0.0,02,003664
127209,0,0,0,0,127209,0.0,02,003665
127140,0,0,0,0,127140,0.0,02,003666
126908,0,0,0,0,126908,0.0,02,003667
126809,0,0,0,0,126809,0.0,02,003668
126919,0,0,0,0,126919,0.0,02,003669
126536,0,0,0,0,126536,0.0,02,003670
126045,0,0,0,0,126045,0.0,02,003671
125105,0,0,0,0,125105,0.0,02,003672
124819,0,0,0,0,124819,0.0,02,003673
124953,0,0,0,0,124953,0.0,02,003674
124755,0,0,0,0,124755,0.0,02,003675
125612,0,0,0,0,125612,0.0,02,003676
126400,0,0,0,0,126400,0.0,02,003677
126816,0,0,0,0,126816,0.0,02,003678
127013,0,0,0,0,127013,0.0,02,003679
127286,0,0,0,0,127286,0.0,02,003680
127543,0,0,0,0,127543,0.0,02,003681
127696,0,0,0,0,127696,0.0,02,003682
127804,0,0,0,0,127804,0.0,02,003683
127851,0,0,0,0,127851,0.0,02,003684
127759,0,0,0,0,127759,0.0,02,003685
127727,0,0,0,0,127727,0.0,02,003686
127720,0,0,0,0,127720,0.0,02,003687
127745,0,0,0,0,127745,0.0,02,003688
127748,0,0,0,0,127748,0.0,02,003689
127836,0,0,0,0,127836,0.0,02,003690
127807,0,0,0,0,127807,0.0,02,003691
127900,0,0,0,0,127900,0.0,02,003692
127969,0,0,0,0,127969,0.0,02,003693
128022,0,0,0,0,128022,0.0,02,003694
128029,0,0,0,0,128029,0.0,02,003695
127978,0,0,0,0,127978,0.0,02,003696
127981,0,0,0,0,127981,0.0,02,003697
127902,0,0,0,0,127902,0.0,02,003698
127869,0,0,0,0,127869,0.0,02,003699
127833,0,0,0,0,127833,0.0,02,003700
127955,0,0,0,0,127955,0.0,02,003701
127962,0,0,0,0,127962,0.0,02,003702
128074,0,0,0,0,128074,0.0,02,003703
128039,0,0,0,0,128039,0.0,02,003704
128148,0,0,0,0,128148,0.0,02,003705
128248,0,0,0,0,128248,0.0,02,003706
128075,0,0,0,0,128075,0.0,02,003707
128159,0,0,0,0,128159,0.0,02,003708
128118,0,0,0,0,128118,0.0,02,003709
128051,0,0,0,0,128051,0.0,02,003710
127978,0,0,0,0,127978,0.0,02,003711
127874,0,0,0,0,127874,0.0,02,003712
127636,0,0,0,0,127636,0.0,02,003713
127455,0,0,0,0,127455,0.0,02,003714
127340,0,0,0,0,127340,0.0,02,003715
127397,0,0,0,0,127397,0.0,02,003716
127307,0,0,0,0,127307,0.0,02,003717
127245,0,0,0,0,127245,0.0,02,003718
127289,0,0,0,0,127289,0.0,02,003719
127262,0,0,0,0,127262,0.0,02,003720
127084,0,0,0,0,127084,0.0,02,003721
126901,0,0,0,0,126901,0.0,02,003722
126995,0,0,0,0,126995,0.0,02,003723
127087,0,0,0,0,127087,0.0,02,003724
127105,0,0,0,0,127105,0.0,02,003725
127171,0,0,0,0,127171,0.0,02,003726
127209,0,0,0,0,127209,0.0,02,003727
127269,0,0,0,0,127269,0.0,02,003728
127149,0,0,0,0,127149,0.0,02,003729
127103,0,0,0,0,127103,0.0,02,003730
127115,0,0,0,0,127115,0.0,02,003731
127111,0,0,0,0,127111,0.0,02,003732
127096,0,0,0,0,127096,0.0,02,003733
127194,0,0,0,0,127194,0.0,02,003734
127293,0,0,0,0,127293,0.0,02,003735
127354,0,0,0,0,127354,0.0,02,003736
127555,0,0,0,0,127555,0.0,02,003737
127610,0,0,0,0,127610,0.0,02,003738
127595,0,0,0,0,127595,0.0,02,003739
127544,0,0,0,0,127544,0.0,02,003740
127591,0,0,0,0,127591,0.0,02,003741
127453,0,0,0,0,127453,0.0,02,003742
127483,0,0,0,0,127483,0.0,02,003743
127597,0,0,0,0,127597,0.0,02,003744
127729,0,0,0,0,127729,0.0,02,003745
127776,0,0,0,0,127776,0.0,02,003746
127796,0,0,0,0,127796,0.0,02,003747
127931,0,0,0,0,127931,0.0,02,003748
127908,0,0,0,0,127908,0.0,02,003749
127886,0,0,0,0,127886,0.0,02,003750
127960,0,0,0,0,127960,0.0,02,003751
127979,0,0,0,0,127979,0.0,02,003752
127929,0,0,0,0,127929,0.0,02,003753
127778,0,0,0,0,127778,0.0,02,003754
127572,0,0,0,0,127572,0.0,02,003755
127510,0,0,0,0,127510,0.0,02,003756
127613,0,0,0,0,127613,0.0,02,003757
127647,0,0,0,0,127647,0.0,02,003758
127823,0,0,0,0,127823,0.0,02,003759
127779,0,0,0,0,127779,0.0,02,003760
127757,0,0,0,0,127757,0.0,02,003761
127724,0,0,0,0,127724,0.0,02,003762
127830,0,0,0,0,127830,0.0,02,003763
127800,0,0,0,0,127800,0.0,02,003764
127788,0,0,0,0,127788,0.0,02,003765
127753,0,0,0,0,127753,0.0,02,003766
127723,0,0,0,0,127723,0.0,02,003767
127715,0,0,0,0,127715,0.0,02,003768
127635,0,0,0,0,127635,0.0,02,003769
127544,0,0,0,0,127544,0.0,02,003770
127504,0,0,0,0,127504,0.0,02,003771
127444,0,0,0,0,127444,0.0,02,003772
127420,0,0,0,0,127420,0.0,02,003773
127481,0,0,0,0,127481,0.0,02,003774
127389,0,0,0,0,127389,0.0,02,003775
127375,0,0,0,0,127375,0.0,02,003776
127474,0,0,0,0,127474,0.0,02,003777
127491,0,0,0,0,127491,0.0,02,003778
127307,0,0,0,0,127307,0.0,02,003779
127372,0,0,0,0,127372,0.0,02,003780
127303,0,0,0,0,127303,0.0,02,003781
127174,0,0,0,0,127174,0.0,02,003782
127284,0,0,0,0,127284,0.0,02,003783
127263,0,0,0,0,127263,0.0,02,003784
127172,0,0,0,0,127172,0.0,02,003785
127342,0,0,0,0,127342,0.0,02,003786
127333,0,0,0,0,127333,0.0,02,003787
127359,0,0,0,0,127359,0.0,02,003788
127273,0,0,0,0,127273,0.0,02,003789
127234,0,0,0,0,127234,0.0,02,003790
127148,0,0,0,0,127148,0.0,02,003791
126921,0,0,0,0,126921,0.0,02,003792
126707,0,0,0,0,126707,0.0,02,003793
126706,0,0,0,0,126706,0.0,02,003794
126572,0,0,0,0,126572,0.0,02,003795
126254,0,0,0,0,126254,0.0,02,003796
125995,0,0,0,0,125995,0.0,02,003797
125683,0,0,0,0,125683,0.0,02,003798
125583,0,0,0,0,125583,0.0,02,003799
125662,0,0,0,0,125662,0.0,02,003800
125751,0,0,0,0,125751,0.0,02,003801
125830,0,0,0,0,125830,0.0,02,003802
125569,0,0,0,0,125569,0.0,02,003803
125502,0,0,0,0,125502,0.0,02,003804
125377,0,0,0,0,125377,0.0,02,003805
125279,0,0,0,0,125279,0.0,02,003806
125075,0,0,0,0,125075,0.0,02,003807
124930,0,0,0,0,124930,0.0,02,003808
124838,0,0,0,0,124838,0.0,02,003809
124828,0,0,0,0,124828,0.0,02,003810
124831,0,0,0,0,124831,0.0,02,003811
124627,0,0,0,0,124627,0.0,02,003812
124650,0,0,0,0,124650,0.0,02,003813
124567,0,0,0,0,124567,0.0,02,003814
124431,0,0,0,0,124431,0.0,02,003815
124347,0,0,0,0,124347,0.0,02,003816
123957,0,0,0,0,123957,0.0,02,003817
123427,0,0,0,0,123427,0.0,02,003818
122873,0,0,0,0,122873,0.0,02,003819
121958,0,0,0,0,121958,0.0,02,003820
120730,0,0,0,0,120730,0.0,02,003821
119234,0,0,0,0,119234,0.0,02,003822
117996,0,0,0,0,117996,0.0,02,003823
116279,0,0,0,0,116279,0.0,02,003824
114990,0,0,0,0,114990,0.0,02,003825
114506,0,0,0,0,114506,0.0,02,003826
113809,0,0,0,0,113809,0.0,02,003827
114990,0,0,0,0,114990,0.0,02,003828
116025,0,0,0,0,116025,0.0,02,003829
115785,0,0,0,0,115785,0.0,02,003830
113667,0,0,0,0,113667,0.0,02,003831
111566,0,0,0,0,111566,0.0,02,003832
109754,0,0,0,0,109754,0.0,02,003833
109586,0,0,0,0,109586,0.0,02,003834
107249,0,0,0,0,107249,0.0,02,003835
107445,0,0,0,0,107445,0.0,02,003836
108366,0,0,0,0,108366,0.0,02,003837
109907,0,0,0,0,109907,0.0,02,003838
113387,0,0,0,0,113387,0.0,02,003839
114714,0,0,0,0,114714,0.0,02,003840
117461,0,0,0,0,117461,0.0,02,003841
120091,0,0,0,0,120091,0.0,02,003842
122429,0,0,0,0,122429,0.0,02,003843
123726,0,0,0,0,123726,0.0,02,003844
124427,0,0,0,0,124427,0.0,02,003845
125079,0,0,0,0,125079,0.0,02,003846
125448,0,0,0,0,125448,0.0,02,003847
125876,0,0,0,0,125876,0.0,02,003848
126012,0,0,0,0,126012,0.0,02,003849
126117,0,0,0,0,126117,0.0,02,003850
126130,0,0,0,0,126130,0.0,02,003851
126253,0,0,0,0,126253,0.0,02,003852
126391,0,0,0,0,126391,0.0,02,003853
126368,0,0,0,0,126368,0.0,02,003854
126396,0,0,0,0,126396,0.0,02,003855
126382,0,0,0,0,126382,0.0,02,003856
126129,0,0,0,0,126129,0.0,02,003857
125784,0,0,0,0,125784,0.0,02,003858
125435,0,0,0,0,125435,0.0,02,003859
125610,0,0,0,0,125610,0.0,02,003860
124400,0,0,0,0,124400,0.0,02,003861
123540,0,0,0,0,123540,0.0,02,003862
123011,0,0,0,0,123011,0.0,02,003863
122470,0,0,0,0,122470,0.0,02,003864
121248,0,0,0,0,121248,0.0,02,003865
121258,0,0,0,0,121258,0.0,02,003866
122427,0,0,0,0,122427,0.0,02,003867
122214,0,0,0,0,122214,0.0,02,003868
121684,0,0,0,0,121684,0.0,02,003869
121198,0,0,0,0,121198,0.0,02,003870
121063,0,0,0,0,121063,0.0,02,003871
120365,0,0,0,0,120365,0.0,02,003872
120925,0,0,0,0,120925,0.0,02,003873
123343,0,0,0,0,123343,0.0,02,003874
125087,0,0,0,0,125087,0.0,02,003875
125857,0,0,0,0,125857,0.0,02,003876
126249,0,0,0,0,126249,0.0,02,003877
126496,0,0,0,0,126496,0.0,02,003878
126726,0,0,0,0,126726,0.0,02,003879
126897,0,0,0,0,126897,0.0,02,003880
126950,0,0,0,0,126950,0.0,02,003881
126747,0,0,0,0,126747,0.0,02,003882
126180,0,0,0,0,126180,0.0,02,003883
126068,0,0,0,0,126068,0.0,02,003884
125778,0,0,0,0,125778,0.0,02,003885
125569,0,0,0,0,125569,0.0,02,003886
124892,0,0,0,0,124892,0.0,02,003887
124507,0,0,0,0,124507,0.0,02,003888
123873,0,0,0,0,123873,0.0,02,003889
123177,0,0,0,0,123177,0.0,02,003890
123002,0,0,0,0,123002,0.0,02,003891
122502,0,0,0,0,122502,0.0,02,003892
121443,0,0,0,0,121443,0.0,02,003893
120563,0,0,0,0,120563,0.0,02,003894
120886,0,0,0,0,120886,0.0,02,003895
120999,0,0,0,0,120999,0.0,02,003896
119216,0,0,0,0,119216,0.0,02,003897
119689,0,0,0,0,119689,0.0,02,003898
119910,0,0,0,0,119910,0.0,02,003899
119211,0,0,0,0,119211,0.0,02,003900
117931,0,0,0,0,117931,0.0,02,003901
116348,0,0,0,0,116348,0.0,02,003902
115872,0,0,0,0,115872,0.0,02,003903
114718,0,0,0,0,114718,0.0,02,003904
115532,0,0,0,0,115532,0.0,02,003905
117456,0,0,0,0,117456,0.0,02,003906
118109,0,0,0,0,118109,0.0,02,003907
118894,0,0,0,0,118894,0.0,02,003908
118483,0,0,0,0,118483,0.0,02,003909
119240,0,0,0,0,119240,0.0,02,003910
120093,0,0,0,0,120093,0.0,02,003911
121967,0,0,0,0,121967,0.0,02,003912
123290,0,0,0,0,123290,0.0,02,003913
124100,0,0,0,0,124100,0.0,02,003914
124691,0,0,0,0,124691,0.0,02,003915
125375,0,0,0,0,125375,0.0,02,003916
126062,0,0,0,0,126062,0.0,02,003917
126384,0,0,0,0,126384,0.0,02,003918
126758,0,0,0,0,126758,0.0,02,003919
126915,0,0,0,0,126915,0.0,02,003920
127075,0,0,0,0,127075,0.0,02,003921
127181,0,0,0,0,127181,0.0,02,003922
127206,0,0,0,0,127206,0.0,02,003923
127265,0,0,0,0,127265,0.0,02,003924
127324,0,0,0,0,127324,0.0,02,003925
127221,0,0,0,0,127221,0.0,02,003926
127178,0,0,0,0,127178,0.0,02,003927
127096,0,0,0,0,127096,0.0,02,003928
127090,0,0,0,0,127090,0.0,02,003929
127104,0,0,0,0,127104,0.0,02,003930
126951,0,0,0,0,126951,0.0,02,003931
126963,0,0,0,0,126963,0.0,02,003932
127097,0,0,0,0,127097,0.0,02,003933
127116,0,0,0,0,127116,0.0,02,003934
126843,0,0,0,0,126843,0.0,02,003935
125962,0,0,0,0,125962,0.0,02,003936
126240,0,0,0,0,126240,0.0,02,003937
126882,0,0,0,0,126882,0.0,02,003938
126936,0,0,0,0,126936,0.0,02,003939
127104,0,0,0,0,127104,0.0,02,003940
126999,0,0,0,0,126999,0.0,02,003941
126950,0,0,0,0,126950,0.0,02,003942
126830,0,0,0,0,126830,0.0,02,003943
127250,0,0,0,0,127250,0.0,02,003944
127411,0,0,0,0,127411,0.0,02,003945
127477,0,0,0,0,127477,0.0,02,003946
127316,0,0,0,0,127316,0.0,02,003947
127429,0,0,0,0,127429,0.0,02,003948
127304,0,0,0,0,127304,0.0,02,003949
127221,0,0,0,0,127221,0.0,02,003950
127220,0,0,0,0,127220,0.0,02,003951
127117,0,0,0,0,127117,0.0,02,003952
127069,0,0,0,0,127069,0.0,02,003953
127118,0,0,0,0,127118,0.0,02,003954
127044,0,0,0,0,127044,0.0,02,003955
126971,0,0,0,0,126971,0.0,02,003956
126908,0,0,0,0,126908,0.0,02,003957
126761,0,0,0,0,126761,0.0,02,003958
126478,0,0,0,0,126478,0.0,02,003959
125780,0,0,0,0,125780,0.0,02,003960
125318,0,0,0,0,125318,0.0,02,003961
124637,0,0,0,0,124637,0.0,02,003962
124119,0,0,0,0,124119,0.0,02,003963
123934,0,0,0,0,123934,0.0,02,003964
123760,0,0,0,0,123760,0.0,02,003965
123841,0,0,0,0,123841,0.0,02,003966
124061,0,0,0,0,124061,0.0,02,003967
124017,0,0,0,0,124017,0.0,02,003968
124000,0,0,0,0,124000,0.0,02,003969
123862,0,0,0,0,123862,0.0,02,003970
123487,0,0,0,0,123487,0.0,02,003971
123307,0,0,0,0,123307,0.0,02,003972
123101,0,0,0,0,123101,0.0,02,003973
123162,0,0,0,0,123162,0.0,02,003974
123168,0,0,0,0,123168,0.0,02,003975
123314,0,0,0,0,123314,0.0,02,003976
123571,0,0,0,0,123571,0.0,02,003977
123676,0,0,0,0,123676,0.0,02,003978
124389,0,0,0,0,124389,0.0,02,003979
124595,0,0,0,0,124595,0.0,02,003980
125129,0,0,0,0,125129,0.0,02,003981
125469,0,0,0,0,125469,0.0,02,003982
125968,0,0,0,0,125968,0.0,02,003983
125961,0,0,0,0,125961,0.0,02,003984
126126,0,0,0,0,126126,0.0,02,003985
126153,0,0,0,0,126153,0.0,02,003986
126244,0,0,0,0,126244,0.0,02,003987
126248,0,0,0,0,126248,0.0,02,003988
126541,0,0,0,0,126541,0.0,02,003989
126399,0,0,0,0,126399,0.0,02,003990
126340,0,0,0,0,126340,0.0,02,003991
126302,0,0,0,0,126302,0.0,02,003992
125936,0,0,0,0,125936,0.0,02,003993
125648,0,0,0,0,125648,0.0,02,003994
125449,0,0,0,0,125449,0.0,02,003995
125547,0,0,0,0,125547,0.0,02,003996
125425,0,0,0,0,125425,0.0,02,003997
125265,0,0,0,0,125265,0.0,02,003998
125049,0,0,0,0,125049,0.0,02,003999
124726,0,0,0,0,124726,0.0,02,004000
124510,0,0,0,0,124510,0.0,02,004001
124329,0,0,0,0,124329,0.0,02,004002
124231,0,0,0,0,124231,0.0,02,004003
123548,0,0,0,0,123548,0.0,02,004004
122589,0,0,0,0,122589,0.0,02,004005
121442,0,0,0,0,121442,0.0,02,004006
120096,0,0,0,0,120096,0.0,02,004007
119500,0,0,0,0,119500,0.0,02,004008
119263,0,0,0,0,119263,0.0,02,004009
120085,0,0,0,0,120085,0.0,02,004010
121594,0,0,0,0,121594,0.0,02,004011
122799,0,0,0,0,122799,0.0,02,004012
124011,0,0,0,0,124011,0.0,02,004013
124803,0,0,0,0,124803,0.0,02,004014
125171,0,0,0,0,125171,0.0,02,004015
125283,0,0,0,0,125283,0.0,02,004016
125294,0,0,0,0,125294,0.0,02,004017
124976,0,0,0,0,124976,0.0,02,004018
124408,0,0,0,0,124408,0.0,02,004019
123653,0,0,0,0,123653,0.0,02,004020
122955,0,0,0,0,122955,0.0,02,004021
121556,0,0,0,0,121556,0.0,02,004022
119281,0,0,0,0,119281,0.0,02,004023
115250,0,0,0,0,115250,0.0,02,004024
112117,0,0,0,0,112117,0.0,02,004025
110819,0,0,0,0,110819,0.0,02,004026
110985,0,0,0,0,110985,0.0,02,004027
111240,0,0,0,0,111240,0.0,02,004028
113290,0,0,0,0,113290,0.0,02,004029
116376,0,0,0,0,116376,0.0,02,004030
119548,0,0,0,0,119548,0.0,02,004031
121216,0,0,0,0,121216,0.0,02,004032
121978,0,0,0,0,121978,0.0,02,004033
121952,0,0,0,0,121952,0.0,02,004034
121853,0,0,0,0,121853,0.0,02,004035
121530,0,0,0,0,121530,0.0,02,004036
120995,0,0,0,0,120995,0.0,02,004037
120381,0,0,0,0,120381,0.0,02,004038
119683,0,0,0,0,119683,0.0,02,004039
119875,0,0,0,0,119875,0.0,02,004040
120040,0,0,0,0,120040,0.0,02,004041
120675,0,0,0,0,120675,0.0,02,004042
121371,0,0,0,0,121371,0.0,02,004043
122251,0,0,0,0,122251,0.0,02,004044
123019,0,0,0,0,123019,0.0,02,004045
123681,0,0,0,0,123681,0.0,02,004046
124579,0,0,0,0,124579,0.0,02,004047
125200,0,0,0,0,125200,0.0,02,004048
125433,0,0,0,0,125433,0.0,02,004049
125810,0,0,0,0,125810,0.0,02,004050
126061,0,0,0,0,126061,0.0,02,004051
126380,0,0,0,0,126380,0.0,02,004052
126498,0,0,0,0,126498,0.0,02,004053
126763,0,0,0,0,126763,0.0,02,004054
126791,0,0,0,0,126791,0.0,02,004055
127019,0,0,0,0,127019,0.0,02,004056
127087,0,0,0,0,127087,0.0,02,004057
127226,0,0,0,0,127226,0.0,02,004058
127360,0,0,0,0,127360,0.0,02,004059
127329,0,0,0,0,127329,0.0,02,004060
127354,0,0,0,0,127354,0.0,02,004061
127317,0,0,0,0,127317,0.0,02,004062
127257,0,0,0,0,127257,0.0,02,004063
127078,0,0,0,0,127078,0.0,02,004064
126947,0,0,0,0,126947,0.0,02,004065
126945,0,0,0,0,126945,0.0,02,004066
126972,0,0,0,0,126972,0.0,02,004067
127036,0,0,0,0,127036,0.0,02,004068
127121,0,0,0,0,127121,0.0,02,004069
127094,0,0,0,0,127094,0.0,02,004070
127071,0,0,0,0,127071,0.0,02,004071
127113,0,0,0,0,127113,0.0,02,004072
127086,0,0,0,0,127086,0.0,02,004073
127249,0,0,0,0,127249,0.0,02,004074
127282,0,0,0,0,127282,0.0,02,004075
127340,0,0,0,0,127340,0.0,02,004076
127405,0,0,0,0,127405,0.0,02,004077
127438,0,0,0,0,127438,0.0,02,004078
127434,0,0,0,0,127434,0.0,02,004079
127336,0,0,0,0,127336,0.0,02,004080
127231,0,0,0,0,127231,0.0,02,004081
127044,0,0,0,0,127044,0.0,02,004082
126832,0,0,0,0,126832,0.0,02,004083
126602,0,0,0,0,126602,0.0,02,004084
126435,0,0,0,0,126435,0.0,02,004085
126214,0,0,0,0,126214,0.0,02,004086
125996,0,0,0,0,125996,0.0,02,004087
125771,0,0,0,0,125771,0.0,02,004088
125435,0,0,0,0,125435,0.0,02,004089
124979,0,0,0,0,124979,0.0,02,004090
124704,0,0,0,0,124704,0.0,02,004091
125186,0,0,0,0,125186,0.0,02,004092
125003,0,0,0,0,125003,0.0,02,004093
124722,0,0,0,0,124722,0.0,02,004094
124856,0,0,0,0,124856,0.0,02,004095
125393,0,0,0,0,125393,0.0,02,004096
125666,0,0,0,0,125666,0.0,02,004097
126135,0,0,0,0,126135,0.0,02,004098
126518,0,0,0,0,126518,0.0,02,004099
126746,0,0,0,0,126746,0.0,02,004100
127220,0,0,0,0,127220,0.0,02,004101
127612,0,0,0,0,127612,0.0,02,004102
127732,0,0,0,0,127732,0.0,02,004103
127818,0,0,0,0,127818,0.0,02,004104
127869,0,0,0,0,127869,0.0,02,004105
127942,0,0,0,0,127942,0.0,02,004106
127958,0,0,0,0,127958,0.0,02,004107
127948,0,0,0,0,127948,0.0,02,004108
127886,0,0,0,0,127886,0.0,02,004109
127759,0,0,0,0,127759,0.0,02,004110
127662,0,0,0,0,127662,0.0,02,004111
127486,0,0,0,0,127486,0.0,02,004112
127218,0,0,0,0,127218,0.0,02,004113
127031,0,0,0,0,127031,0.0,02,004114
126593,0,0,0,0,126593,0.0,02,004115
126151,0,0,0,0,126151,0.0,02,004116
125681,0,0,0,0,125681,0.0,02,004117
124864,0,0,0,0,124864,0.0,02,004118
123901,0,0,0,0,123901,0.0,02,004119
122517,0,0,0,0,122517,0.0,02,004120
120318,0,0,0,0,120318,0.0,02,004121
118313,0,0,0,0,118313,0.0,02,004122
117219,0,0,0,0,117219,0.0,02,004123
116800,0,0,0,0,116800,0.0,02,004124
117913,0,0,0,0,117913,0.0,02,004125
119925,0,0,0,0,119925,0.0,02,004126
121917,0,0,0,0,121917,0.0,02,004127
123578,0,0,0,0,123578,0.0,02,004128
124757,0,0,0,0,124757,0.0,02,004129
125623,0,0,0,0,125623,0.0,02,004130
126054,0,0,0,0,126054,0.0,02,004131
126536,0,0,0,0,126536,0.0,02,004132
126788,0,0,0,0,126788,0.0,02,004133
126867,0,0,0,0,126867,0.0,02,004134
127033,0,0,0,0,127033,0.0,02,004135
126783,0,0,0,0,126783,0.0,02,004136
126627,0,0,0,0,126627,0.0,02,004137
126363,0,0,0,0,126363,0.0,02,004138
126211,0,0,0,0,126211,0.0,02,004139
126179,0,0,0,0,126179,0.0,02,004140
126250,0,0,0,0,126250,0.0,02,004141
126208,0,0,0,0,126208,0.0,02,004142
126220,0,0,0,0,126220,0.0,02,004143
126272,0,0,0,0,126272,0.0,02,004144
126367,0,0,0,0,126367,0.0,02,004145
126517,0,0,0,0,126517,0.0,02,004146
126865,0,0,0,0,126865,0.0,02,004147
127020,0,0,0,0,127020,0.0,02,004148
127136,0,0,0,0,127136,0.0,02,004149
127280,0,0,0,0,127280,0.0,02,004150
127351,0,0,0,0,127351,0.0,02,004151
127414,0,0,0,0,127414,0.0,02,004152
127518,0,0,0,0,127518,0.0,02,004153
127601,0,0,0,0,127601,0.0,02,004154
127602,0,0,0,0,127602,0.0,02,004155
127548,0,0,0,0,127548,0.0,02,004156
127694,0,0,0,0,127694,0.0,02,004157
127643,0,0,0,0,127643,0.0,02,004158
127760,0,0,0,0,127760,0.0,02,004159
127733,0,0,0,0,127733,0.0,02,004160
127751,0,0,0,0,127751,0.0,02,004161
127830,0,0,0,0,127830,0.0,02,004162
127784,0,0,0,0,127784,0.0,02,004163
127777,0,0,0,0,127777,0.0,02,004164
127889,0,0,0,0,127889,0.0,02,004165
127904,0,0,0,0,127904,0.0,02,004166
127934,0,0,0,0,127934,0.0,02,004167
128016,0,0,0,0,128016,0.0,02,004168
128086,0,0,0,0,128086,0.0,02,004169
128184,0,0,0,0,128184,0.0,02,004170
128191,0,0,0,0,128191,0.0,02,004171
128242,0,0,0,0,128242,0.0,02,004172
128301,0,0,0,0,128301,0.0,02,004173
128315,0,0,0,0,128315,0.0,02,004174
128307,0,0,0,0,128307,0.0,02,004175
128297,0,0,0,0,128297,0.0,02,004176
128313,0,0,0,0,128313,0.0,02,004177
128351,0,0,0,0,128351,0.0,02,004178
128386,0,0,0,0,128386,0.0,02,004179
128414,0,0,0,0,128414,0.0,02,004180
128301,0,0,0,0,128301,0.0,02,004181
128228,0,0,0,0,128228,0.0,02,004182
128230,0,0,0,0,128230,0.0,02,004183
128067,0,0,0,0,128067,0.0,02,004184
128098,0,0,0,0,128098,0.0,02,004185
128096,0,0,0,0,128096,0.0,02,004186
128053,0,0,0,0,128053,0.0,02,004187
127854,0,0,0,0,127854,0.0,02,004188
127653,0,0,0,0,127653,0.0,02,004189
127633,0,0,0,0,127633,0.0,02,004190
127570,0,0,0,0,127570,0.0,02,004191
127491,0,0,0,0,127491,0.0,02,004192
127331,0,0,0,0,127331,0.0,02,004193
127340,0,0,0,0,127340,0.0,02,004194
127279,0,0,0,0,127279,0.0,02,004195
127482,0,0,0,0,127482,0.0,02,004196
127567,0,0,0,0,127567,0.0,02,004197
127649,0,0,0,0,127649,0.0,02,004198
127775,0,0,0,0,127775,0.0,02,004199
127800,0,0,0,0,127800,0.0,02,004200
127825,0,0,0,0,127825,0.0,02,004201
127772,0,0,0,0,127772,0.0,02,004202
127763,0,0,0,0,127763,0.0,02,004203
127693,0,0,0,0,127693,0.0,02,004204
127645,0,0,0,0,127645,0.0,02,004205
127611,0,0,0,0,127611,0.0,02,004206
127638,0,0,0,0,127638,0.0,02,004207
127644,0,0,0,0,127644,0.0,02,004208
127582,0,0,0,0,127582,0.0,02,004209
127482,0,0,0,0,127482,0.0,02,004210
127653,0,0,0,0,127653,0.0,02,004211
127664,0,0,0,0,127664,0.0,02,004212
127835,0,0,0,0,127835,0.0,02,004213
127809,0,0,0,0,127809,0.0,02,004214
127939,0,0,0,0,127939,0.0,02,004215
127982,0,0,0,0,127982,0.0,02,004216
127965,0,0,0,0,127965,0.0,02,004217
127742,0,0,0,0,127742,0.0,02,004218
127487,0,0,0,0,127487,0.0,02,004219
126872,0,0,0,0,126872,0.0,02,004220
126085,0,0,0,0,126085,0.0,02,004221
125759,0,0,0,0,125759,0.0,02,004222
125893,0,0,0,0,125893,0.0,02,004223
126223,0,0,0,0,126223,0.0,02,004224
126081,0,0,0,0,126081,0.0,02,004225
126116,0,0,0,0,126116,0.0,02,004226
126193,0,0,0,0,126193,0.0,02,004227
126509,0,0,0,0,126509,0.0,02,004228
126943,0,0,0,0,126943,0.0,02,004229
127195,0,0,0,0,127195,0.0,02,004230
127491,0,0,0,0,127491,0.0,02,004231
127830,0,0,0,0,127830,0.0,02,004232
127803,0,0,0,0,127803,0.0,02,004233
128027,0,0,0,0,128027,0.0,02,004234
128129,0,0,0,0,128129,0.0,02,004235
128328,0,0,0,0,128328,0.0,02,004236
128189,0,0,0,0,128189,0.0,02,004237
128166,0,0,0,0,128166,0.0,02,004238
128158,0,0,0,0,128158,0.0,02,004239
128156,0,0,0,0,128156,0.0,02,004240
128026,0,0,0,0,128026,0.0,02,004241
128083,0,0,0,0,128083,0.0,02,004242
128210,0,0,0,0,128210,0.0,02,004243
128186,0,0,0,0,128186,0.0,02,004244
128266,0,0,0,0,128266,0.0,02,004245
128214,0,0,0,0,128214,0.0,02,004246
128270,0,0,0,0,128270,0.0,02,004247
128145,0,0,0,0,128145,0.0,02,004248
128078,0,0,0,0,128078,0.0,02,004249
127993,0,0,0,0,127993,0.0,02,004250
127898,0,0,0,0,127898,0.0,02,004251
127856,0,0,0,0,127856,0.0,02,004252
127764,0,0,0,0,127764,0.0,02,004253
127746,0,0,0,0,127746,0.0,02,004254
127774,0,0,0,0,127774,0.0,02,004255
127735,0,0,0,0,127735,0.0,02,004256
127700,0,0,0,0,127700,0.0,02,004257
127758,0,0,0,0,127758,0.0,02,004258
127820,0,0,0,0,127820,0.0,02,004259
127767,0,0,0,0,127767,0.0,02,004260
127778,0,0,0,0,127778,0.0,02,004261
127698,0,0,0,0,127698,0.0,02,004262
127522,0,0,0,0,127522,0.0,02,004263
127388,0,0,0,0,127388,0.0,02,004264
127449,0,0,0,0,127449,0.0,02,004265
127572,0,0,0,0,127572,0.0,02,004266
127484,0,0,0,0,127484,0.0,02,004267
127570,0,0,0,0,127570,0.0,02,004268
127438,0,0,0,0,127438,0.0,02,004269
127515,0,0,0,0,127515,0.0,02,004270
127462,0,0,0,0,127462,0.0,02,004271
127433,0,0,0,0,127433,0.0,02,004272
127376,0,0,0,0,127376,0.0,02,004273
127456,0,0,0,0,127456,0.0,02,004274
127386,0,0,0,0,127386,0.0,02,004275
127342,0,0,0,0,127342,0.0,02,004276
127224,0,0,0,0,127224,0.0,02,004277
127134,0,0,0,0,127134,0.0,02,004278
127191,0,0,0,0,127191,0.0,02,004279
127186,0,0,0,0,127186,0.0,02,004280
127364,0,0,0,0,127364,0.0,02,004281
127625,0,0,0,0,127625,0.0,02,004282
127673,0,0,0,0,127673,0.0,02,004283
127704,0,0,0,0,127704,0.0,02,004284
127748,0,0,0,0,127748,0.0,02,004285
127793,0,0,0,0,127793,0.0,02,004286
127841,0,0,0,0,127841,0.0,02,004287
127739,0,0,0,0,127739,0.0,02,004288
127710,0,0,0,0,127710,0.0,02,004289
127645,0,0,0,0,127645,0.0,02,004290
127675,0,0,0,0,127675,0.0,02,004291
127616,0,0,0,0,127616,0.0,02,004292
127621,0,0,0,0,127621,0.0,02,004293
127375,0,0,0,0,127375,0.0,02,004294
127174,0,0,0,0,127174,0.0,02,004295
126777,0,0,0,0,126777,0.0,02,004296
126801,0,0,0,0,126801,0.0,02,004297
126631,0,0,0,0,126631,0.0,02,004298
126523,0,0,0,0,126523,0.0,02,004299
126482,0,0,0,0,126482,0.0,02,004300
126412,0,0,0,0,126412,0.0,02,004301
126282,0,0,0,0,126282,0.0,02,004302
126151,0,0,0,0,126151,0.0,02,004303
125719,0,0,0,0,125719,0.0,02,004304
125739,0,0,0,0,125739,0.0,02,004305
125995,0,0,0,0,125995,0.0,02,004306
125868,0,0,0,0,125868,0.0,02,004307
125983,0,0,0,0,125983,0.0,02,004308
126080,0,0,0,0,126080,0.0,02,004309
125985,0,0,0,0,125985,0.0,02,004310
126083,0,0,0,0,126083,0.0,02,004311
125876,0,0,0,0,125876,0.0,02,004312
126069,0,0,0,0,126069,0.0,02,004313
126009,0,0,0,0,126009,0.0,02,004314
126088,0,0,0,0,126088,0.0,02,004315
126021,0,0,0,0,126021,0.0,02,004316
125979,0,0,0,0,125979,0.0,02,004317
126082,0,0,0,0,126082,0.0,02,004318
126110,0,0,0,0,126110,0.0,02,004319
126154,0,0,0,0,126154,0.0,02,004320
126396,0,0,0,0,126396,0.0,02,004321
126418,0,0,0,0,126418,0.0,02,004322
127011,0,0,0,0,127011,0.0,02,004323
126894,0,0,0,0,126894,0.0,02,004324
127098,0,0,0,0,127098,0.0,02,004325
127207,0,0,0,0,127207,0.0,02,004326
127373,0,0,0,0,127373,0.0,02,004327
127454,0,0,0,0,127454,0.0,02,004328
127379,0,0,0,0,127379,0.0,02,004329
127417,0,0,0,0,127417,0.0,02,004330
127454,0,0,0,0,127454,0.0,02,004331
127480,0,0,0,0,127480,0.0,02,004332
127452,0,0,0,0,127452,0.0,02,004333
127621,0,0,0,0,127621,0.0,02,004334
127686,0,0,0,0,127686,0.0,02,004335
127845,0,0,0,0,127845,0.0,02,004336
127741,0,0,0,0,127741,0.0,02,004337
127769,0,0,0,0,127769,0.0,02,004338
127778,0,0,0,0,127778,0.0,02,004339
127935,0,0,0,0,127935,0.0,02,004340
127978,0,0,0,0,127978,0.0,02,004341
127917,0,0,0,0,127917,0.0,02,004342
127951,0,0,0,0,127951,0.0,02,004343
127933,0,0,0,0,127933,0.0,02,004344
127812,0,0,0,0,127812,0.0,02,004345
127938,0,0,0,0,127938,0.0,02,004346
128019,0,0,0,0,128019,0.0,02,004347
128018,0,0,0,0,128018,0.0,02,004348
128021,0,0,0,0,128021,0.0,02,004349
128023,0,0,0,0,128023,0.0,02,004350
128065,0,0,0,0,128065,0.0,02,004351
127886,0,0,0,0,127886,0.0,02,004352
127983,0,0,0,0,127983,0.0,02,004353
128104,0,0,0,0,128104,0.0,02,004354
128073,0,0,0,0,128073,0.0,02,004355
128159,0,0,0,0,128159,0.0,02,004356
128246,0,0,0,0,128246,0.0,02,004357
128271,0,0,0,0,128271,0.0,02,004358
128340,0,0,0,0,128340,0.0,02,004359
128261,0,0,0,0,128261,0.0,02,004360
128123,0,0,0,0,128123,0.0,02,004361
128068,0,0,0,0,128068,0.0,02,004362
128143,0,0,0,0,128143,0.0,02,004363
128150,0,0,0,0,128150,0.0,02,004364
128215,0,0,0,0,128215,0.0,02,004365
128217,0,0,0,0,128217,0.0,02,004366
128191,0,0,0,0,128191,0.0,02,004367
128117,0,0,0,0,128117,0.0,02,004368
128159,0,0,0,0,128159,0.0,02,004369
128051,0,0,0,0,128051,0.0,02,004370
128128,0,0,0,0,128128,0.0,02,004371
128143,0,0,0,0,128143,0.0,02,004372
128076,0,0,0,0,128076,0.0,02,004373
128046,0,0,0,0,128046,0.0,02,004374
128085,0,0,0,0,128085,0.0,02,004375
128016,0,0,0,0,128016,0.0,02,004376
127944,0,0,0,0,127944,0.0,02,004377
127819,0,0,0,0,127819,0.0,02,004378
127330,0,0,0,0,127330,0.0,02,004379
127420,0,0,0,0,127420,0.0,02,004380
127855,0,0,0,0,127855,0.0,02,004381
127968,0,0,0,0,127968,0.0,02,004382
127829,0,0,0,0,127829,0.0,02,004383
127739,0,0,0,0,127739,0.0,02,004384
127466,0,0,0,0,127466,0.0,02,004385
127618,0,0,0,0,127618,0.0,02,004386
127635,0,0,0,0,127635,0.0,02,004387
127670,0,0,0,0,127670,0.0,02,004388
127656,0,0,0,0,127656,0.0,02,004389
127479,0,0,0,0,127479,0.0,02,004390
127530,0,0,0,0,127530,0.0,02,004391
127364,0,0,0,0,127364,0.0,02,004392
127329,0,0,0,0,127329,0.0,02,004393
127238,0,0,0,0,127238,0.0,02,004394
127218,0,0,0,0,127218,0.0,02,004395
127323,0,0,0,0,127323,0.0,02,004396
127213,0,0,0,0,127213,0.0,02,004397
127270,0,0,0,0,127270,0.0,02,004398
127298,0,0,0,0,127298,0.0,02,004399
127582,0,0,0,0,127582,0.0,02,004400
127647,0,0,0,0,127647,0.0,02,004401
127638,0,0,0,0,127638,0.0,02,004402
127701,0,0,0,0,127701,0.0,02,004403
127605,0,0,0,0,127605,0.0,02,004404
127711,0,0,0,0,127711,0.0,02,004405
127550,0,0,0,0,127550,0.0,02,004406
127605,0,0,0,0,127605,0.0,02,004407
127558,0,0,0,0,127558,0.0,02,004408
127476,0,0,0,0,127476,0.0,02,004409
127662,0,0,0,0,127662,0.0,02,004410
127724,0,0,0,0,127724,0.0,02,004411
127634,0,0,0,0,127634,0.0,02,004412
127665,0,0,0,0,127665,0.0,02,004413
127728,0,0,0,0,127728,0.0,02,004414
127803,0,0,0,0,127803,0.0,02,004415
127884,0,0,0,0,127884,0.0,02,004416
127801,0,0,0,0,127801,0.0,02,004417
127811,0,0,0,0,127811,0.0,02,004418
127762,0,0,0,0,127762,0.0,02,004419
127655,0,0,0,0,127655,0.0,02,004420
127566,0,0,0,0,127566,0.0,02,004421
127632,0,0,0,0,127632,0.0,02,004422
127682,0,0,0,0,127682,0.0,02,004423
127556,0,0,0,0,127556,0.0,02,004424
127660,0,0,0,0,127660,0.0,02,004425
127609,0,0,0,0,127609,0.0,02,004426
127711,0,0,0,0,127711,0.0,02,004427
127683,0,0,0,0,127683,0.0,02,004428
127589,0,0,0,0,127589,0.0,02,004429
127650,0,0,0,0,127650,0.0,02,004430
127616,0,0,0,0,127616,0.0,02,004431
127627,0,0,0,0,127627,0.0,02,004432
127564,0,0,0,0,127564,0.0,02,004433
127778,0,0,0,0,127778,0.0,02,004434
127696,0,0,0,0,127696,0.0,02,004435
127745,0,0,0,0,127745,0.0,02,004436
127695,0,0,0,0,127695,0.0,02,004437
127772,0,0,0,0,127772,0.0,02,004438
127770,0,0,0,0,127770,0.0,02,004439
127867,0,0,0,0,127867,0.0,02,004440
127968,0,0,0,0,127968,0.0,02,004441
127929,0,0,0,0,127929,0.0,02,004442
128000,0,0,0,0,128000,0.0,02,004443
127985,0,0,0,0,127985,0.0,02,004444
127960,0,0,0,0,127960,0.0,02,004445
128027,0,0,0,0,128027,0.0,02,004446
127983,0,0,0,0,127983,0.0,02,004447
127880,0,0,0,0,127880,0.0,02,004448
127934,0,0,0,0,127934,0.0,02,004449
127987,0,0,0,0,127987,0.0,02,004450
128038,0,0,0,0,128038,0.0,02,004451
128008,0,0,0,0,128008,0.0,02,004452
128072,0,0,0,0,128072,0.0,02,004453
128076,0,0,0,0,128076,0.0,02,004454
128067,0,0,0,0,128067,0.0,02,004455
128134,0,0,0,0,128134,0.0,02,004456
128136,0,0,0,0,128136,0.0,02,004457
128141,0,0,0,0,128141,0.0,02,004458
128228,0,0,0,0,128228,0.0,02,004459
128128,0,0,0,0,128128,0.0,02,004460
128131,0,0,0,0,128131,0.0,02,004461
128119,0,0,0,0,128119,0.0,02,004462
128200,0,0,0,0,128200,0.0,02,004463
128265,0,0,0,0,128265,0.0,02,004464
128185,0,0,0,0,128185,0.0,02,004465
128280,0,0,0,0,128280,0.0,02,004466
128289,0,0,0,0,128289,0.0,02,004467
128250,0,0,0,0,128250,0.0,02,004468
128230,0,0,0,0,128230,0.0,02,004469
128320,0,0,0,0,128320,0.0,02,004470
128361,0,0,0,0,128361,0.0,02,004471
128302,0,0,0,0,128302,0.0,02,004472
128317,0,0,0,0,128317,0.0,02,004473
128336,0,0,0,0,128336,0.0,02,004474
128359,0,0,0,0,128359,0.0,02,004475
128312,0,0,0,0,128312,0.0,02,004476
128286,0,0,0,0,128286,0.0,02,004477
128317,0,0,0,0,128317,0.0,02,004478
128375,0,0,0,0,128375,0.0,02,004479
128298,0,0,0,0,128298,0.0,02,004480
128311,0,0,0,0,128311,0.0,02,004481
128315,0,0,0,0,128315,0.0,02,004482
128325,0,0,0,0,128325,0.0,02,004483
128313,0,0,0,0,128313,0.0,02,004484
128292,0,0,0,0,128292,0.0,02,004485
128309,0,0,0,0,128309,0.0,02,004486
128280,0,0,0,0,128280,0.0,02,004487
128257,0,0,0,0,128257,0.0,02,004488
128235,0,0,0,0,128235,0.0,02,004489
128301,0,0,0,0,128301,0.0,02,004490
128291,0,0,0,0,128291,0.0,02,004491
128307,0,0,0,0,128307,0.0,02,004492
128306,0,0,0,0,128306,0.0,02,004493
128290,0,0,0,0,128290,0.0,02,004494
128239,0,0,0,0,128239,0.0,02,004495
128274,0,0,0,0,128274,0.0,02,004496
128203,0,0,0,0,128203,0.0,02,004497
128187,0,0,0,0,128187,0.0,02,004498
128217,0,0,0,0,128217,0.0,02,004499
128202,0,0,0,0,128202,0.0,02,004500
128260,0,0,0,0,128260,0.0,02,004501
128206,0,0,0,0,128206,0.0,02,004502
128244,0,0,0,0,128244,0.0,02,004503
128275,0,0,0,0,128275,0.0,02,004504
128317,0,0,0,0,128317,0.0,02,004505
128197,0,0,0,0,128197,0.0,02,004506
128232,0,0,0,0,128232,0.0,02,004507
128131,0,0,0,0,128131,0.0,02,004508
128146,0,0,0,0,128146,0.0,02,004509
128153,0,0,0,0,128153,0.0,02,004510
128131,0,0,0,0,128131,0.0,02,004511
128117,0,0,0,0,128117,0.0,02,004512
128167,0,0,0,0,128167,0.0,02,004513
128160,0,0,0,0,128160,0.0,02,004514
128241,0,0,0,0,128241,0.0,02,004515
128174,0,0,0,0,128174,0.0,02,004516
128235,0,0,0,0,128235,0.0,02,004517
128204,0,0,0,0,128204,0.0,02,004518
128199,0,0,0,0,128199,0.0,02,004519
128152,0,0,0,0,128152,0.0,02,004520
128182,0,0,0,0,128182,0.0,02,004521
128133,0,0,0,0,128133,0.0,02,004522
128270,0,0,0,0,128270,0.0,02,004523
128249,0,0,0,0,128249,0.0,02,004524
128333,0,0,0,0,128333,0.0,02,004525
128308,0,0,0,0,128308,0.0,02,004526
128245,0,0,0,0,128245,0.0,02,004527
128201,0,0,0,0,128201,0.0,02,004528
128186,0,0,0,0,128186,0.0,02,004529
128148,0,0,0,0,128148,0.0,02,004530
128189,0,0,0,0,128189,0.0,02,004531
128168,0,0,0,0,128168,0.0,02,004532
128187,0,0,0,0,128187,0.0,02,004533
128208,0,0,0,0,128208,0.0,02,004534
128154,0,0,0,0,128154,0.0,02,004535
128204,0,0,0,0,128204,0.0,02,004536
128189,0,0,0,0,128189,0.0,02,004537
128189,0,0,0,0,128189,0.0,02,004538
128102,0,0,0,0,128102,0.0,02,004539
128070,0,0,0,0,128070,0.0,02,004540
128052,0,0,0,0,128052,0.0,02,004541
128157,0,0,0,0,128157,0.0,02,004542
128137,0,0,0,0,128137,0.0,02,004543
128155,0,0,0,0,128155,0.0,02,004544
128209,0,0,0,0,128209,0.0,02,004545
128205,0,0,0,0,128205,0.0,02,004546
128067,0,0,0,0,128067,0.0,02,004547
128180,0,0,0,0,128180,0.0,02,004548
128159,0,0,0,0,128159,0.0,02,004549
128169,0,0,0,0,128169,0.0,02,004550
128043,0,0,0,0,128043,0.0,02,004551
128031,0,0,0,0,128031,0.0,02,004552
128078,0,0,0,0,128078,0.0,02,004553
128113,0,0,0,0,128113,0.0,02,004554
128052,0,0,0,0,128052,0.0,02,004555
128066,0,0,0,0,128066,0.0,02,004556
128049,0,0,0,0,128049,0.0,02,004557
128046,0,0,0,0,128046,0.0,02,004558
127934,0,0,0,0,127934,0.0,02,004559
127879,0,0,0,0,127879,0.0,02,004560
127949,0,0,0,0,127949,0.0,02,004561
127922,0,0,0,0,127922,0.0,02,004562
127855,0,0,0,0,127855,0.0,02,004563
127728,0,0,0,0,127728,0.0,02,004564
127695,0,0,0,0,127695,0.0,02,004565
127693,0,0,0,0,127693,0.0,02,004566
127695,0,0,0,0,127695,0.0,02,004567
127549,0,0,0,0,127549,0.0,02,004568
127450,0,0,0,0,127450,0.0,02,004569
127142,0,0,0,0,127142,0.0,02,004570
127111,0,0,0,0,127111,0.0,02,004571
126977,0,0,0,0,126977,0.0,02,004572
127083,0,0,0,0,127083,0.0,02,004573
127072,0,0,0,0,127072,0.0,02,004574
127116,0,0,0,0,127116,0.0,02,004575
127059,0,0,0,0,127059,0.0,02,004576
127083,0,0,0,0,127083,0.0,02,004577
127103,0,0,0,0,127103,0.0,02,004578
127284,0,0,0,0,127284,0.0,02,004579
127526,0,0,0,0,127526,0.0,02,004580
127676,0,0,0,0,127676,0.0,02,004581
127705,0,0,0,0,127705,0.0,02,004582
127781,0,0,0,0,127781,0.0,02,004583
127831,0,0,0,0,127831,0.0,02,004584
128058,0,0,0,0,128058,0.0,02,004585
127981,0,0,0,0,127981,0.0,02,004586
127907,0,0,0,0,127907,0.0,02,004587
128004,0,0,0,0,128004,0.0,02,004588
127971,0,0,0,0,127971,0.0,02,004589
128002,0,0,0,0,128002,0.0,02,004590
127860,0,0,0,0,127860,0.0,02,004591
127581,0,0,0,0,127581,0.0,02,004592
127045,0,0,0,0,127045,0.0,02,004593
126232,0,0,0,0,126232,0.0,02,004594
124922,0,0,0,0,124922,0.0,02,004595
124572,0,0,0,0,124572,0.0,02,004596
124491,0,0,0,0,124491,0.0,02,004597
124320,0,0,0,0,124320,0.0,02,004598
124165,0,0,0,0,124165,0.0,02,004599
123951,0,0,0,0,123951,0.0,02,004600
124597,0,0,0,0,124597,0.0,02,004601
125292,0,0,0,0,125292,0.0,02,004602
126304,0,0,0,0,126304,0.0,02,004603
126806,0,0,0,0,126806,0.0,02,004604
127251,0,0,0,0,127251,0.0,02,004605
127318,0,0,0,0,127318,0.0,02,004606
127610,0,0,0,0,127610,0.0,02,004607
127624,0,0,0,0,127624,0.0,02,004608
127913,0,0,0,0,127913,0.0,02,004609
127955,0,0,0,0,127955,0.0,02,004610
127998,0,0,0,0,127998,0.0,02,004611
127946,0,0,0,0,127946,0.0,02,004612
127969,0,0,0,0,127969,0.0,02,004613
128049,0,0,0,0,128049,0.0,02,004614
127894,0,0,0,0,127894,0.0,02,004615
128051,0,0,0,0,128051,0.0,02,004616
128002,0,0,0,0,128002,0.0,02,004617
128005,0,0,0,0,128005,0.0,02,004618
127877,0,0,0,0,127877,0.0,02,004619
127887,0,0,0,0,127887,0.0,02,004620
127899,0,0,0,0,127899,0.0,02,004621
127913,0,0,0,0,127913,0.0,02,004622
127862,0,0,0,0,127862,0.0,02,004623
127858,0,0,0,0,127858,0.0,02,004624
127474,0,0,0,0,127474,0.0,02,004625
126926,0,0,0,0,126926,0.0,02,004626
126354,0,0,0,0,126354,0.0,02,004627
126026,0,0,0,0,126026,0.0,02,004628
126398,0,0,0,0,126398,0.0,02,004629
126743,0,0,0,0,126743,0.0,02,004630
127084,0,0,0,0,127084,0.0,02,004631
126685,0,0,0,0,126685,0.0,02,004632
125917,0,0,0,0,125917,0.0,02,004633
125765,0,0,0,0,125765,0.0,02,004634
125849,0,0,0,0,125849,0.0,02,004635
126613,0,0,0,0,126613,0.0,02,004636
127104,0,0,0,0,127104,0.0,02,004637
127292,0,0,0,0,127292,0.0,02,004638
127234,0,0,0,0,127234,0.0,02,004639
127365,0,0,0,0,127365,0.0,02,004640
127262,0,0,0,0,127262,0.0,02,004641
127177,0,0,0,0,127177,0.0,02,004642
127226,0,0,0,0,127226,0.0,02,004643
127180,0,0,0,0,127180,0.0,02,004644
127161,0,0,0,0,127161,0.0,02,004645
127100,0,0,0,0,127100,0.0,02,004646
127248,0,0,0,0,127248,0.0,02,004647
127384,0,0,0,0,127384,0.0,02,004648
127496,0,0,0,0,127496,0.0,02,004649
127605,0,0,0,0,127605,0.0,02,004650
127528,0,0,0,0,127528,0.0,02,004651
127690,0,0,0,0,127690,0.0,02,004652
127915,0,0,0,0,127915,0.0,02,004653
127900,0,0,0,0,127900,0.0,02,004654
128057,0,0,0,0,128057,0.0,02,004655
127956,0,0,0,0,127956,0.0,02,004656
127856,0,0,0,0,127856,0.0,02,004657
127456,0,0,0,0,127456,0.0,02,004658
127025,0,0,0,0,127025,0.0,02,004659
126308,0,0,0,0,126308,0.0,02,004660
124929,0,0,0,0,124929,0.0,03,000000
125149,0,0,0,0,125149,0.0,03,000001
124872,0,0,0,0,124872,0.0,03,000002
124785,0,0,0,0,124785,0.0,03,000003
124543,0,0,0,0,124543,0.0,03,000004
124264,0,0,0,0,124264,0.0,03,000005
123790,0,0,0,0,123790,0.0,03,000006
123381,0,0,0,0,123381,0.0,03,000007
122617,0,0,0,0,122617,0.0,03,000008
122299,0,0,0,0,122299,0.0,03,000009
121364,0,0,0,0,121364,0.0,03,000010
121597,0,0,0,0,121597,0.0,03,000011
121924,0,0,0,0,121924,0.0,03,000012
122751,0,0,0,0,122751,0.0,03,000013
123649,0,0,0,0,123649,0.0,03,000014
124592,0,0,0,0,124592,0.0,03,000015
124825,0,0,0,0,124825,0.0,03,000016
124731,0,0,0,0,124731,0.0,03,000017
124813,0,0,0,0,124813,0.0,03,000018
125036,0,0,0,0,125036,0.0,03,000019
125158,0,0,0,0,125158,0.0,03,000020
125119,0,0,0,0,125119,0.0,03,000021
125132,0,0,0,0,125132,0.0,03,000022
124839,0,0,0,0,124839,0.0,03,000023
124704,0,0,0,0,124704,0.0,03,000024
123949,0,0,0,0,123949,0.0,03,000025
124060,0,0,0,0,124060,0.0,03,000026
123809,0,0,0,0,123809,0.0,03,000027
123183,0,0,0,0,123183,0.0,03,000028
121977,0,0,0,0,121977,0.0,03,000029
120985,0,0,0,0,120985,0.0,03,000030
120461,0,0,0,0,120461,0.0,03,000031
119777,0,0,0,0,119777,0.0,03,000032
119658,0,0,0,0,119658,0.0,03,000033
119508,0,0,0,0,119508,0.0,03,000034
119955,0,0,0,0,119955,0.0,03,000035
119287,0,0,0,0,119287,0.0,03,000036
118628,0,0,0,0,118628,0.0,03,000037
119059,0,0,0,0,119059,0.0,03,000038
120161,0,0,0,0,120161,0.0,03,000039
120885,0,0,0,0,120885,0.0,03,000040
121287,0,0,0,0,121287,0.0,03,000041
121562,0,0,0,0,121562,0.0,03,000042
121799,0,0,0,0,121799,0.0,03,000043
122328,0,0,0,0,122328,0.0,03,000044
122250,0,0,0,0,122250,0.0,03,000045
122157,0,0,0,0,122157,0.0,03,000046
121856,0,0,0,0,121856,0.0,03,000047
122085,0,0,0,0,122085,0.0,03,000048
122341,0,0,0,0,122341,0.0,03,000049
122442,0,0,0,0,122442,0.0,03,000050
122477,0,0,0,0,122477,0.0,03,000051
122764,0,0,0,0,122764,0.0,03,000052
123004,0,0,0,0,123004,0.0,03,000053
123342,0,0,0,0,123342,0.0,03,000054
123653,0,0,0,0,123653,0.0,03,000055
123862,0,0,0,0,123862,0.0,03,000056
123916,0,0,0,0,123916,0.0,03,000057
123958,0,0,0,0,123958,0.0,03,000058
124062,0,0,0,0,124062,0.0,03,000059
124187,0,0,0,0,124187,0.0,03,000060
124199,0,0,0,0,124199,0.0,03,000061
124203,0,0,0,0,124203,0.0,03,000062
124169,0,0,0,0,124169,0.0,03,000063
124143,0,0,0,0,124143,0.0,03,000064
124225,0,0,0,0,124225,0.0,03,000065
124142,0,0,0,0,124142,0.0,03,000066
124079,0,0,0,0,124079,0.0,03,000067
123986,0,0,0,0,123986,0.0,03,000068
124041,0,0,0,0,124041,0.0,03,000069
124070,0,0,0,0,124070,0.0,03,000070
124038,0,0,0,0,124038,0.0,03,000071
124237,0,0,0,0,124237,0.0,03,000072
124252,0,0,0,0,124252,0.0,03,000073
124589,0,0,0,0,124589,0.0,03,000074
124833,0,0,0,0,124833,0.0,03,000075
124991,0,0,0,0,124991,0.0,03,000076
125147,0,0,0,0,125147,0.0,03,000077
125340,0,0,0,0,125340,0.0,03,000078
125454,0,0,0,0,125454,0.0,03,000079
125485,0,0,0,0,125485,0.0,03,000080
125608,0,0,0,0,125608,0.0,03,000081
125715,0,0,0,0,125715,0.0,03,000082
125778,0,0,0,0,125778,0.0,03,000083
125772,0,0,0,0,125772,0.0,03,000084
125683,0,0,0,0,125683,0.0,03,000085
125833,0,0,0,0,125833,0.0,03,000086
125868,0,0,0,0,125868,0.0,03,000087
125771,0,0,0,0,125771,0.0,03,000088
125870,0,0,0,0,125870,0.0,03,000089
125949,0,0,0,0,125949,0.0,03,000090
126003,0,0,0,0,126003,0.0,03,000091
126046,0,0,0,0,126046,0.0,03,000092
126057,0,0,0,0,126057,0.0,03,000093
126079,0,0,0,0,126079,0.0,03,000094
126191,0,0,0,0,126191,0.0,03,000095
126301,0,0,0,0,126301,0.0,03,000096
126186,0,0,0,0,126186,0.0,03,000097
126147,0,0,0,0,126147,0.0,03,000098
126126,0,0,0,0,126126,0.0,03,000099
125886,0,0,0,0,125886,0.0,03,000100
125833,0,0,0,0,125833,0.0,03,000101
125838,0,0,0,0,125838,0.0,03,000102
125782,0,0,0,0,125782,0.0,03,000103
125746,0,0,0,0,125746,0.0,03,000104
125667,0,0,0,0,125667,0.0,03,000105
125582,0,0,0,0,125582,0.0,03,000106
125546,0,0,0,0,125546,0.0,03,000107
125725,0,0,0,0,125725,0.0,03,000108
125794,0,0,0,0,125794,0.0,03,000109
125841,0,0,0,0,125841,0.0,03,000110
125933,0,0,0,0,125933,0.0,03,000111
125764,0,0,0,0,125764,0.0,03,000112
125943,0,0,0,0,125943,0.0,03,000113
125916,0,0,0,0,125916,0.0,03,000114
125992,0,0,0,0,125992,0.0,03,000115
125939,0,0,0,0,125939,0.0,03,000116
125897,0,0,0,0,125897,0.0,03,000117
125875,0,0,0,0,125875,0.0,03,000118
125974,0,0,0,0,125974,0.0,03,000119
125947,0,0,0,0,125947,0.0,03,000120
125935,0,0,0,0,125935,0.0,03,000121
126021,0,0,0,0,126021,0.0,03,000122
125979,0,0,0,0,125979,0.0,03,000123
126173,0,0,0,0,126173,0.0,03,000124
126073,0,0,0,0,126073,0.0,03,000125
126119,0,0,0,0,126119,0.0,03,000126
126138,0,0,0,0,126138,0.0,03,000127
126351,0,0,0,0,126351,0.0,03,000128
126348,0,0,0,0,126348,0.0,03,000129
126307,0,0,0,0,126307,0.0,03,000130
126367,0,0,0,0,126367,0.0,03,000131
126355,0,0,0,0,126355,0.0,03,000132
126446,0,0,0,0,126446,0.0,03,000133
126380,0,0,0,0,126380,0.0,03,000134
126505,0,0,0,0,126505,0.0,03,000135
126458,0,0,0,0,126458,0.0,03,000136
126538,0,0,0,0,126538,0.0,03,000137
126469,0,0,0,0,126469,0.0,03,000138
126490,0,0,0,0,126490,0.0,03,000139
126346,0,0,0,0,126346,0.0,03,000140
126443,0,0,0,0,126443,0.0,03,000141
126316,0,0,0,0,126316,0.0,03,000142
126343,0,0,0,0,126343,0.0,03,000143
126312,0,0,0,0,126312,0.0,03,000144
126312,0,0,0,0,126312,0.0,03,000145
126284,0,0,0,0,126284,0.0,03,000146
126241,0,0,0,0,126241,0.0,03,000147
126263,0,0,0,0,126263,0.0,03,000148
126150,0,0,0,0,126150,0.0,03,000149
126126,0,0,0,0,126126,0.0,03,000150
125989,0,0,0,0,125989,0.0,03,000151
125940,0,0,0,0,125940,0.0,03,000152
125918,0,0,0,0,125918,0.0,03,000153
125763,0,0,0,0,125763,0.0,03,000154
125620,0,0,0,0,125620,0.0,03,000155
125463,0,0,0,0,125463,0.0,03,000156
125205,0,0,0,0,125205,0.0,03,000157
125493,0,0,0,0,125493,0.0,03,000158
125633,0,0,0,0,125633,0.0,03,000159
125650,0,0,0,0,125650,0.0,03,000160
125648,0,0,0,0,125648,0.0,03,000161
125550,0,0,0,0,125550,0.0,03,000162
125544,0,0,0,0,125544,0.0,03,000163
125499,0,0,0,0,125499,0.0,03,000164
125511,0,0,0,0,125511,0.0,03,000165
125531,0,0,0,0,125531,0.0,03,000166
125582,0,0,0,0,125582,0.0,03,000167
125439,0,0,0,0,125439,0.0,03,000168
125527,0,0,0,0,125527,0.0,03,000169
125660,0,0,0,0,125660,0.0,03,000170
125710,0,0,0,0,125710,0.0,03,000171
125763,0,0,0,0,125763,0.0,03,000172
125896,0,0,0,0,125896,0.0,03,000173
125951,0,0,0,0,125951,0.0,03,000174
126023,0,0,0,0,126023,0.0,03,000175
126091,0,0,0,0,126091,0.0,03,000176
126116,0,0,0,0,126116,0.0,03,000177
126090,0,0,0,0,126090,0.0,03,000178
126139,0,0,0,0,126139,0.0,03,000179
126133,0,0,0,0,126133,0.0,03,000180
126217,0,0,0,0,126217,0.0,03,000181
126218,0,0,0,0,126218,0.0,03,000182
126256,0,0,0,0,126256,0.0,03,000183
126278,0,0,0,0,126278,0.0,03,000184
126158,0,0,0,0,126158,0.0,03,000185
126276,0,0,0,0,126276,0.0,03,000186
126258,0,0,0,0,126258,0.0,03,000187
126396,0,0,0,0,126396,0.0,03,000188
126664,0,0,0,0,126664,0.0,03,000189
126754,0,0,0,0,126754,0.0,03,000190
126722,0,0,0,0,126722,0.0,03,000191
126589,0,0,0,0,126589,0.0,03,000192
126435,0,0,0,0,126435,0.0,03,000193
125935,0,0,0,0,125935,0.0,03,000194
125471,0,0,0,0,125471,0.0,03,000195
124887,0,0,0,0,124887,0.0,03,000196
124553,0,0,0,0,124553,0.0,03,000197
124419,0,0,0,0,124419,0.0,03,000198
124505,0,0,0,0,124505,0.0,03,000199
124445,0,0,0,0,124445,0.0,03,000200
124541,0,0,0,0,124541,0.0,03,000201
124800,0,0,0,0,124800,0.0,03,000202
125168,0,0,0,0,125168,0.0,03,000203
125516,0,0,0,0,125516,0.0,03,000204
125365,0,0,0,0,125365,0.0,03,000205
126038,0,0,0,0,126038,0.0,03,000206
126200,0,0,0,0,126200,0.0,03,000207
126383,0,0,0,0,126383,0.0,03,000208
126474,0,0,0,0,126474,0.0,03,000209
126491,0,0,0,0,126491,0.0,03,000210
126557,0,0,0,0,126557,0.0,03,000211
126582,0,0,0,0,126582,0.0,03,000212
126574,0,0,0,0,126574,0.0,03,000213
126572,0,0,0,0,126572,0.0,03,000214
126514,0,0,0,0,126514,0.0,03,000215
126447,0,0,0,0,126447,0.0,03,000216
126379,0,0,0,0,126379,0.0,03,000217
126419,0,0,0,0,126419,0.0,03,000218
126330,0,0,0,0,126330,0.0,03,000219
126406,0,0,0,0,126406,0.0,03,000220
126499,0,0,0,0,126499,0.0,03,000221
126505,0,0,0,0,126505,0.0,03,000222
126349,0,0,0,0,126349,0.0,03,000223
126375,0,0,0,0,126375,0.0,03,000224
126393,0,0,0,0,126393,0.0,03,000225
126533,0,0,0,0,126533,0.0,03,000226
126695,0,0,0,0,126695,0.0,03,000227
126717,0,0,0,0,126717,0.0,03,000228
126806,0,0,0,0,126806,0.0,03,000229
126858,0,0,0,0,126858,0.0,03,000230
126992,0,0,0,0,126992,0.0,03,000231
126942,0,0,0,0,126942,0.0,03,000232
126988,0,0,0,0,126988,0.0,03,000233
126935,0,0,0,0,126935,0.0,03,000234
126837,0,0,0,0,126837,0.0,03,000235
126780,0,0,0,0,126780,0.0,03,000236
126794,0,0,0,0,126794,0.0,03,000237
126876,0,0,0,0,126876,0.0,03,000238
126884,0,0,0,0,126884,0.0,03,000239
126928,0,0,0,0,126928,0.0,03,000240
126898,0,0,0,0,126898,0.0,03,000241
126909,0,0,0,0,126909,0.0,03,000242
126923,0,0,0,0,126923,0.0,03,000243
126915,0,0,0,0,126915,0.0,03,000244
126853,0,0,0,0,126853,0.0,03,000245
126805,0,0,0,0,126805,0.0,03,000246
126800,0,0,0,0,126800,0.0,03,000247
126738,0,0,0,0,126738,0.0,03,000248
126783,0,0,0,0,126783,0.0,03,000249
126722,0,0,0,0,126722,0.0,03,000250
126807,0,0,0,0,126807,0.0,03,000251
126648,0,0,0,0,126648,0.0,03,000252
126586,0,0,0,0,126586,0.0,03,000253
126683,0,0,0,0,126683,0.0,03,000254
126687,0,0,0,0,126687,0.0,03,000255
126725,0,0,0,0,126725,0.0,03,000256
126702,0,0,0,0,126702,0.0,03,000257
126798,0,0,0,0,126798,0.0,03,000258
126730,0,0,0,0,126730,0.0,03,000259
126896,0,0,0,0,126896,0.0,03,000260
125060,0,0,0,0,125060,0.0,03,000261
126941,0,0,0,0,126941,0.0,03,000262
126946,0,0,0,0,126946,0.0,03,000263
126947,0,0,0,0,126947,0.0,03,000264
126870,0,0,0,0,126870,0.0,03,000265
126929,0,0,0,0,126929,0.0,03,000266
126924,0,0,0,0,126924,0.0,03,000267
126917,0,0,0,0,126917,0.0,03,000268
126832,0,0,0,0,126832,0.0,03,000269
126864,0,0,0,0,126864,0.0,03,000270
126785,0,0,0,0,126785,0.0,03,000271
126856,0,0,0,0,126856,0.0,03,000272
126818,0,0,0,0,126818,0.0,03,000273
126806,0,0,0,0,126806,0.0,03,000274
126892,0,0,0,0,126892,0.0,03,000275
126916,0,0,0,0,126916,0.0,03,000276
126873,0,0,0,0,126873,0.0,03,000277
126930,0,0,0,0,126930,0.0,03,000278
126854,0,0,0,0,126854,0.0,03,000279
126882,0,0,0,0,126882,0.0,03,000280
126995,0,0,0,0,126995,0.0,03,000281
126936,0,0,0,0,126936,0.0,03,000282
126959,0,0,0,0,126959,0.0,03,000283
126964,0,0,0,0,126964,0.0,03,000284
126918,0,0,0,0,126918,0.0,03,000285
126903,0,0,0,0,126903,0.0,03,000286
126806,0,0,0,0,126806,0.0,03,000287
126727,0,0,0,0,126727,0.0,03,000288
126611,0,0,0,0,126611,0.0,03,000289
126622,0,0,0,0,126622,0.0,03,000290
126771,0,0,0,0,126771,0.0,03,000291
126968,0,0,0,0,126968,0.0,03,000292
126997,0,0,0,0,126997,0.0,03,000293
127009,0,0,0,0,127009,0.0,03,000294
127004,0,0,0,0,127004,0.0,03,000295
127122,0,0,0,0,127122,0.0,03,000296
127164,0,0,0,0,127164,0.0,03,000297
127196,0,0,0,0,127196,0.0,03,000298
127125,0,0,0,0,127125,0.0,03,000299
127239,0,0,0,0,127239,0.0,03,000300
127177,0,0,0,0,127177,0.0,03,000301
127206,0,0,0,0,127206,0.0,03,000302
127213,0,0,0,0,127213,0.0,03,000303
127177,0,0,0,0,127177,0.0,03,000304
127169,0,0,0,0,127169,0.0,03,000305
127200,0,0,0,0,127200,0.0,03,000306
127155,0,0,0,0,127155,0.0,03,000307
127181,0,0,0,0,127181,0.0,03,000308
127062,0,0,0,0,127062,0.0,03,000309
127032,0,0,0,0,127032,0.0,03,000310
126917,0,0,0,0,126917,0.0,03,000311
126919,0,0,0,0,126919,0.0,03,000312
126850,0,0,0,0,126850,0.0,03,000313
126944,0,0,0,0,126944,0.0,03,000314
126861,0,0,0,0,126861,0.0,03,000315
126868,0,0,0,0,126868,0.0,03,000316
126839,0,0,0,0,126839,0.0,03,000317
126817,0,0,0,0,126817,0.0,03,000318
126586,0,0,0,0,126586,0.0,03,000319
126495,0,0,0,0,126495,0.0,03,000320
126381,0,0,0,0,126381,0.0,03,000321
126204,0,0,0,0,126204,0.0,03,000322
125973,0,0,0,0,125973,0.0,03,000323
125599,0,0,0,0,125599,0.0,03,000324
125115,0,0,0,0,125115,0.0,03,000325
124545,0,0,0,0,124545,0.0,03,000326
123867,0,0,0,0,123867,0.0,03,000327
122991,0,0,0,0,122991,0.0,03,000328
121146,0,0,0,0,121146,0.0,03,000329
119743,0,0,0,0,119743,0.0,03,000330
118901,0,0,0,0,118901,0.0,03,000331
119397,0,0,0,0,119397,0.0,03,000332
119902,0,0,0,0,119902,0.0,03,000333
120648,0,0,0,0,120648,0.0,03,000334
121566,0,0,0,0,121566,0.0,03,000335
122546,0,0,0,0,122546,0.0,03,000336
122868,0,0,0,0,122868,0.0,03,000337
123018,0,0,0,0,123018,0.0,03,000338
123414,0,0,0,0,123414,0.0,03,000339
124033,0,0,0,0,124033,0.0,03,000340
123847,0,0,0,0,123847,0.0,03,000341
124291,0,0,0,0,124291,0.0,03,000342
124810,0,0,0,0,124810,0.0,03,000343
125303,0,0,0,0,125303,0.0,03,000344
125727,0,0,0,0,125727,0.0,03,000345
125868,0,0,0,0,125868,0.0,03,000346
125853,0,0,0,0,125853,0.0,03,000347
125871,0,0,0,0,125871,0.0,03,000348
125859,0,0,0,0,125859,0.0,03,000349
125994,0,0,0,0,125994,0.0,03,000350
126051,0,0,0,0,126051,0.0,03,000351
126130,0,0,0,0,126130,0.0,03,000352
126303,0,0,0,0,126303,0.0,03,000353
126348,0,0,0,0,126348,0.0,03,000354
126240,0,0,0,0,126240,0.0,03,000355
126241,0,0,0,0,126241,0.0,03,000356
126045,0,0,0,0,126045,0.0,03,000357
125948,0,0,0,0,125948,0.0,03,000358
126009,0,0,0,0,126009,0.0,03,000359
126191,0,0,0,0,126191,0.0,03,000360
126392,0,0,0,0,126392,0.0,03,000361
126577,0,0,0,0,126577,0.0,03,000362
126462,0,0,0,0,126462,0.0,03,000363
126479,0,0,0,0,126479,0.0,03,000364
126472,0,0,0,0,126472,0.0,03,000365
126480,0,0,0,0,126480,0.0,03,000366
126479,0,0,0,0,126479,0.0,03,000367
126411,0,0,0,0,126411,0.0,03,000368
126423,0,0,0,0,126423,0.0,03,000369
126250,0,0,0,0,126250,0.0,03,000370
126241,0,0,0,0,126241,0.0,03,000371
126071,0,0,0,0,126071,0.0,03,000372
126073,0,0,0,0,126073,0.0,03,000373
125864,0,0,0,0,125864,0.0,03,000374
125799,0,0,0,0,125799,0.0,03,000375
125682,0,0,0,0,125682,0.0,03,000376
125583,0,0,0,0,125583,0.0,03,000377
125505,0,0,0,0,125505,0.0,03,000378
125286,0,0,0,0,125286,0.0,03,000379
125230,0,0,0,0,125230,0.0,03,000380
124967,0,0,0,0,124967,0.0,03,000381
124859,0,0,0,0,124859,0.0,03,000382
124755,0,0,0,0,124755,0.0,03,000383
124739,0,0,0,0,124739,0.0,03,000384
124508,0,0,0,0,124508,0.0,03,000385
124542,0,0,0,0,124542,0.0,03,000386
124529,0,0,0,0,124529,0.0,03,000387
124588,0,0,0,0,124588,0.0,03,000388
124796,0,0,0,0,124796,0.0,03,000389
124902,0,0,0,0,124902,0.0,03,000390
125098,0,0,0,0,125098,0.0,03,000391
125370,0,0,0,0,125370,0.0,03,000392
125307,0,0,0,0,125307,0.0,03,000393
124895,0,0,0,0,124895,0.0,03,000394
124272,0,0,0,0,124272,0.0,03,000395
123777,0,0,0,0,123777,0.0,03,000396
123410,0,0,0,0,123410,0.0,03,000397
123608,0,0,0,0,123608,0.0,03,000398
123548,0,0,0,0,123548,0.0,03,000399
123251,0,0,0,0,123251,0.0,03,000400
122874,0,0,0,0,122874,0.0,03,000401
122874,0,0,0,0,122874,0.0,03,000402
123199,0,0,0,0,123199,0.0,03,000403
123368,0,0,0,0,123368,0.0,03,000404
123335,0,0,0,0,123335,0.0,03,000405
123211,0,0,0,0,123211,0.0,03,000406
123135,0,0,0,0,123135,0.0,03,000407
122941,0,0,0,0,122941,0.0,03,000408
122913,0,0,0,0,122913,0.0,03,000409
122781,0,0,0,0,122781,0.0,03,000410
122805,0,0,0,0,122805,0.0,03,000411
123052,0,0,0,0,123052,0.0,03,000412
123142,0,0,0,0,123142,0.0,03,000413
123213,0,0,0,0,123213,0.0,03,000414
123136,0,0,0,0,123136,0.0,03,000415
123209,0,0,0,0,123209,0.0,03,000416
123257,0,0,0,0,123257,0.0,03,000417
123058,0,0,0,0,123058,0.0,03,000418
123072,0,0,0,0,123072,0.0,03,000419
123095,0,0,0,0,123095,0.0,03,000420
123022,0,0,0,0,123022,0.0,03,000421
122697,0,0,0,0,122697,0.0,03,000422
122322,0,0,0,0,122322,0.0,03,000423
122485,0,0,0,0,122485,0.0,03,000424
122649,0,0,0,0,122649,0.0,03,000425
123038,0,0,0,0,123038,0.0,03,000426
123321,0,0,0,0,123321,0.0,03,000427
123306,0,0,0,0,123306,0.0,03,000428
123119,0,0,0,0,123119,0.0,03,000429
122676,0,0,0,0,122676,0.0,03,000430
122275,0,0,0,0,122275,0.0,03,000431
121982,0,0,0,0,121982,0.0,03,000432
121909,0,0,0,0,121909,0.0,03,000433
122239,0,0,0,0,122239,0.0,03,000434
122690,0,0,0,0,122690,0.0,03,000435
122873,0,0,0,0,122873,0.0,03,000436
123105,0,0,0,0,123105,0.0,03,000437
123347,0,0,0,0,123347,0.0,03,000438
123575,0,0,0,0,123575,0.0,03,000439
123794,0,0,0,0,123794,0.0,03,000440
123968,0,0,0,0,123968,0.0,03,000441
124131,0,0,0,0,124131,0.0,03,000442
124311,0,0,0,0,124311,0.0,03,000443
124235,0,0,0,0,124235,0.0,03,000444
124276,0,0,0,0,124276,0.0,03,000445
124234,0,0,0,0,124234,0.0,03,000446
124164,0,0,0,0,124164,0.0,03,000447
123675,0,0,0,0,123675,0.0,03,000448
123235,0,0,0,0,123235,0.0,03,000449
123009,0,0,0,0,123009,0.0,03,000450
122491,0,0,0,0,122491,0.0,03,000451
121994,0,0,0,0,121994,0.0,03,000452
121558,0,0,0,0,121558,0.0,03,000453
120814,0,0,0,0,120814,0.0,03,000454
119110,0,0,0,0,119110,0.0,03,000455
117144,0,0,0,0,117144,0.0,03,000456
117182,0,0,0,0,117182,0.0,03,000457
116802,0,0,0,0,116802,0.0,03,000458
116566,0,0,0,0,116566,0.0,03,000459
117184,0,0,0,0,117184,0.0,03,000460
116679,0,0,0,0,116679,0.0,03,000461
117552,0,0,0,0,117552,0.0,03,000462
119188,0,0,0,0,119188,0.0,03,000463
120608,0,0,0,0,120608,0.0,03,000464
121976,0,0,0,0,121976,0.0,03,000465
122802,0,0,0,0,122802,0.0,03,000466
123054,0,0,0,0,123054,0.0,03,000467
123282,0,0,0,0,123282,0.0,03,000468
123286,0,0,0,0,123286,0.0,03,000469
123170,0,0,0,0,123170,0.0,03,000470
123321,0,0,0,0,123321,0.0,03,000471
123297,0,0,0,0,123297,0.0,03,000472
122899,0,0,0,0,122899,0.0,03,000473
122979,0,0,0,0,122979,0.0,03,000474
122969,0,0,0,0,122969,0.0,03,000475
122769,0,0,0,0,122769,0.0,03,000476
122765,0,0,0,0,122765,0.0,03,000477
122630,0,0,0,0,122630,0.0,03,000478
122546,0,0,0,0,122546,0.0,03,000479
122460,0,0,0,0,122460,0.0,03,000480
122547,0,0,0,0,122547,0.0,03,000481
122462,0,0,0,0,122462,0.0,03,000482
122298,0,0,0,0,122298,0.0,03,000483
122290,0,0,0,0,122290,0.0,03,000484
122396,0,0,0,0,122396,0.0,03,000485
122528,0,0,0,0,122528,0.0,03,000486
122626,0,0,0,0,122626,0.0,03,000487
122520,0,0,0,0,122520,0.0,03,000488
122618,0,0,0,0,122618,0.0,03,000489
122764,0,0,0,0,122764,0.0,03,000490
122759,0,0,0,0,122759,0.0,03,000491
122866,0,0,0,0,122866,0.0,03,000492
122974,0,0,0,0,122974,0.0,03,000493
123225,0,0,0,0,123225,0.0,03,000494
123293,0,0,0,0,123293,0.0,03,000495
123451,0,0,0,0,123451,0.0,03,000496
123527,0,0,0,0,123527,0.0,03,000497
123585,0,0,0,0,123585,0.0,03,000498
123637,0,0,0,0,123637,0.0,03,000499
124005,0,0,0,0,124005,0.0,03,000500
124043,0,0,0,0,124043,0.0,03,000501
124199,0,0,0,0,124199,0.0,03,000502
124224,0,0,0,0,124224,0.0,03,000503
124281,0,0,0,0,124281,0.0,03,000504
124392,0,0,0,0,124392,0.0,03,000505
124505,0,0,0,0,124505,0.0,03,000506
124592,0,0,0,0,124592,0.0,03,000507
124685,0,0,0,0,124685,0.0,03,000508
124704,0,0,0,0,124704,0.0,03,000509
124807,0,0,0,0,124807,0.0,03,000510
124696,0,0,0,0,124696,0.0,03,000511
124769,0,0,0,0,124769,0.0,03,000512
124583,0,0,0,0,124583,0.0,03,000513
124636,0,0,0,0,124636,0.0,03,000514
124404,0,0,0,0,124404,0.0,03,000515
124417,0,0,0,0,124417,0.0,03,000516
124316,0,0,0,0,124316,0.0,03,000517
124245,0,0,0,0,124245,0.0,03,000518
124090,0,0,0,0,124090,0.0,03,000519
124061,0,0,0,0,124061,0.0,03,000520
124260,0,0,0,0,124260,0.0,03,000521
124092,0,0,0,0,124092,0.0,03,000522
123753,0,0,0,0,123753,0.0,03,000523
123377,0,0,0,0,123377,0.0,03,000524
123363,0,0,0,0,123363,0.0,03,000525
123638,0,0,0,0,123638,0.0,03,000526
123594,0,0,0,0,123594,0.0,03,000527
123301,0,0,0,0,123301,0.0,03,000528
123295,0,0,0,0,123295,0.0,03,000529
123437,0,0,0,0,123437,0.0,03,000530
123727,0,0,0,0,123727,0.0,03,000531
123899,0,0,0,0,123899,0.0,03,000532
123920,0,0,0,0,123920,0.0,03,000533
124053,0,0,0,0,124053,0.0,03,000534
124350,0,0,0,0,124350,0.0,03,000535
124451,0,0,0,0,124451,0.0,03,000536
124494,0,0,0,0,124494,0.0,03,000537
124631,0,0,0,0,124631,0.0,03,000538
124871,0,0,0,0,124871,0.0,03,000539
124755,0,0,0,0,124755,0.0,03,000540
124495,0,0,0,0,124495,0.0,03,000541
124039,0,0,0,0,124039,0.0,03,000542
123996,0,0,0,0,123996,0.0,03,000543
123980,0,0,0,0,123980,0.0,03,000544
123982,0,0,0,0,123982,0.0,03,000545
123878,0,0,0,0,123878,0.0,03,000546
123881,0,0,0,0,123881,0.0,03,000547
123946,0,0,0,0,123946,0.0,03,000548
123899,0,0,0,0,123899,0.0,03,000549
123929,0,0,0,0,123929,0.0,03,000550
123836,0,0,0,0,123836,0.0,03,000551
123781,0,0,0,0,123781,0.0,03,000552
123707,0,0,0,0,123707,0.0,03,000553
123800,0,0,0,0,123800,0.0,03,000554
123665,0,0,0,0,123665,0.0,03,000555
123696,0,0,0,0,123696,0.0,03,000556
123774,0,0,0,0,123774,0.0,03,000557
123864,0,0,0,0,123864,0.0,03,000558
124093,0,0,0,0,124093,0.0,03,000559
124272,0,0,0,0,124272,0.0,03,000560
124593,0,0,0,0,124593,0.0,03,000561
124712,0,0,0,0,124712,0.0,03,000562
124913,0,0,0,0,124913,0.0,03,000563
125137,0,0,0,0,125137,0.0,03,000564
125180,0,0,0,0,125180,0.0,03,000565
125229,0,0,0,0,125229,0.0,03,000566
125265,0,0,0,0,125265,0.0,03,000567
125387,0,0,0,0,125387,0.0,03,000568
125401,0,0,0,0,125401,0.0,03,000569
125537,0,0,0,0,125537,0.0,03,000570
125567,0,0,0,0,125567,0.0,03,000571
125358,0,0,0,0,125358,0.0,03,000572
125460,0,0,0,0,125460,0.0,03,000573
125583,0,0,0,0,125583,0.0,03,000574
125700,0,0,0,0,125700,0.0,03,000575
125740,0,0,0,0,125740,0.0,03,000576
125790,0,0,0,0,125790,0.0,03,000577
125824,0,0,0,0,125824,0.0,03,000578
125772,0,0,0,0,125772,0.0,03,000579
125718,0,0,0,0,125718,0.0,03,000580
125772,0,0,0,0,125772,0.0,03,000581
125863,0,0,0,0,125863,0.0,03,000582
125920,0,0,0,0,125920,0.0,03,000583
125737,0,0,0,0,125737,0.0,03,000584
125735,0,0,0,0,125735,0.0,03,000585
125748,0,0,0,0,125748,0.0,03,000586
125672,0,0,0,0,125672,0.0,03,000587
125665,0,0,0,0,125665,0.0,03,000588
125529,0,0,0,0,125529,0.0,03,000589
125417,0,0,0,0,125417,0.0,03,000590
125331,0,0,0,0,125331,0.0,03,000591
125177,0,0,0,0,125177,0.0,03,000592
124942,0,0,0,0,124942,0.0,03,000593
124727,0,0,0,0,124727,0.0,03,000594
124706,0,0,0,0,124706,0.0,03,000595
124658,0,0,0,0,124658,0.0,03,000596
124626,0,0,0,0,124626,0.0,03,000597
124658,0,0,0,0,124658,0.0,03,000598
124602,0,0,0,0,124602,0.0,03,000599
124317,0,0,0,0,124317,0.0,03,000600
123992,0,0,0,0,123992,0.0,03,000601
123770,0,0,0,0,123770,0.0,03,000602
123414,0,0,0,0,123414,0.0,03,000603
123182,0,0,0,0,123182,0.0,03,000604
122894,0,0,0,0,122894,0.0,03,000605
122806,0,0,0,0,122806,0.0,03,000606
122748,0,0,0,0,122748,0.0,03,000607
122619,0,0,0,0,122619,0.0,03,000608
122482,0,0,0,0,122482,0.0,03,000609
122371,0,0,0,0,122371,0.0,03,000610
122355,0,0,0,0,122355,0.0,03,000611
122215,0,0,0,0,122215,0.0,03,000612
122133,0,0,0,0,122133,0.0,03,000613
122097,0,0,0,0,122097,0.0,03,000614
122146,0,0,0,0,122146,0.0,03,000615
122061,0,0,0,0,122061,0.0,03,000616
122030,0,0,0,0,122030,0.0,03,000617
121740,0,0,0,0,121740,0.0,03,000618
121651,0,0,0,0,121651,0.0,03,000619
121468,0,0,0,0,121468,0.0,03,000620
121455,0,0,0,0,121455,0.0,03,000621
121790,0,0,0,0,121790,0.0,03,000622
122017,0,0,0,0,122017,0.0,03,000623
122242,0,0,0,0,122242,0.0,03,000624
122102,0,0,0,0,122102,0.0,03,000625
122066,0,0,0,0,122066,0.0,03,000626
121940,0,0,0,0,121940,0.0,03,000627
121998,0,0,0,0,121998,0.0,03,000628
122352,0,0,0,0,122352,0.0,03,000629
122685,0,0,0,0,122685,0.0,03,000630
122518,0,0,0,0,122518,0.0,03,000631
122318,0,0,0,0,122318,0.0,03,000632
122275,0,0,0,0,122275,0.0,03,000633
122125,0,0,0,0,122125,0.0,03,000634
122010,0,0,0,0,122010,0.0,03,000635
121938,0,0,0,0,121938,0.0,03,000636
121504,0,0,0,0,121504,0.0,03,000637
121155,0,0,0,0,121155,0.0,03,000638
121225,0,0,0,0,121225,0.0,03,000639
121462,0,0,0,0,121462,0.0,03,000640
121428,0,0,0,0,121428,0.0,03,000641
121259,0,0,0,0,121259,0.0,03,000642
121120,0,0,0,0,121120,0.0,03,000643
120975,0,0,0,0,120975,0.0,03,000644
121050,0,0,0,0,121050,0.0,03,000645
121126,0,0,0,0,121126,0.0,03,000646
120913,0,0,0,0,120913,0.0,03,000647
120457,0,0,0,0,120457,0.0,03,000648
120153,0,0,0,0,120153,0.0,03,000649
120286,0,0,0,0,120286,0.0,03,000650
119777,0,0,0,0,119777,0.0,03,000651
119391,0,0,0,0,119391,0.0,03,000652
119598,0,0,0,0,119598,0.0,03,000653
119921,0,0,0,0,119921,0.0,03,000654
120089,0,0,0,0,120089,0.0,03,000655
120155,0,0,0,0,120155,0.0,03,000656
120166,0,0,0,0,120166,0.0,03,000657
120212,0,0,0,0,120212,0.0,03,000658
120179,0,0,0,0,120179,0.0,03,000659
120198,0,0,0,0,120198,0.0,03,000660
120263,0,0,0,0,120263,0.0,03,000661
120536,0,0,0,0,120536,0.0,03,000662
120668,0,0,0,0,120668,0.0,03,000663
120768,0,0,0,0,120768,0.0,03,000664
120833,0,0,0,0,120833,0.0,03,000665
120864,0,0,0,0,120864,0.0,03,000666
120895,0,0,0,0,120895,0.0,03,000667
120883,0,0,0,0,120883,0.0,03,000668
120904,0,0,0,0,120904,0.0,03,000669
121041,0,0,0,0,121041,0.0,03,000670
121162,0,0,0,0,121162,0.0,03,000671
121248,0,0,0,0,121248,0.0,03,000672
121247,0,0,0,0,121247,0.0,03,000673
121247,0,0,0,0,121247,0.0,03,000674
121048,0,0,0,0,121048,0.0,03,000675
120918,0,0,0,0,120918,0.0,03,000676
120967,0,0,0,0,120967,0.0,03,000677
120949,0,0,0,0,120949,0.0,03,000678
121011,0,0,0,0,121011,0.0,03,000679
120826,0,0,0,0,120826,0.0,03,000680
120816,0,0,0,0,120816,0.0,03,000681
120913,0,0,0,0,120913,0.0,03,000682
120848,0,0,0,0,120848,0.0,03,000683
120935,0,0,0,0,120935,0.0,03,000684
120960,0,0,0,0,120960,0.0,03,000685
120974,0,0,0,0,120974,0.0,03,000686
120895,0,0,0,0,120895,0.0,03,000687
120971,0,0,0,0,120971,0.0,03,000688
121075,0,0,0,0,121075,0.0,03,000689
121262,0,0,0,0,121262,0.0,03,000690
121311,0,0,0,0,121311,0.0,03,000691
121303,0,0,0,0,121303,0.0,03,000692
121511,0,0,0,0,121511,0.0,03,000693
121533,0,0,0,0,121533,0.0,03,000694
121415,0,0,0,0,121415,0.0,03,000695
121415,0,0,0,0,121415,0.0,03,000696
121268,0,0,0,0,121268,0.0,03,000697
121144,0,0,0,0,121144,0.0,03,000698
121012,0,0,0,0,121012,0.0,03,000699
120978,0,0,0,0,120978,0.0,03,000700
120945,0,0,0,0,120945,0.0,03,000701
121077,0,0,0,0,121077,0.0,03,000702
120923,0,0,0,0,120923,0.0,03,000703
121012,0,0,0,0,121012,0.0,03,000704
121049,0,0,0,0,121049,0.0,03,000705
121065,0,0,0,0,121065,0.0,03,000706
121207,0,0,0,0,121207,0.0,03,000707
121251,0,0,0,0,121251,0.0,03,000708
121229,0,0,0,0,121229,0.0,03,000709
121386,0,0,0,0,121386,0.0,03,000710
121465,0,0,0,0,121465,0.0,03,000711
121557,0,0,0,0,121557,0.0,03,000712
121505,0,0,0,0,121505,0.0,03,000713
121400,0,0,0,0,121400,0.0,03,000714
121364,0,0,0,0,121364,0.0,03,000715
121383,0,0,0,0,121383,0.0,03,000716
121481,0,0,0,0,121481,0.0,03,000717
121508,0,0,0,0,121508,0.0,03,000718
121460,0,0,0,0,121460,0.0,03,000719
121433,0,0,0,0,121433,0.0,03,000720
121386,0,0,0,0,121386,0.0,03,000721
121259,0,0,0,0,121259,0.0,03,000722
121047,0,0,0,0,121047,0.0,03,000723
120981,0,0,0,0,120981,0.0,03,000724
121006,0,0,0,0,121006,0.0,03,000725
120910,0,0,0,0,120910,0.0,03,000726
120918,0,0,0,0,120918,0.0,03,000727
120800,0,0,0,0,120800,0.0,03,000728
120780,0,0,0,0,120780,0.0,03,000729
120779,0,0,0,0,120779,0.0,03,000730
120703,0,0,0,0,120703,0.0,03,000731
120669,0,0,0,0,120669,0.0,03,000732
120673,0,0,0,0,120673,0.0,03,000733
120670,0,0,0,0,120670,0.0,03,000734
120673,0,0,0,0,120673,0.0,03,000735
120416,0,0,0,0,120416,0.0,03,000736
120697,0,0,0,0,120697,0.0,03,000737
120619,0,0,0,0,120619,0.0,03,000738
120665,0,0,0,0,120665,0.0,03,000739
120660,0,0,0,0,120660,0.0,03,000740
120880,0,0,0,0,120880,0.0,03,000741
120773,0,0,0,0,120773,0.0,03,000742
120826,0,0,0,0,120826,0.0,03,000743
120957,0,0,0,0,120957,0.0,03,000744
121033,0,0,0,0,121033,0.0,03,000745
121241,0,0,0,0,121241,0.0,03,000746
121292,0,0,0,0,121292,0.0,03,000747
121363,0,0,0,0,121363,0.0,03,000748
121602,0,0,0,0,121602,0.0,03,000749
122183,0,0,0,0,122183,0.0,03,000750
122841,0,0,0,0,122841,0.0,03,000751
123364,0,0,0,0,123364,0.0,03,000752
123432,0,0,0,0,123432,0.0,03,000753
123541,0,0,0,0,123541,0.0,03,000754
123441,0,0,0,0,123441,0.0,03,000755
123270,0,0,0,0,123270,0.0,03,000756
123092,0,0,0,0,123092,0.0,03,000757
122943,0,0,0,0,122943,0.0,03,000758
122822,0,0,0,0,122822,0.0,03,000759
122910,0,0,0,0,122910,0.0,03,000760
122808,0,0,0,0,122808,0.0,03,000761
122672,0,0,0,0,122672,0.0,03,000762
122390,0,0,0,0,122390,0.0,03,000763
122078,0,0,0,0,122078,0.0,03,000764
122044,0,0,0,0,122044,0.0,03,000765
122044,0,0,0,0,122044,0.0,03,000766
121757,0,0,0,0,121757,0.0,03,000767
121557,0,0,0,0,121557,0.0,03,000768
121513,0,0,0,0,121513,0.0,03,000769
121480,0,0,0,0,121480,0.0,03,000770
121415,0,0,0,0,121415,0.0,03,000771
121217,0,0,0,0,121217,0.0,03,000772
121137,0,0,0,0,121137,0.0,03,000773
121377,0,0,0,0,121377,0.0,03,000774
121631,0,0,0,0,121631,0.0,03,000775
122039,0,0,0,0,122039,0.0,03,000776
122011,0,0,0,0,122011,0.0,03,000777
121831,0,0,0,0,121831,0.0,03,000778
121409,0,0,0,0,121409,0.0,03,000779
121170,0,0,0,0,121170,0.0,03,000780
121201,0,0,0,0,121201,0.0,03,000781
121696,0,0,0,0,121696,0.0,03,000782
122080,0,0,0,0,122080,0.0,03,000783
122179,0,0,0,0,122179,0.0,03,000784
122130,0,0,0,0,122130,0.0,03,000785
122137,0,0,0,0,122137,0.0,03,000786
122116,0,0,0,0,122116,0.0,03,000787
122029,0,0,0,0,122029,0.0,03,000788
121975,0,0,0,0,121975,0.0,03,000789
121921,0,0,0,0,121921,0.0,03,000790
122217,0,0,0,0,122217,0.0,03,000791
122818,0,0,0,0,122818,0.0,03,000792
123432,0,0,0,0,123432,0.0,03,000793
123600,0,0,0,0,123600,0.0,03,000794
123235,0,0,0,0,123235,0.0,03,000795
122880,0,0,0,0,122880,0.0,03,000796
122540,0,0,0,0,122540,0.0,03,000797
122760,0,0,0,0,122760,0.0,03,000798
123094,0,0,0,0,123094,0.0,03,000799
123285,0,0,0,0,123285,0.0,03,000800
124231,0,0,0,0,124231,0.0,04,000000
124087,0,0,0,0,124087,0.0,04,000001
123861,0,0,0,0,123861,0.0,04,000002
123679,0,0,0,0,123679,0.0,04,000003
123431,0,0,0,0,123431,0.0,04,000004
123298,0,0,0,0,123298,0.0,04,000005
123229,0,0,0,0,123229,0.0,04,000006
122881,0,0,0,0,122881,0.0,04,000007
122870,0,0,0,0,122870,0.0,04,000008
122909,0,0,0,0,122909,0.0,04,000009
122975,0,0,0,0,122975,0.0,04,000010
123132,0,0,0,0,123132,0.0,04,000011
123005,0,0,0,0,123005,0.0,04,000012
122993,0,0,0,0,122993,0.0,04,000013
122925,0,0,0,0,122925,0.0,04,000014
122915,0,0,0,0,122915,0.0,04,000015
122944,0,0,0,0,122944,0.0,04,000016
122903,0,0,0,0,122903,0.0,04,000017
122812,0,0,0,0,122812,0.0,04,000018
122857,0,0,0,0,122857,0.0,04,000019
122796,0,0,0,0,122796,0.0,04,000020
122812,0,0,0,0,122812,0.0,04,000021
122967,0,0,0,0,122967,0.0,04,000022
122994,0,0,0,0,122994,0.0,04,000023
123190,0,0,0,0,123190,0.0,04,000024
123111,0,0,0,0,123111,0.0,04,000025
123190,0,0,0,0,123190,0.0,04,000026
123439,0,0,0,0,123439,0.0,04,000027
123276,0,0,0,0,123276,0.0,04,000028
123419,0,0,0,0,123419,0.0,04,000029
123647,0,0,0,0,123647,0.0,04,000030
123868,0,0,0,0,123868,0.0,04,000031
123846,0,0,0,0,123846,0.0,04,000032
124176,0,0,0,0,124176,0.0,04,000033
124153,0,0,0,0,124153,0.0,04,000034
124242,0,0,0,0,124242,0.0,04,000035
124382,0,0,0,0,124382,0.0,04,000036
124556,0,0,0,0,124556,0.0,04,000037
124774,0,0,0,0,124774,0.0,04,000038
124942,0,0,0,0,124942,0.0,04,000039
124853,0,0,0,0,124853,0.0,04,000040
125137,0,0,0,0,125137,0.0,04,000041
125226,0,0,0,0,125226,0.0,04,000042
125281,0,0,0,0,125281,0.0,04,000043
125306,0,0,0,0,125306,0.0,04,000044
125328,0,0,0,0,125328,0.0,04,000045
125326,0,0,0,0,125326,0.0,04,000046
125369,0,0,0,0,125369,0.0,04,000047
125490,0,0,0,0,125490,0.0,04,000048
125541,0,0,0,0,125541,0.0,04,000049
125512,0,0,0,0,125512,0.0,04,000050
125489,0,0,0,0,125489,0.0,04,000051
125789,0,0,0,0,125789,0.0,04,000052
125933,0,0,0,0,125933,0.0,04,000053
125922,0,0,0,0,125922,0.0,04,000054
125864,0,0,0,0,125864,0.0,04,000055
125822,0,0,0,0,125822,0.0,04,000056
125934,0,0,0,0,125934,0.0,04,000057
125858,0,0,0,0,125858,0.0,04,000058
125947,0,0,0,0,125947,0.0,04,000059
126000,0,0,0,0,126000,0.0,04,000060
125983,0,0,0,0,125983,0.0,04,000061
126144,0,0,0,0,126144,0.0,04,000062
126165,0,0,0,0,126165,0.0,04,000063
126102,0,0,0,0,126102,0.0,04,000064
126188,0,0,0,0,126188,0.0,04,000065
126200,0,0,0,0,126200,0.0,04,000066
126215,0,0,0,0,126215,0.0,04,000067
126207,0,0,0,0,126207,0.0,04,000068
126194,0,0,0,0,126194,0.0,04,000069
126236,0,0,0,0,126236,0.0,04,000070
126238,0,0,0,0,126238,0.0,04,000071
126285,0,0,0,0,126285,0.0,04,000072
126320,0,0,0,0,126320,0.0,04,000073
126258,0,0,0,0,126258,0.0,04,000074
126262,0,0,0,0,126262,0.0,04,000075
126125,0,0,0,0,126125,0.0,04,000076
126102,0,0,0,0,126102,0.0,04,000077
126128,0,0,0,0,126128,0.0,04,000078
126292,0,0,0,0,126292,0.0,04,000079
126255,0,0,0,0,126255,0.0,04,000080
126280,0,0,0,0,126280,0.0,04,000081
126269,0,0,0,0,126269,0.0,04,000082
126250,0,0,0,0,126250,0.0,04,000083
126399,0,0,0,0,126399,0.0,04,000084
126341,0,0,0,0,126341,0.0,04,000085
126359,0,0,0,0,126359,0.0,04,000086
126393,0,0,0,0,126393,0.0,04,000087
126562,0,0,0,0,126562,0.0,04,000088
126581,0,0,0,0,126581,0.0,04,000089
126656,0,0,0,0,126656,0.0,04,000090
126628,0,0,0,0,126628,0.0,04,000091
126840,0,0,0,0,126840,0.0,04,000092
126793,0,0,0,0,126793,0.0,04,000093
126886,0,0,0,0,126886,0.0,04,000094
126818,0,0,0,0,126818,0.0,04,000095
126818,0,0,0,0,126818,0.0,04,000096
126890,0,0,0,0,126890,0.0,04,000097
126975,0,0,0,0,126975,0.0,04,000098
126986,0,0,0,0,126986,0.0,04,000099
126967,0,0,0,0,126967,0.0,04,000100
126968,0,0,0,0,126968,0.0,04,000101
126910,0,0,0,0,126910,0.0,04,000102
126855,0,0,0,0,126855,0.0,04,000103
126722,0,0,0,0,126722,0.0,04,000104
126498,0,0,0,0,126498,0.0,04,000105
126702,0,0,0,0,126702,0.0,04,000106
126815,0,0,0,0,126815,0.0,04,000107
126936,0,0,0,0,126936,0.0,04,000108
127131,0,0,0,0,127131,0.0,04,000109
127173,0,0,0,0,127173,0.0,04,000110
127258,0,0,0,0,127258,0.0,04,000111
127208,0,0,0,0,127208,0.0,04,000112
127282,0,0,0,0,127282,0.0,04,000113
127321,0,0,0,0,127321,0.0,04,000114
127259,0,0,0,0,127259,0.0,04,000115
127190,0,0,0,0,127190,0.0,04,000116
127052,0,0,0,0,127052,0.0,04,000117
127059,0,0,0,0,127059,0.0,04,000118
127010,0,0,0,0,127010,0.0,04,000119
126800,0,0,0,0,126800,0.0,04,000120
126800,0,0,0,0,126800,0.0,04,000121
126926,0,0,0,0,126926,0.0,04,000122
126892,0,0,0,0,126892,0.0,04,000123
126887,0,0,0,0,126887,0.0,04,000124
126952,0,0,0,0,126952,0.0,04,000125
127004,0,0,0,0,127004,0.0,04,000126
127040,0,0,0,0,127040,0.0,04,000127
127005,0,0,0,0,127005,0.0,04,000128
126728,0,0,0,0,126728,0.0,04,000129
126239,0,0,0,0,126239,0.0,04,000130
125709,0,0,0,0,125709,0.0,04,000131
125127,0,0,0,0,125127,0.0,04,000132
125648,0,0,0,0,125648,0.0,04,000133
125490,0,0,0,0,125490,0.0,04,000134
125331,0,0,0,0,125331,0.0,04,000135
125833,0,0,0,0,125833,0.0,04,000136
126516,0,0,0,0,126516,0.0,04,000137
126704,0,0,0,0,126704,0.0,04,000138
126926,0,0,0,0,126926,0.0,04,000139
126857,0,0,0,0,126857,0.0,04,000140
126831,0,0,0,0,126831,0.0,04,000141
126907,0,0,0,0,126907,0.0,04,000142
126831,0,0,0,0,126831,0.0,04,000143
126832,0,0,0,0,126832,0.0,04,000144
126834,0,0,0,0,126834,0.0,04,000145
126981,0,0,0,0,126981,0.0,04,000146
127132,0,0,0,0,127132,0.0,04,000147
127057,0,0,0,0,127057,0.0,04,000148
126972,0,0,0,0,126972,0.0,04,000149
126941,0,0,0,0,126941,0.0,04,000150
126939,0,0,0,0,126939,0.0,04,000151
126971,0,0,0,0,126971,0.0,04,000152
126984,0,0,0,0,126984,0.0,04,000153
126907,0,0,0,0,126907,0.0,04,000154
127011,0,0,0,0,127011,0.0,04,000155
127134,0,0,0,0,127134,0.0,04,000156
127043,0,0,0,0,127043,0.0,04,000157
127049,0,0,0,0,127049,0.0,04,000158
127108,0,0,0,0,127108,0.0,04,000159
127001,0,0,0,0,127001,0.0,04,000160
127064,0,0,0,0,127064,0.0,04,000161
127058,0,0,0,0,127058,0.0,04,000162
127130,0,0,0,0,127130,0.0,04,000163
127133,0,0,0,0,127133,0.0,04,000164
127093,0,0,0,0,127093,0.0,04,000165
127006,0,0,0,0,127006,0.0,04,000166
126953,0,0,0,0,126953,0.0,04,000167
126849,0,0,0,0,126849,0.0,04,000168
126929,0,0,0,0,126929,0.0,04,000169
126804,0,0,0,0,126804,0.0,04,000170
126828,0,0,0,0,126828,0.0,04,000171
126841,0,0,0,0,126841,0.0,04,000172
126900,0,0,0,0,126900,0.0,04,000173
126934,0,0,0,0,126934,0.0,04,000174
126976,0,0,0,0,126976,0.0,04,000175
127028,0,0,0,0,127028,0.0,04,000176
127100,0,0,0,0,127100,0.0,04,000177
127027,0,0,0,0,127027,0.0,04,000178
127001,0,0,0,0,127001,0.0,04,000179
126992,0,0,0,0,126992,0.0,04,000180
126925,0,0,0,0,126925,0.0,04,000181
126910,0,0,0,0,126910,0.0,04,000182
126900,0,0,0,0,126900,0.0,04,000183
126774,0,0,0,0,126774,0.0,04,000184
126535,0,0,0,0,126535,0.0,04,000185
126523,0,0,0,0,126523,0.0,04,000186
126424,0,0,0,0,126424,0.0,04,000187
126501,0,0,0,0,126501,0.0,04,000188
126616,0,0,0,0,126616,0.0,04,000189
126648,0,0,0,0,126648,0.0,04,000190
126701,0,0,0,0,126701,0.0,04,000191
126582,0,0,0,0,126582,0.0,04,000192
126542,0,0,0,0,126542,0.0,04,000193
126451,0,0,0,0,126451,0.0,04,000194
126343,0,0,0,0,126343,0.0,04,000195
126307,0,0,0,0,126307,0.0,04,000196
126208,0,0,0,0,126208,0.0,04,000197
126115,0,0,0,0,126115,0.0,04,000198
126041,0,0,0,0,126041,0.0,04,000199
125953,0,0,0,0,125953,0.0,04,000200
125860,0,0,0,0,125860,0.0,04,000201
125764,0,0,0,0,125764,0.0,04,000202
125743,0,0,0,0,125743,0.0,04,000203
125543,0,0,0,0,125543,0.0,04,000204
125566,0,0,0,0,125566,0.0,04,000205
125442,0,0,0,0,125442,0.0,04,000206
125429,0,0,0,0,125429,0.0,04,000207
125438,0,0,0,0,125438,0.0,04,000208
125417,0,0,0,0,125417,0.0,04,000209
125126,0,0,0,0,125126,0.0,04,000210
125099,0,0,0,0,125099,0.0,04,000211
125007,0,0,0,0,125007,0.0,04,000212
125018,0,0,0,0,125018,0.0,04,000213
125132,0,0,0,0,125132,0.0,04,000214
125290,0,0,0,0,125290,0.0,04,000215
125415,0,0,0,0,125415,0.0,04,000216
125449,0,0,0,0,125449,0.0,04,000217
125503,0,0,0,0,125503,0.0,04,000218
125561,0,0,0,0,125561,0.0,04,000219
125540,0,0,0,0,125540,0.0,04,000220
125809,0,0,0,0,125809,0.0,04,000221
125898,0,0,0,0,125898,0.0,04,000222
125901,0,0,0,0,125901,0.0,04,000223
126010,0,0,0,0,126010,0.0,04,000224
126123,0,0,0,0,126123,0.0,04,000225
126177,0,0,0,0,126177,0.0,04,000226
126166,0,0,0,0,126166,0.0,04,000227
126081,0,0,0,0,126081,0.0,04,000228
125993,0,0,0,0,125993,0.0,04,000229
126096,0,0,0,0,126096,0.0,04,000230
125889,0,0,0,0,125889,0.0,04,000231
125894,0,0,0,0,125894,0.0,04,000232
125819,0,0,0,0,125819,0.0,04,000233
125541,0,0,0,0,125541,0.0,04,000234
125437,0,0,0,0,125437,0.0,04,000235
125328,0,0,0,0,125328,0.0,04,000236
125301,0,0,0,0,125301,0.0,04,000237
125135,0,0,0,0,125135,0.0,04,000238
125033,0,0,0,0,125033,0.0,04,000239
125271,0,0,0,0,125271,0.0,04,000240
125214,0,0,0,0,125214,0.0,04,000241
125244,0,0,0,0,125244,0.0,04,000242
125317,0,0,0,0,125317,0.0,04,000243
125277,0,0,0,0,125277,0.0,04,000244
125309,0,0,0,0,125309,0.0,04,000245
125262,0,0,0,0,125262,0.0,04,000246
125212,0,0,0,0,125212,0.0,04,000247
125225,0,0,0,0,125225,0.0,04,000248
125357,0,0,0,0,125357,0.0,04,000249
125227,0,0,0,0,125227,0.0,04,000250
125333,0,0,0,0,125333,0.0,04,000251
125216,0,0,0,0,125216,0.0,04,000252
125192,0,0,0,0,125192,0.0,04,000253
124981,0,0,0,0,124981,0.0,04,000254
124899,0,0,0,0,124899,0.0,04,000255
124846,0,0,0,0,124846,0.0,04,000256
124909,0,0,0,0,124909,0.0,04,000257
124795,0,0,0,0,124795,0.0,04,000258
124448,0,0,0,0,124448,0.0,04,000259
124603,0,0,0,0,124603,0.0,04,000260
124446,0,0,0,0,124446,0.0,04,000261
124377,0,0,0,0,124377,0.0,04,000262
124550,0,0,0,0,124550,0.0,04,000263
124708,0,0,0,0,124708,0.0,04,000264
124465,0,0,0,0,124465,0.0,04,000265
123549,0,0,0,0,123549,0.0,04,000266
122372,0,0,0,0,122372,0.0,04,000267
122232,0,0,0,0,122232,0.0,04,000268
121965,0,0,0,0,121965,0.0,04,000269
122676,0,0,0,0,122676,0.0,04,000270
126956,0,0,0,0,126956,0.0,05,000000
127058,0,0,0,0,127058,0.0,05,000001
127195,0,0,0,0,127195,0.0,05,000002
127198,0,0,0,0,127198,0.0,05,000003
127142,0,0,0,0,127142,0.0,05,000004
126999,0,0,0,0,126999,0.0,05,000005
126987,0,0,0,0,126987,0.0,05,000006
127070,0,0,0,0,127070,0.0,05,000007
126989,0,0,0,0,126989,0.0,05,000008
126880,0,0,0,0,126880,0.0,05,000009
126924,0,0,0,0,126924,0.0,05,000010
126802,0,0,0,0,126802,0.0,05,000011
126678,0,0,0,0,126678,0.0,05,000012
126557,0,0,0,0,126557,0.0,05,000013
126461,0,0,0,0,126461,0.0,05,000014
126353,0,0,0,0,126353,0.0,05,000015
126129,0,0,0,0,126129,0.0,05,000016
126298,0,0,0,0,126298,0.0,05,000017
126217,0,0,0,0,126217,0.0,05,000018
126224,0,0,0,0,126224,0.0,05,000019
126315,0,0,0,0,126315,0.0,05,000020
126212,0,0,0,0,126212,0.0,05,000021
126402,0,0,0,0,126402,0.0,05,000022
126494,0,0,0,0,126494,0.0,05,000023
126564,0,0,0,0,126564,0.0,05,000024
126663,0,0,0,0,126663,0.0,05,000025
126779,0,0,0,0,126779,0.0,05,000026
126816,0,0,0,0,126816,0.0,05,000027
126907,0,0,0,0,126907,0.0,05,000028
127025,0,0,0,0,127025,0.0,05,000029
127145,0,0,0,0,127145,0.0,05,000030
127160,0,0,0,0,127160,0.0,05,000031
127264,0,0,0,0,127264,0.0,05,000032
127335,0,0,0,0,127335,0.0,05,000033
127351,0,0,0,0,127351,0.0,05,000034
127361,0,0,0,0,127361,0.0,05,000035
127276,0,0,0,0,127276,0.0,05,000036
127214,0,0,0,0,127214,0.0,05,000037
127061,0,0,0,0,127061,0.0,05,000038
126842,0,0,0,0,126842,0.0,05,000039
126362,0,0,0,0,126362,0.0,05,000040
125998,0,0,0,0,125998,0.0,05,000041
125348,0,0,0,0,125348,0.0,05,000042
124559,0,0,0,0,124559,0.0,05,000043
124069,0,0,0,0,124069,0.0,05,000044
123174,0,0,0,0,123174,0.0,05,000045
122343,0,0,0,0,122343,0.0,05,000046
121987,0,0,0,0,121987,0.0,05,000047
121559,0,0,0,0,121559,0.0,05,000048
121895,0,0,0,0,121895,0.0,05,000049
122107,0,0,0,0,122107,0.0,05,000050
122225,0,0,0,0,122225,0.0,05,000051
121972,0,0,0,0,121972,0.0,05,000052
121807,0,0,0,0,121807,0.0,05,000053
121697,0,0,0,0,121697,0.0,05,000054
122084,0,0,0,0,122084,0.0,05,000055
122591,0,0,0,0,122591,0.0,05,000056
122953,0,0,0,0,122953,0.0,05,000057
122885,0,0,0,0,122885,0.0,05,000058
122618,0,0,0,0,122618,0.0,05,000059
122402,0,0,0,0,122402,0.0,05,000060
122374,0,0,0,0,122374,0.0,05,000061
123061,0,0,0,0,123061,0.0,05,000062
123402,0,0,0,0,123402,0.0,05,000063
123450,0,0,0,0,123450,0.0,05,000064
123204,0,0,0,0,123204,0.0,05,000065
122626,0,0,0,0,122626,0.0,05,000066
122188,0,0,0,0,122188,0.0,05,000067
121942,0,0,0,0,121942,0.0,05,000068
121617,0,0,0,0,121617,0.0,05,000069
121140,0,0,0,0,121140,0.0,05,000070
120966,0,0,0,0,120966,0.0,05,000071
121029,0,0,0,0,121029,0.0,05,000072
120751,0,0,0,0,120751,0.0,05,000073
120547,0,0,0,0,120547,0.0,05,000074
120083,0,0,0,0,120083,0.0,05,000075
120458,0,0,0,0,120458,0.0,05,000076
120642,0,0,0,0,120642,0.0,05,000077
120732,0,0,0,0,120732,0.0,05,000078
120846,0,0,0,0,120846,0.0,05,000079
121004,0,0,0,0,121004,0.0,05,000080
121107,0,0,0,0,121107,0.0,05,000081
121459,0,0,0,0,121459,0.0,05,000082
122040,0,0,0,0,122040,0.0,05,000083
122305,0,0,0,0,122305,0.0,05,000084
122832,0,0,0,0,122832,0.0,05,000085
123155,0,0,0,0,123155,0.0,05,000086
123400,0,0,0,0,123400,0.0,05,000087
123470,0,0,0,0,123470,0.0,05,000088
123889,0,0,0,0,123889,0.0,05,000089
124046,0,0,0,0,124046,0.0,05,000090
124173,0,0,0,0,124173,0.0,05,000091
124532,0,0,0,0,124532,0.0,05,000092
124895,0,0,0,0,124895,0.0,05,000093
125143,0,0,0,0,125143,0.0,05,000094
125525,0,0,0,0,125525,0.0,05,000095
125764,0,0,0,0,125764,0.0,05,000096
126023,0,0,0,0,126023,0.0,05,000097
126151,0,0,0,0,126151,0.0,05,000098
126273,0,0,0,0,126273,0.0,05,000099
126335,0,0,0,0,126335,0.0,05,000100
126492,0,0,0,0,126492,0.0,05,000101
126675,0,0,0,0,126675,0.0,05,000102
126687,0,0,0,0,126687,0.0,05,000103
126803,0,0,0,0,126803,0.0,05,000104
126773,0,0,0,0,126773,0.0,05,000105
126816,0,0,0,0,126816,0.0,05,000106
126968,0,0,0,0,126968,0.0,05,000107
126991,0,0,0,0,126991,0.0,05,000108
127058,0,0,0,0,127058,0.0,05,000109
127084,0,0,0,0,127084,0.0,05,000110
127054,0,0,0,0,127054,0.0,05,000111
127119,0,0,0,0,127119,0.0,05,000112
127160,0,0,0,0,127160,0.0,05,000113
127181,0,0,0,0,127181,0.0,05,000114
127158,0,0,0,0,127158,0.0,05,000115
127216,0,0,0,0,127216,0.0,05,000116
127226,0,0,0,0,127226,0.0,05,000117
127173,0,0,0,0,127173,0.0,05,000118
127266,0,0,0,0,127266,0.0,05,000119
127335,0,0,0,0,127335,0.0,05,000120
127478,0,0,0,0,127478,0.0,05,000121
127452,0,0,0,0,127452,0.0,05,000122
127434,0,0,0,0,127434,0.0,05,000123
127324,0,0,0,0,127324,0.0,05,000124
127341,0,0,0,0,127341,0.0,05,000125
127331,0,0,0,0,127331,0.0,05,000126
127207,0,0,0,0,127207,0.0,05,000127
127070,0,0,0,0,127070,0.0,05,000128
127000,0,0,0,0,127000,0.0,05,000129
126904,0,0,0,0,126904,0.0,05,000130
126778,0,0,0,0,126778,0.0,05,000131
126733,0,0,0,0,126733,0.0,05,000132
126713,0,0,0,0,126713,0.0,05,000133
126666,0,0,0,0,126666,0.0,05,000134
126529,0,0,0,0,126529,0.0,05,000135
126488,0,0,0,0,126488,0.0,05,000136
126346,0,0,0,0,126346,0.0,05,000137
126414,0,0,0,0,126414,0.0,05,000138
126252,0,0,0,0,126252,0.0,05,000139
126162,0,0,0,0,126162,0.0,05,000140
126194,0,0,0,0,126194,0.0,05,000141
126274,0,0,0,0,126274,0.0,05,000142
126509,0,0,0,0,126509,0.0,05,000143
126719,0,0,0,0,126719,0.0,05,000144
126709,0,0,0,0,126709,0.0,05,000145
126761,0,0,0,0,126761,0.0,05,000146
126754,0,0,0,0,126754,0.0,05,000147
126645,0,0,0,0,126645,0.0,05,000148
126535,0,0,0,0,126535,0.0,05,000149
126256,0,0,0,0,126256,0.0,05,000150
125766,0,0,0,0,125766,0.0,05,000151
125585,0,0,0,0,125585,0.0,05,000152
125485,0,0,0,0,125485,0.0,05,000153
125216,0,0,0,0,125216,0.0,05,000154
125056,0,0,0,0,125056,0.0,05,000155
124865,0,0,0,0,124865,0.0,05,000156
124575,0,0,0,0,124575,0.0,05,000157
124027,0,0,0,0,124027,0.0,05,000158
124185,0,0,0,0,124185,0.0,05,000159
124546,0,0,0,0,124546,0.0,05,000160
125217,0,0,0,0,125217,0.0,05,000161
125542,0,0,0,0,125542,0.0,05,000162
125757,0,0,0,0,125757,0.0,05,000163
125914,0,0,0,0,125914,0.0,05,000164
125933,0,0,0,0,125933,0.0,05,000165
125937,0,0,0,0,125937,0.0,05,000166
125969,0,0,0,0,125969,0.0,05,000167
125646,0,0,0,0,125646,0.0,05,000168
125474,0,0,0,0,125474,0.0,05,000169
125403,0,0,0,0,125403,0.0,05,000170
125136,0,0,0,0,125136,0.0,05,000171
124842,0,0,0,0,124842,0.0,05,000172
124766,0,0,0,0,124766,0.0,05,000173
124902,0,0,0,0,124902,0.0,05,000174
124827,0,0,0,0,124827,0.0,05,000175
124786,0,0,0,0,124786,0.0,05,000176
124453,0,0,0,0,124453,0.0,05,000177
124439,0,0,0,0,124439,0.0,05,000178
124527,0,0,0,0,124527,0.0,05,000179
124425,0,0,0,0,124425,0.0,05,000180
124362,0,0,0,0,124362,0.0,05,000181
124446,0,0,0,0,124446,0.0,05,000182
124563,0,0,0,0,124563,0.0,05,000183
124953,0,0,0,0,124953,0.0,05,000184
125278,0,0,0,0,125278,0.0,05,000185
125390,0,0,0,0,125390,0.0,05,000186
125576,0,0,0,0,125576,0.0,05,000187
125676,0,0,0,0,125676,0.0,05,000188
125655,0,0,0,0,125655,0.0,05,000189
125812,0,0,0,0,125812,0.0,05,000190
125737,0,0,0,0,125737,0.0,05,000191
125698,0,0,0,0,125698,0.0,05,000192
125767,0,0,0,0,125767,0.0,05,000193
125950,0,0,0,0,125950,0.0,05,000194
126250,0,0,0,0,126250,0.0,05,000195
126425,0,0,0,0,126425,0.0,05,000196
126512,0,0,0,0,126512,0.0,05,000197
126525,0,0,0,0,126525,0.0,05,000198
126607,0,0,0,0,126607,0.0,05,000199
126770,0,0,0,0,126770,0.0,05,000200
126794,0,0,0,0,126794,0.0,05,000201
126823,0,0,0,0,126823,0.0,05,000202
126763,0,0,0,0,126763,0.0,05,000203
126572,0,0,0,0,126572,0.0,05,000204
126369,0,0,0,0,126369,0.0,05,000205
126226,0,0,0,0,126226,0.0,05,000206
126244,0,0,0,0,126244,0.0,05,000207
126121,0,0,0,0,126121,0.0,05,000208
125920,0,0,0,0,125920,0.0,05,000209
125585,0,0,0,0,125585,0.0,05,000210
124754,0,0,0,0,124754,0.0,05,000211
124252,0,0,0,0,124252,0.0,05,000212
123448,0,0,0,0,123448,0.0,05,000213
123338,0,0,0,0,123338,0.0,05,000214
122943,0,0,0,0,122943,0.0,05,000215
124461,0,0,0,0,124461,0.0,05,000216
124589,0,0,0,0,124589,0.0,05,000217
124523,0,0,0,0,124523,0.0,05,000218
124704,0,0,0,0,124704,0.0,05,000219
125429,0,0,0,0,125429,0.0,05,000220
125789,0,0,0,0,125789,0.0,05,000221
126241,0,0,0,0,126241,0.0,05,000222
126545,0,0,0,0,126545,0.0,05,000223
126858,0,0,0,0,126858,0.0,05,000224
127018,0,0,0,0,127018,0.0,05,000225
127198,0,0,0,0,127198,0.0,05,000226
127350,0,0,0,0,127350,0.0,05,000227
127360,0,0,0,0,127360,0.0,05,000228
127284,0,0,0,0,127284,0.0,05,000229
127303,0,0,0,0,127303,0.0,05,000230
127336,0,0,0,0,127336,0.0,05,000231
127345,0,0,0,0,127345,0.0,05,000232
127210,0,0,0,0,127210,0.0,05,000233
127062,0,0,0,0,127062,0.0,05,000234
126919,0,0,0,0,126919,0.0,05,000235
126691,0,0,0,0,126691,0.0,05,000236
126499,0,0,0,0,126499,0.0,05,000237
126505,0,0,0,0,126505,0.0,05,000238
126435,0,0,0,0,126435,0.0,05,000239
126162,0,0,0,0,126162,0.0,05,000240
125308,0,0,0,0,125308,0.0,05,000241
123980,0,0,0,0,123980,0.0,05,000242
123468,0,0,0,0,123468,0.0,05,000243
122491,0,0,0,0,122491,0.0,05,000244
122254,0,0,0,0,122254,0.0,05,000245
122619,0,0,0,0,122619,0.0,05,000246
122159,0,0,0,0,122159,0.0,05,000247
121794,0,0,0,0,121794,0.0,05,000248
122951,0,0,0,0,122951,0.0,05,000249
123538,0,0,0,0,123538,0.0,05,000250
124157,0,0,0,0,124157,0.0,05,000251
124918,0,0,0,0,124918,0.0,05,000252
125623,0,0,0,0,125623,0.0,05,000253
126084,0,0,0,0,126084,0.0,05,000254
126263,0,0,0,0,126263,0.0,05,000255
126407,0,0,0,0,126407,0.0,05,000256
126580,0,0,0,0,126580,0.0,05,000257
126759,0,0,0,0,126759,0.0,05,000258
126716,0,0,0,0,126716,0.0,05,000259
126990,0,0,0,0,126990,0.0,05,000260
127225,0,0,0,0,127225,0.0,05,000261
127235,0,0,0,0,127235,0.0,05,000262
127210,0,0,0,0,127210,0.0,05,000263
127098,0,0,0,0,127098,0.0,05,000264
127028,0,0,0,0,127028,0.0,05,000265
127128,0,0,0,0,127128,0.0,05,000266
127051,0,0,0,0,127051,0.0,05,000267
126887,0,0,0,0,126887,0.0,05,000268
126937,0,0,0,0,126937,0.0,05,000269
127063,0,0,0,0,127063,0.0,05,000270
127150,0,0,0,0,127150,0.0,05,000271
127205,0,0,0,0,127205,0.0,05,000272
127265,0,0,0,0,127265,0.0,05,000273
127210,0,0,0,0,127210,0.0,05,000274
127110,0,0,0,0,127110,0.0,05,000275
127173,0,0,0,0,127173,0.0,05,000276
127049,0,0,0,0,127049,0.0,05,000277
127024,0,0,0,0,127024,0.0,05,000278
126967,0,0,0,0,126967,0.0,05,000279
126683,0,0,0,0,126683,0.0,05,000280
126660,0,0,0,0,126660,0.0,05,000281
126513,0,0,0,0,126513,0.0,05,000282
126385,0,0,0,0,126385,0.0,05,000283
126299,0,0,0,0,126299,0.0,05,000284
126399,0,0,0,0,126399,0.0,05,000285
125819,0,0,0,0,125819,0.0,05,000286
125288,0,0,0,0,125288,0.0,05,000287
124813,0,0,0,0,124813,0.0,05,000288
124263,0,0,0,0,124263,0.0,05,000289
125412,0,0,0,0,125412,0.0,05,000290
125598,0,0,0,0,125598,0.0,05,000291
124494,0,0,0,0,124494,0.0,05,000292
124646,0,0,0,0,124646,0.0,05,000293
125375,0,0,0,0,125375,0.0,05,000294
125793,0,0,0,0,125793,0.0,05,000295
125825,0,0,0,0,125825,0.0,05,000296
125925,0,0,0,0,125925,0.0,05,000297
125701,0,0,0,0,125701,0.0,05,000298
125651,0,0,0,0,125651,0.0,05,000299
125737,0,0,0,0,125737,0.0,05,000300
125892,0,0,0,0,125892,0.0,05,000301
125742,0,0,0,0,125742,0.0,05,000302
125447,0,0,0,0,125447,0.0,05,000303
125348,0,0,0,0,125348,0.0,05,000304
125213,0,0,0,0,125213,0.0,05,000305
124552,0,0,0,0,124552,0.0,05,000306
125163,0,0,0,0,125163,0.0,05,000307
125672,0,0,0,0,125672,0.0,05,000308
124821,0,0,0,0,124821,0.0,05,000309
124626,0,0,0,0,124626,0.0,05,000310
125178,0,0,0,0,125178,0.0,05,000311
125708,0,0,0,0,125708,0.0,05,000312
126239,0,0,0,0,126239,0.0,05,000313
126627,0,0,0,0,126627,0.0,05,000314
126867,0,0,0,0,126867,0.0,05,000315
127136,0,0,0,0,127136,0.0,05,000316
127210,0,0,0,0,127210,0.0,05,000317
127271,0,0,0,0,127271,0.0,05,000318
127359,0,0,0,0,127359,0.0,05,000319
127315,0,0,0,0,127315,0.0,05,000320
127300,0,0,0,0,127300,0.0,05,000321
127449,0,0,0,0,127449,0.0,05,000322
127363,0,0,0,0,127363,0.0,05,000323
127377,0,0,0,0,127377,0.0,05,000324
127152,0,0,0,0,127152,0.0,05,000325
127280,0,0,0,0,127280,0.0,05,000326
127251,0,0,0,0,127251,0.0,05,000327
127149,0,0,0,0,127149,0.0,05,000328
127015,0,0,0,0,127015,0.0,05,000329
127181,0,0,0,0,127181,0.0,05,000330
127010,0,0,0,0,127010,0.0,05,000331
127020,0,0,0,0,127020,0.0,05,000332
127089,0,0,0,0,127089,0.0,05,000333
126923,0,0,0,0,126923,0.0,05,000334
127042,0,0,0,0,127042,0.0,05,000335
127019,0,0,0,0,127019,0.0,05,000336
126979,0,0,0,0,126979,0.0,05,000337
126889,0,0,0,0,126889,0.0,05,000338
127098,0,0,0,0,127098,0.0,05,000339
127033,0,0,0,0,127033,0.0,05,000340
126980,0,0,0,0,126980,0.0,05,000341
126856,0,0,0,0,126856,0.0,05,000342
126644,0,0,0,0,126644,0.0,05,000343
126607,0,0,0,0,126607,0.0,05,000344
126598,0,0,0,0,126598,0.0,05,000345
126762,0,0,0,0,126762,0.0,05,000346
126899,0,0,0,0,126899,0.0,05,000347
127074,0,0,0,0,127074,0.0,05,000348
126716,0,0,0,0,126716,0.0,05,000349
126663,0,0,0,0,126663,0.0,05,000350
127006,0,0,0,0,127006,0.0,05,000351
127288,0,0,0,0,127288,0.0,05,000352
127685,0,0,0,0,127685,0.0,05,000353
127830,0,0,0,0,127830,0.0,05,000354
128035,0,0,0,0,128035,0.0,05,000355
128267,0,0,0,0,128267,0.0,05,000356
128219,0,0,0,0,128219,0.0,05,000357
128116,0,0,0,0,128116,0.0,05,000358
128069,0,0,0,0,128069,0.0,05,000359
127979,0,0,0,0,127979,0.0,05,000360
128125,0,0,0,0,128125,0.0,05,000361
128239,0,0,0,0,128239,0.0,05,000362
128236,0,0,0,0,128236,0.0,05,000363
128121,0,0,0,0,128121,0.0,05,000364
128210,0,0,0,0,128210,0.0,05,000365
127499,0,0,0,0,127499,0.0,05,000366
122157,0,0,0,0,122157,0.0,05,000367
116622,0,0,0,0,116622,0.0,05,000368
110893,0,0,0,0,110893,0.0,05,000369
110974,0,0,0,0,110974,0.0,05,000370
110951,0,0,0,0,110951,0.0,05,000371
111465,0,0,0,0,111465,0.0,05,000372
111300,0,0,0,0,111300,0.0,05,000373
111236,0,0,0,0,111236,0.0,05,000374
111312,0,0,0,0,111312,0.0,05,000375
114262,0,0,0,0,114262,0.0,05,000376
119330,0,0,0,0,119330,0.0,05,000377
124539,0,0,0,0,124539,0.0,05,000378
123725,0,0,0,0,123725,0.0,05,000379
123066,0,0,0,0,123066,0.0,05,000380
123978,0,0,0,0,123978,0.0,05,000381
124328,0,0,0,0,124328,0.0,05,000382
124510,0,0,0,0,124510,0.0,05,000383
124636,0,0,0,0,124636,0.0,05,000384
124649,0,0,0,0,124649,0.0,05,000385
124808,0,0,0,0,124808,0.0,05,000386
125253,0,0,0,0,125253,0.0,05,000387
125679,0,0,0,0,125679,0.0,05,000388
126089,0,0,0,0,126089,0.0,05,000389
126135,0,0,0,0,126135,0.0,05,000390
126310,0,0,0,0,126310,0.0,05,000391
126370,0,0,0,0,126370,0.0,05,000392
126482,0,0,0,0,126482,0.0,05,000393
126544,0,0,0,0,126544,0.0,05,000394
126564,0,0,0,0,126564,0.0,05,000395
126553,0,0,0,0,126553,0.0,05,000396
126666,0,0,0,0,126666,0.0,05,000397
126500,0,0,0,0,126500,0.0,05,000398
126600,0,0,0,0,126600,0.0,05,000399
126741,0,0,0,0,126741,0.0,05,000400
126727,0,0,0,0,126727,0.0,05,000401
126665,0,0,0,0,126665,0.0,05,000402
126508,0,0,0,0,126508,0.0,05,000403
126367,0,0,0,0,126367,0.0,05,000404
126157,0,0,0,0,126157,0.0,05,000405
126034,0,0,0,0,126034,0.0,05,000406
126012,0,0,0,0,126012,0.0,05,000407
126008,0,0,0,0,126008,0.0,05,000408
126112,0,0,0,0,126112,0.0,05,000409
125969,0,0,0,0,125969,0.0,05,000410
125886,0,0,0,0,125886,0.0,05,000411
125609,0,0,0,0,125609,0.0,05,000412
125424,0,0,0,0,125424,0.0,05,000413
125204,0,0,0,0,125204,0.0,05,000414
125067,0,0,0,0,125067,0.0,05,000415
124929,0,0,0,0,124929,0.0,05,000416
124668,0,0,0,0,124668,0.0,05,000417
124410,0,0,0,0,124410,0.0,05,000418
124087,0,0,0,0,124087,0.0,05,000419
123709,0,0,0,0,123709,0.0,05,000420
123432,0,0,0,0,123432,0.0,05,000421
123145,0,0,0,0,123145,0.0,05,000422
122695,0,0,0,0,122695,0.0,05,000423
122300,0,0,0,0,122300,0.0,05,000424
121914,0,0,0,0,121914,0.0,05,000425
121787,0,0,0,0,121787,0.0,05,000426
121465,0,0,0,0,121465,0.0,05,000427
121181,0,0,0,0,121181,0.0,05,000428
120931,0,0,0,0,120931,0.0,05,000429
120543,0,0,0,0,120543,0.0,05,000430
120407,0,0,0,0,120407,0.0,05,000431
120231,0,0,0,0,120231,0.0,05,000432
119886,0,0,0,0,119886,0.0,05,000433
119595,0,0,0,0,119595,0.0,05,000434
119548,0,0,0,0,119548,0.0,05,000435
119414,0,0,0,0,119414,0.0,05,000436
119477,0,0,0,0,119477,0.0,05,000437
119347,0,0,0,0,119347,0.0,05,000438
119168,0,0,0,0,119168,0.0,05,000439
119625,0,0,0,0,119625,0.0,05,000440
119927,0,0,0,0,119927,0.0,05,000441
120344,0,0,0,0,120344,0.0,05,000442
121049,0,0,0,0,121049,0.0,05,000443
121711,0,0,0,0,121711,0.0,05,000444
122481,0,0,0,0,122481,0.0,05,000445
123288,0,0,0,0,123288,0.0,05,000446
123754,0,0,0,0,123754,0.0,05,000447
124080,0,0,0,0,124080,0.0,05,000448
124274,0,0,0,0,124274,0.0,05,000449
124473,0,0,0,0,124473,0.0,05,000450
124760,0,0,0,0,124760,0.0,05,000451
124903,0,0,0,0,124903,0.0,05,000452
125161,0,0,0,0,125161,0.0,05,000453
125380,0,0,0,0,125380,0.0,05,000454
125527,0,0,0,0,125527,0.0,05,000455
125648,0,0,0,0,125648,0.0,05,000456
125742,0,0,0,0,125742,0.0,05,000457
125752,0,0,0,0,125752,0.0,05,000458
125913,0,0,0,0,125913,0.0,05,000459
126044,0,0,0,0,126044,0.0,05,000460
126040,0,0,0,0,126040,0.0,05,000461
126130,0,0,0,0,126130,0.0,05,000462
126265,0,0,0,0,126265,0.0,05,000463
126237,0,0,0,0,126237,0.0,05,000464
126392,0,0,0,0,126392,0.0,05,000465
126480,0,0,0,0,126480,0.0,05,000466
126560,0,0,0,0,126560,0.0,05,000467
126675,0,0,0,0,126675,0.0,05,000468
126636,0,0,0,0,126636,0.0,05,000469
126681,0,0,0,0,126681,0.0,05,000470
126624,0,0,0,0,126624,0.0,05,000471
126526,0,0,0,0,126526,0.0,05,000472
126524,0,0,0,0,126524,0.0,05,000473
126347,0,0,0,0,126347,0.0,05,000474
126084,0,0,0,0,126084,0.0,05,000475
126042,0,0,0,0,126042,0.0,05,000476
126059,0,0,0,0,126059,0.0,05,000477
125990,0,0,0,0,125990,0.0,05,000478
125932,0,0,0,0,125932,0.0,05,000479
125788,0,0,0,0,125788,0.0,05,000480
125339,0,0,0,0,125339,0.0,05,000481
125200,0,0,0,0,125200,0.0,05,000482
124712,0,0,0,0,124712,0.0,05,000483
124334,0,0,0,0,124334,0.0,05,000484
123984,0,0,0,0,123984,0.0,05,000485
123691,0,0,0,0,123691,0.0,05,000486
123670,0,0,0,0,123670,0.0,05,000487
123495,0,0,0,0,123495,0.0,05,000488
122906,0,0,0,0,122906,0.0,05,000489
122080,0,0,0,0,122080,0.0,05,000490
121085,0,0,0,0,121085,0.0,05,000491
120523,0,0,0,0,120523,0.0,05,000492
119856,0,0,0,0,119856,0.0,05,000493
119043,0,0,0,0,119043,0.0,05,000494
118388,0,0,0,0,118388,0.0,05,000495
117448,0,0,0,0,117448,0.0,05,000496
116736,0,0,0,0,116736,0.0,05,000497
116705,0,0,0,0,116705,0.0,05,000498
116991,0,0,0,0,116991,0.0,05,000499
117082,0,0,0,0,117082,0.0,05,000500
117873,0,0,0,0,117873,0.0,05,000501
118553,0,0,0,0,118553,0.0,05,000502
119123,0,0,0,0,119123,0.0,05,000503
119891,0,0,0,0,119891,0.0,05,000504
120387,0,0,0,0,120387,0.0,05,000505
121313,0,0,0,0,121313,0.0,05,000506
121950,0,0,0,0,121950,0.0,05,000507
122629,0,0,0,0,122629,0.0,05,000508
122872,0,0,0,0,122872,0.0,05,000509
123396,0,0,0,0,123396,0.0,05,000510
123624,0,0,0,0,123624,0.0,05,000511
123720,0,0,0,0,123720,0.0,05,000512
123591,0,0,0,0,123591,0.0,05,000513
123517,0,0,0,0,123517,0.0,05,000514
123723,0,0,0,0,123723,0.0,05,000515
123877,0,0,0,0,123877,0.0,05,000516
124121,0,0,0,0,124121,0.0,05,000517
124227,0,0,0,0,124227,0.0,05,000518
124294,0,0,0,0,124294,0.0,05,000519
124266,0,0,0,0,124266,0.0,05,000520
124402,0,0,0,0,124402,0.0,05,000521
124283,0,0,0,0,124283,0.0,05,000522
124247,0,0,0,0,124247,0.0,05,000523
124124,0,0,0,0,124124,0.0,05,000524
124070,0,0,0,0,124070,0.0,05,000525
124048,0,0,0,0,124048,0.0,05,000526
124057,0,0,0,0,124057,0.0,05,000527
124036,0,0,0,0,124036,0.0,05,000528
123748,0,0,0,0,123748,0.0,05,000529
123765,0,0,0,0,123765,0.0,05,000530
123693,0,0,0,0,123693,0.0,05,000531
123595,0,0,0,0,123595,0.0,05,000532
123373,0,0,0,0,123373,0.0,05,000533
123161,0,0,0,0,123161,0.0,05,000534
122857,0,0,0,0,122857,0.0,05,000535
122676,0,0,0,0,122676,0.0,05,000536
122484,0,0,0,0,122484,0.0,05,000537
122303,0,0,0,0,122303,0.0,05,000538
122277,0,0,0,0,122277,0.0,05,000539
122303,0,0,0,0,122303,0.0,05,000540
122411,0,0,0,0,122411,0.0,05,000541
122575,0,0,0,0,122575,0.0,05,000542
122597,0,0,0,0,122597,0.0,05,000543
122588,0,0,0,0,122588,0.0,05,000544
122499,0,0,0,0,122499,0.0,05,000545
122506,0,0,0,0,122506,0.0,05,000546
122149,0,0,0,0,122149,0.0,05,000547
122237,0,0,0,0,122237,0.0,05,000548
122369,0,0,0,0,122369,0.0,05,000549
122477,0,0,0,0,122477,0.0,05,000550
122140,0,0,0,0,122140,0.0,05,000551
122143,0,0,0,0,122143,0.0,05,000552
122255,0,0,0,0,122255,0.0,05,000553
122526,0,0,0,0,122526,0.0,05,000554
123045,0,0,0,0,123045,0.0,05,000555
123368,0,0,0,0,123368,0.0,05,000556
123754,0,0,0,0,123754,0.0,05,000557
124226,0,0,0,0,124226,0.0,05,000558
124994,0,0,0,0,124994,0.0,05,000559
125732,0,0,0,0,125732,0.0,05,000560
125987,0,0,0,0,125987,0.0,05,000561
126153,0,0,0,0,126153,0.0,05,000562
125953,0,0,0,0,125953,0.0,05,000563
126105,0,0,0,0,126105,0.0,05,000564
126193,0,0,0,0,126193,0.0,05,000565
126248,0,0,0,0,126248,0.0,05,000566
126110,0,0,0,0,126110,0.0,05,000567
126242,0,0,0,0,126242,0.0,05,000568
126468,0,0,0,0,126468,0.0,05,000569
126488,0,0,0,0,126488,0.0,05,000570
126398,0,0,0,0,126398,0.0,05,000571
126502,0,0,0,0,126502,0.0,05,000572
126361,0,0,0,0,126361,0.0,05,000573
126311,0,0,0,0,126311,0.0,05,000574
126120,0,0,0,0,126120,0.0,05,000575
126294,0,0,0,0,126294,0.0,05,000576
126020,0,0,0,0,126020,0.0,05,000577
125552,0,0,0,0,125552,0.0,05,000578
125311,0,0,0,0,125311,0.0,05,000579
124957,0,0,0,0,124957,0.0,05,000580
124145,0,0,0,0,124145,0.0,05,000581
123539,0,0,0,0,123539,0.0,05,000582
122593,0,0,0,0,122593,0.0,05,000583
122402,0,0,0,0,122402,0.0,05,000584
123453,0,0,0,0,123453,0.0,05,000585
124578,0,0,0,0,124578,0.0,05,000586
125547,0,0,0,0,125547,0.0,05,000587
125518,0,0,0,0,125518,0.0,05,000588
125562,0,0,0,0,125562,0.0,05,000589
125063,0,0,0,0,125063,0.0,05,000590
125121,0,0,0,0,125121,0.0,05,000591
125318,0,0,0,0,125318,0.0,05,000592
125328,0,0,0,0,125328,0.0,05,000593
125791,0,0,0,0,125791,0.0,05,000594
126070,0,0,0,0,126070,0.0,05,000595
126033,0,0,0,0,126033,0.0,05,000596
125984,0,0,0,0,125984,0.0,05,000597
125854,0,0,0,0,125854,0.0,05,000598
125825,0,0,0,0,125825,0.0,05,000599
125102,0,0,0,0,125102,0.0,05,000600
124747,0,0,0,0,124747,0.0,05,000601
124263,0,0,0,0,124263,0.0,05,000602
124810,0,0,0,0,124810,0.0,05,000603
123933,0,0,0,0,123933,0.0,05,000604
123328,0,0,0,0,123328,0.0,05,000605
123926,0,0,0,0,123926,0.0,05,000606
124650,0,0,0,0,124650,0.0,05,000607
125080,0,0,0,0,125080,0.0,05,000608
125140,0,0,0,0,125140,0.0,05,000609
124900,0,0,0,0,124900,0.0,05,000610
124473,0,0,0,0,124473,0.0,05,000611
123988,0,0,0,0,123988,0.0,05,000612
123131,0,0,0,0,123131,0.0,05,000613
121517,0,0,0,0,121517,0.0,05,000614
120889,0,0,0,0,120889,0.0,05,000615
121069,0,0,0,0,121069,0.0,05,000616
120679,0,0,0,0,120679,0.0,05,000617
119032,0,0,0,0,119032,0.0,05,000618
118245,0,0,0,0,118245,0.0,05,000619
118109,0,0,0,0,118109,0.0,05,000620
118111,0,0,0,0,118111,0.0,05,000621
118669,0,0,0,0,118669,0.0,05,000622
118659,0,0,0,0,118659,0.0,05,000623
118095,0,0,0,0,118095,0.0,05,000624
118686,0,0,0,0,118686,0.0,05,000625
119731,0,0,0,0,119731,0.0,05,000626
121305,0,0,0,0,121305,0.0,05,000627
122475,0,0,0,0,122475,0.0,05,000628
123451,0,0,0,0,123451,0.0,05,000629
123724,0,0,0,0,123724,0.0,05,000630
123898,0,0,0,0,123898,0.0,05,000631
123870,0,0,0,0,123870,0.0,05,000632
123828,0,0,0,0,123828,0.0,05,000633
124010,0,0,0,0,124010,0.0,05,000634
123853,0,0,0,0,123853,0.0,05,000635
123928,0,0,0,0,123928,0.0,05,000636
124127,0,0,0,0,124127,0.0,05,000637
124641,0,0,0,0,124641,0.0,05,000638
124673,0,0,0,0,124673,0.0,05,000639
125099,0,0,0,0,125099,0.0,05,000640
125579,0,0,0,0,125579,0.0,05,000641
125973,0,0,0,0,125973,0.0,05,000642
126188,0,0,0,0,126188,0.0,05,000643
126214,0,0,0,0,126214,0.0,05,000644
126189,0,0,0,0,126189,0.0,05,000645
126216,0,0,0,0,126216,0.0,05,000646
125917,0,0,0,0,125917,0.0,05,000647
125702,0,0,0,0,125702,0.0,05,000648
125837,0,0,0,0,125837,0.0,05,000649
126150,0,0,0,0,126150,0.0,05,000650
126051,0,0,0,0,126051,0.0,05,000651
125956,0,0,0,0,125956,0.0,05,000652
125539,0,0,0,0,125539,0.0,05,000653
125090,0,0,0,0,125090,0.0,05,000654
125057,0,0,0,0,125057,0.0,05,000655
125304,0,0,0,0,125304,0.0,05,000656
125374,0,0,0,0,125374,0.0,05,000657
125353,0,0,0,0,125353,0.0,05,000658
125204,0,0,0,0,125204,0.0,05,000659
124671,0,0,0,0,124671,0.0,05,000660
123593,0,0,0,0,123593,0.0,05,000661
123739,0,0,0,0,123739,0.0,05,000662
124017,0,0,0,0,124017,0.0,05,000663
123745,0,0,0,0,123745,0.0,05,000664
124675,0,0,0,0,124675,0.0,05,000665
125009,0,0,0,0,125009,0.0,05,000666
124938,0,0,0,0,124938,0.0,05,000667
125138,0,0,0,0,125138,0.0,05,000668
125268,0,0,0,0,125268,0.0,05,000669
125396,0,0,0,0,125396,0.0,05,000670
125384,0,0,0,0,125384,0.0,05,000671
125174,0,0,0,0,125174,0.0,05,000672
124871,0,0,0,0,124871,0.0,05,000673
125069,0,0,0,0,125069,0.0,05,000674
124597,0,0,0,0,124597,0.0,05,000675
124655,0,0,0,0,124655,0.0,05,000676
124553,0,0,0,0,124553,0.0,05,000677
124475,0,0,0,0,124475,0.0,05,000678
125354,0,0,0,0,125354,0.0,05,000679
125766,0,0,0,0,125766,0.0,05,000680
126048,0,0,0,0,126048,0.0,05,000681
126053,0,0,0,0,126053,0.0,05,000682
126104,0,0,0,0,126104,0.0,05,000683
126308,0,0,0,0,126308,0.0,05,000684
126602,0,0,0,0,126602,0.0,05,000685
126836,0,0,0,0,126836,0.0,05,000686
126872,0,0,0,0,126872,0.0,05,000687
126559,0,0,0,0,126559,0.0,05,000688
126458,0,0,0,0,126458,0.0,05,000689
126163,0,0,0,0,126163,0.0,05,000690
126128,0,0,0,0,126128,0.0,05,000691
126074,0,0,0,0,126074,0.0,05,000692
126067,0,0,0,0,126067,0.0,05,000693
126127,0,0,0,0,126127,0.0,05,000694
126337,0,0,0,0,126337,0.0,05,000695
126192,0,0,0,0,126192,0.0,05,000696
126295,0,0,0,0,126295,0.0,05,000697
126170,0,0,0,0,126170,0.0,05,000698
126167,0,0,0,0,126167,0.0,05,000699
126173,0,0,0,0,126173,0.0,05,000700
126203,0,0,0,0,126203,0.0,05,000701
126228,0,0,0,0,126228,0.0,05,000702
126271,0,0,0,0,126271,0.0,05,000703
126263,0,0,0,0,126263,0.0,05,000704
126285,0,0,0,0,126285,0.0,05,000705
126343,0,0,0,0,126343,0.0,05,000706
126367,0,0,0,0,126367,0.0,05,000707
126420,0,0,0,0,126420,0.0,05,000708
126590,0,0,0,0,126590,0.0,05,000709
126709,0,0,0,0,126709,0.0,05,000710
126803,0,0,0,0,126803,0.0,05,000711
126674,0,0,0,0,126674,0.0,05,000712
126616,0,0,0,0,126616,0.0,05,000713
126388,0,0,0,0,126388,0.0,05,000714
126337,0,0,0,0,126337,0.0,05,000715
126327,0,0,0,0,126327,0.0,05,000716
126129,0,0,0,0,126129,0.0,05,000717
126247,0,0,0,0,126247,0.0,05,000718
126652,0,0,0,0,126652,0.0,05,000719
126740,0,0,0,0,126740,0.0,05,000720
126585,0,0,0,0,126585,0.0,05,000721
126483,0,0,0,0,126483,0.0,05,000722
126517,0,0,0,0,126517,0.0,05,000723
126502,0,0,0,0,126502,0.0,05,000724
126684,0,0,0,0,126684,0.0,05,000725
126860,0,0,0,0,126860,0.0,05,000726
127024,0,0,0,0,127024,0.0,05,000727
127108,0,0,0,0,127108,0.0,05,000728
127209,0,0,0,0,127209,0.0,05,000729
127135,0,0,0,0,127135,0.0,05,000730
127140,0,0,0,0,127140,0.0,05,000731
127172,0,0,0,0,127172,0.0,05,000732
127195,0,0,0,0,127195,0.0,05,000733
127142,0,0,0,0,127142,0.0,05,000734
127065,0,0,0,0,127065,0.0,05,000735
127050,0,0,0,0,127050,0.0,05,000736
126848,0,0,0,0,126848,0.0,05,000737
126931,0,0,0,0,126931,0.0,05,000738
127080,0,0,0,0,127080,0.0,05,000739
127100,0,0,0,0,127100,0.0,05,000740
127099,0,0,0,0,127099,0.0,05,000741
126994,0,0,0,0,126994,0.0,05,000742
126978,0,0,0,0,126978,0.0,05,000743
126796,0,0,0,0,126796,0.0,05,000744
126790,0,0,0,0,126790,0.0,05,000745
126706,0,0,0,0,126706,0.0,05,000746
126534,0,0,0,0,126534,0.0,05,000747
126467,0,0,0,0,126467,0.0,05,000748
126361,0,0,0,0,126361,0.0,05,000749
126146,0,0,0,0,126146,0.0,05,000750
126017,0,0,0,0,126017,0.0,05,000751
126073,0,0,0,0,126073,0.0,05,000752
126235,0,0,0,0,126235,0.0,05,000753
126126,0,0,0,0,126126,0.0,05,000754
125705,0,0,0,0,125705,0.0,05,000755
125476,0,0,0,0,125476,0.0,05,000756
125053,0,0,0,0,125053,0.0,05,000757
124732,0,0,0,0,124732,0.0,05,000758
125068,0,0,0,0,125068,0.0,05,000759
125388,0,0,0,0,125388,0.0,05,000760
124714,0,0,0,0,124714,0.0,05,000761
124554,0,0,0,0,124554,0.0,05,000762
124919,0,0,0,0,124919,0.0,05,000763
125518,0,0,0,0,125518,0.0,05,000764
125932,0,0,0,0,125932,0.0,05,000765
126326,0,0,0,0,126326,0.0,05,000766
126425,0,0,0,0,126425,0.0,05,000767
126590,0,0,0,0,126590,0.0,05,000768
126651,0,0,0,0,126651,0.0,05,000769
126726,0,0,0,0,126726,0.0,05,000770
126761,0,0,0,0,126761,0.0,05,000771
126776,0,0,0,0,126776,0.0,05,000772
126900,0,0,0,0,126900,0.0,05,000773
126882,0,0,0,0,126882,0.0,05,000774
126963,0,0,0,0,126963,0.0,05,000775
126906,0,0,0,0,126906,0.0,05,000776
126888,0,0,0,0,126888,0.0,05,000777
126893,0,0,0,0,126893,0.0,05,000778
126866,0,0,0,0,126866,0.0,05,000779
126933,0,0,0,0,126933,0.0,05,000780
127034,0,0,0,0,127034,0.0,05,000781
127232,0,0,0,0,127232,0.0,05,000782
127233,0,0,0,0,127233,0.0,05,000783
127289,0,0,0,0,127289,0.0,05,000784
127146,0,0,0,0,127146,0.0,05,000785
127106,0,0,0,0,127106,0.0,05,000786
127079,0,0,0,0,127079,0.0,05,000787
126943,0,0,0,0,126943,0.0,05,000788
127013,0,0,0,0,127013,0.0,05,000789
126987,0,0,0,0,126987,0.0,05,000790
127094,0,0,0,0,127094,0.0,05,000791
126909,0,0,0,0,126909,0.0,05,000792
126786,0,0,0,0,126786,0.0,05,000793
126255,0,0,0,0,126255,0.0,05,000794
126595,0,0,0,0,126595,0.0,05,000795
126335,0,0,0,0,126335,0.0,05,000796
126376,0,0,0,0,126376,0.0,05,000797
126271,0,0,0,0,126271,0.0,05,000798
126208,0,0,0,0,126208,0.0,05,000799
126188,0,0,0,0,126188,0.0,05,000800
126222,0,0,0,0,126222,0.0,05,000801
126204,0,0,0,0,126204,0.0,05,000802
126289,0,0,0,0,126289,0.0,05,000803
126303,0,0,0,0,126303,0.0,05,000804
126391,0,0,0,0,126391,0.0,05,000805
126325,0,0,0,0,126325,0.0,05,000806
126348,0,0,0,0,126348,0.0,05,000807
126347,0,0,0,0,126347,0.0,05,000808
126558,0,0,0,0,126558,0.0,05,000809
126565,0,0,0,0,126565,0.0,05,000810
126559,0,0,0,0,126559,0.0,05,000811
126647,0,0,0,0,126647,0.0,05,000812
126756,0,0,0,0,126756,0.0,05,000813
126896,0,0,0,0,126896,0.0,05,000814
127175,0,0,0,0,127175,0.0,05,000815
127336,0,0,0,0,127336,0.0,05,000816
127271,0,0,0,0,127271,0.0,05,000817
127131,0,0,0,0,127131,0.0,05,000818
127075,0,0,0,0,127075,0.0,05,000819
127024,0,0,0,0,127024,0.0,05,000820
127013,0,0,0,0,127013,0.0,05,000821
127007,0,0,0,0,127007,0.0,05,000822
126890,0,0,0,0,126890,0.0,05,000823
126843,0,0,0,0,126843,0.0,05,000824
126841,0,0,0,0,126841,0.0,05,000825
126790,0,0,0,0,126790,0.0,05,000826
126914,0,0,0,0,126914,0.0,05,000827
126918,0,0,0,0,126918,0.0,05,000828
126899,0,0,0,0,126899,0.0,05,000829
126707,0,0,0,0,126707,0.0,05,000830
126698,0,0,0,0,126698,0.0,05,000831
126695,0,0,0,0,126695,0.0,05,000832
126768,0,0,0,0,126768,0.0,05,000833
126792,0,0,0,0,126792,0.0,05,000834
126896,0,0,0,0,126896,0.0,05,000835
126827,0,0,0,0,126827,0.0,05,000836
126850,0,0,0,0,126850,0.0,05,000837
126785,0,0,0,0,126785,0.0,05,000838
126600,0,0,0,0,126600,0.0,05,000839
126496,0,0,0,0,126496,0.0,05,000840
126424,0,0,0,0,126424,0.0,05,000841
126342,0,0,0,0,126342,0.0,05,000842
126181,0,0,0,0,126181,0.0,05,000843
125793,0,0,0,0,125793,0.0,05,000844
125558,0,0,0,0,125558,0.0,05,000845
125158,0,0,0,0,125158,0.0,05,000846
124718,0,0,0,0,124718,0.0,05,000847
124295,0,0,0,0,124295,0.0,05,000848
124049,0,0,0,0,124049,0.0,05,000849
123914,0,0,0,0,123914,0.0,05,000850
123912,0,0,0,0,123912,0.0,05,000851
123928,0,0,0,0,123928,0.0,05,000852
124119,0,0,0,0,124119,0.0,05,000853
124231,0,0,0,0,124231,0.0,05,000854
124475,0,0,0,0,124475,0.0,05,000855
124441,0,0,0,0,124441,0.0,05,000856
124559,0,0,0,0,124559,0.0,05,000857
124664,0,0,0,0,124664,0.0,05,000858
124865,0,0,0,0,124865,0.0,05,000859
125269,0,0,0,0,125269,0.0,05,000860
125506,0,0,0,0,125506,0.0,05,000861
125637,0,0,0,0,125637,0.0,05,000862
125692,0,0,0,0,125692,0.0,05,000863
125493,0,0,0,0,125493,0.0,05,000864
125450,0,0,0,0,125450,0.0,05,000865
125392,0,0,0,0,125392,0.0,05,000866
125439,0,0,0,0,125439,0.0,05,000867
125697,0,0,0,0,125697,0.0,05,000868
125755,0,0,0,0,125755,0.0,05,000869
125771,0,0,0,0,125771,0.0,05,000870
125882,0,0,0,0,125882,0.0,05,000871
125869,0,0,0,0,125869,0.0,05,000872
126072,0,0,0,0,126072,0.0,05,000873
126133,0,0,0,0,126133,0.0,05,000874
126264,0,0,0,0,126264,0.0,05,000875
126308,0,0,0,0,126308,0.0,05,000876
126367,0,0,0,0,126367,0.0,05,000877
126388,0,0,0,0,126388,0.0,05,000878
126484,0,0,0,0,126484,0.0,05,000879
126555,0,0,0,0,126555,0.0,05,000880
126643,0,0,0,0,126643,0.0,05,000881
126713,0,0,0,0,126713,0.0,05,000882
126766,0,0,0,0,126766,0.0,05,000883
126791,0,0,0,0,126791,0.0,05,000884
126827,0,0,0,0,126827,0.0,05,000885
126904,0,0,0,0,126904,0.0,05,000886
126981,0,0,0,0,126981,0.0,05,000887
126935,0,0,0,0,126935,0.0,05,000888
127029,0,0,0,0,127029,0.0,05,000889
126940,0,0,0,0,126940,0.0,05,000890
126881,0,0,0,0,126881,0.0,05,000891
126830,0,0,0,0,126830,0.0,05,000892
126662,0,0,0,0,126662,0.0,05,000893
126581,0,0,0,0,126581,0.0,05,000894
126528,0,0,0,0,126528,0.0,05,000895
126391,0,0,0,0,126391,0.0,05,000896
126257,0,0,0,0,126257,0.0,05,000897
126086,0,0,0,0,126086,0.0,05,000898
125957,0,0,0,0,125957,0.0,05,000899
125913,0,0,0,0,125913,0.0,05,000900
125843,0,0,0,0,125843,0.0,05,000901
125827,0,0,0,0,125827,0.0,05,000902
125882,0,0,0,0,125882,0.0,05,000903
125938,0,0,0,0,125938,0.0,05,000904
126084,0,0,0,0,126084,0.0,05,000905
126339,0,0,0,0,126339,0.0,05,000906
126514,0,0,0,0,126514,0.0,05,000907
126777,0,0,0,0,126777,0.0,05,000908
126816,0,0,0,0,126816,0.0,05,000909
126704,0,0,0,0,126704,0.0,05,000910
126547,0,0,0,0,126547,0.0,05,000911
126492,0,0,0,0,126492,0.0,05,000912
126162,0,0,0,0,126162,0.0,05,000913
126258,0,0,0,0,126258,0.0,05,000914
126408,0,0,0,0,126408,0.0,05,000915
126248,0,0,0,0,126248,0.0,05,000916
126416,0,0,0,0,126416,0.0,05,000917
126491,0,0,0,0,126491,0.0,05,000918
126379,0,0,0,0,126379,0.0,05,000919
126150,0,0,0,0,126150,0.0,05,000920
125945,0,0,0,0,125945,0.0,05,000921
126061,0,0,0,0,126061,0.0,05,000922
126335,0,0,0,0,126335,0.0,05,000923
126210,0,0,0,0,126210,0.0,05,000924
126247,0,0,0,0,126247,0.0,05,000925
126525,0,0,0,0,126525,0.0,05,000926
126710,0,0,0,0,126710,0.0,05,000927
126677,0,0,0,0,126677,0.0,05,000928
126751,0,0,0,0,126751,0.0,05,000929
126745,0,0,0,0,126745,0.0,05,000930
126909,0,0,0,0,126909,0.0,05,000931
127016,0,0,0,0,127016,0.0,05,000932
126916,0,0,0,0,126916,0.0,05,000933
127025,0,0,0,0,127025,0.0,05,000934
127070,0,0,0,0,127070,0.0,05,000935
126995,0,0,0,0,126995,0.0,05,000936
127010,0,0,0,0,127010,0.0,05,000937
127100,0,0,0,0,127100,0.0,05,000938
127067,0,0,0,0,127067,0.0,05,000939
127009,0,0,0,0,127009,0.0,05,000940
126850,0,0,0,0,126850,0.0,05,000941
126569,0,0,0,0,126569,0.0,05,000942
126472,0,0,0,0,126472,0.0,05,000943
126329,0,0,0,0,126329,0.0,05,000944
126219,0,0,0,0,126219,0.0,05,000945
126373,0,0,0,0,126373,0.0,05,000946
126564,0,0,0,0,126564,0.0,05,000947
126516,0,0,0,0,126516,0.0,05,000948
126467,0,0,0,0,126467,0.0,05,000949
126702,0,0,0,0,126702,0.0,05,000950
126629,0,0,0,0,126629,0.0,05,000951
126804,0,0,0,0,126804,0.0,05,000952
126837,0,0,0,0,126837,0.0,05,000953
127043,0,0,0,0,127043,0.0,05,000954
127211,0,0,0,0,127211,0.0,05,000955
127073,0,0,0,0,127073,0.0,05,000956
126838,0,0,0,0,126838,0.0,05,000957
126681,0,0,0,0,126681,0.0,05,000958
126622,0,0,0,0,126622,0.0,05,000959
126344,0,0,0,0,126344,0.0,05,000960
126137,0,0,0,0,126137,0.0,05,000961
125856,0,0,0,0,125856,0.0,05,000962
125479,0,0,0,0,125479,0.0,05,000963
125004,0,0,0,0,125004,0.0,05,000964
125042,0,0,0,0,125042,0.0,05,000965
124722,0,0,0,0,124722,0.0,05,000966
124604,0,0,0,0,124604,0.0,05,000967
124014,0,0,0,0,124014,0.0,05,000968
123503,0,0,0,0,123503,0.0,05,000969
122353,0,0,0,0,122353,0.0,05,000970
121037,0,0,0,0,121037,0.0,05,000971
120603,0,0,0,0,120603,0.0,05,000972
120540,0,0,0,0,120540,0.0,05,000973
120498,0,0,0,0,120498,0.0,05,000974
121009,0,0,0,0,121009,0.0,05,000975
120703,0,0,0,0,120703,0.0,05,000976
119897,0,0,0,0,119897,0.0,05,000977
120482,0,0,0,0,120482,0.0,05,000978
120892,0,0,0,0,120892,0.0,05,000979
121763,0,0,0,0,121763,0.0,05,000980
122798,0,0,0,0,122798,0.0,05,000981
123845,0,0,0,0,123845,0.0,05,000982
124730,0,0,0,0,124730,0.0,05,000983
125258,0,0,0,0,125258,0.0,05,000984
125629,0,0,0,0,125629,0.0,05,000985
125614,0,0,0,0,125614,0.0,05,000986
125838,0,0,0,0,125838,0.0,05,000987
126254,0,0,0,0,126254,0.0,05,000988
126554,0,0,0,0,126554,0.0,05,000989
126548,0,0,0,0,126548,0.0,05,000990
126727,0,0,0,0,126727,0.0,05,000991
126734,0,0,0,0,126734,0.0,05,000992
126912,0,0,0,0,126912,0.0,05,000993
126984,0,0,0,0,126984,0.0,05,000994
127145,0,0,0,0,127145,0.0,05,000995
127224,0,0,0,0,127224,0.0,05,000996
127236,0,0,0,0,127236,0.0,05,000997
127160,0,0,0,0,127160,0.0,05,000998
127096,0,0,0,0,127096,0.0,05,000999
127257,0,0,0,0,127257,0.0,05,001000
127109,0,0,0,0,127109,0.0,05,001001
127158,0,0,0,0,127158,0.0,05,001002
127085,0,0,0,0,127085,0.0,05,001003
127076,0,0,0,0,127076,0.0,05,001004
126966,0,0,0,0,126966,0.0,05,001005
126844,0,0,0,0,126844,0.0,05,001006
126639,0,0,0,0,126639,0.0,05,001007
126375,0,0,0,0,126375,0.0,05,001008
126220,0,0,0,0,126220,0.0,05,001009
126350,0,0,0,0,126350,0.0,05,001010
126134,0,0,0,0,126134,0.0,05,001011
126104,0,0,0,0,126104,0.0,05,001012
125476,0,0,0,0,125476,0.0,05,001013
125043,0,0,0,0,125043,0.0,05,001014
124801,0,0,0,0,124801,0.0,05,001015
124549,0,0,0,0,124549,0.0,05,001016
123578,0,0,0,0,123578,0.0,05,001017
123372,0,0,0,0,123372,0.0,05,001018
123505,0,0,0,0,123505,0.0,05,001019
123434,0,0,0,0,123434,0.0,05,001020
122817,0,0,0,0,122817,0.0,05,001021
122622,0,0,0,0,122622,0.0,05,001022
123035,0,0,0,0,123035,0.0,05,001023
123348,0,0,0,0,123348,0.0,05,001024
123739,0,0,0,0,123739,0.0,05,001025
124312,0,0,0,0,124312,0.0,05,001026
125244,0,0,0,0,125244,0.0,05,001027
125803,0,0,0,0,125803,0.0,05,001028
125917,0,0,0,0,125917,0.0,05,001029
126152,0,0,0,0,126152,0.0,05,001030
126512,0,0,0,0,126512,0.0,05,001031
126745,0,0,0,0,126745,0.0,05,001032
127012,0,0,0,0,127012,0.0,05,001033
127169,0,0,0,0,127169,0.0,05,001034
127230,0,0,0,0,127230,0.0,05,001035
127317,0,0,0,0,127317,0.0,05,001036
127267,0,0,0,0,127267,0.0,05,001037
127172,0,0,0,0,127172,0.0,05,001038
126694,0,0,0,0,126694,0.0,05,001039
126352,0,0,0,0,126352,0.0,05,001040
126102,0,0,0,0,126102,0.0,05,001041
125964,0,0,0,0,125964,0.0,05,001042
125810,0,0,0,0,125810,0.0,05,001043
125611,0,0,0,0,125611,0.0,05,001044
125524,0,0,0,0,125524,0.0,05,001045
125467,0,0,0,0,125467,0.0,05,001046
125505,0,0,0,0,125505,0.0,05,001047
125427,0,0,0,0,125427,0.0,05,001048
125400,0,0,0,0,125400,0.0,05,001049
125296,0,0,0,0,125296,0.0,05,001050
125434,0,0,0,0,125434,0.0,05,001051
125138,0,0,0,0,125138,0.0,05,001052
124957,0,0,0,0,124957,0.0,05,001053
124733,0,0,0,0,124733,0.0,05,001054
124979,0,0,0,0,124979,0.0,05,001055
125206,0,0,0,0,125206,0.0,05,001056
125242,0,0,0,0,125242,0.0,05,001057
125179,0,0,0,0,125179,0.0,05,001058
125368,0,0,0,0,125368,0.0,05,001059
125221,0,0,0,0,125221,0.0,05,001060
125410,0,0,0,0,125410,0.0,05,001061
125393,0,0,0,0,125393,0.0,05,001062
125566,0,0,0,0,125566,0.0,05,001063
125648,0,0,0,0,125648,0.0,05,001064
125719,0,0,0,0,125719,0.0,05,001065
125812,0,0,0,0,125812,0.0,05,001066
125998,0,0,0,0,125998,0.0,05,001067
126178,0,0,0,0,126178,0.0,05,001068
126337,0,0,0,0,126337,0.0,05,001069
126438,0,0,0,0,126438,0.0,05,001070
126498,0,0,0,0,126498,0.0,05,001071
126541,0,0,0,0,126541,0.0,05,001072
126589,0,0,0,0,126589,0.0,05,001073
126611,0,0,0,0,126611,0.0,05,001074
126865,0,0,0,0,126865,0.0,05,001075
127011,0,0,0,0,127011,0.0,05,001076
127092,0,0,0,0,127092,0.0,05,001077
127136,0,0,0,0,127136,0.0,05,001078
127206,0,0,0,0,127206,0.0,05,001079
127264,0,0,0,0,127264,0.0,05,001080
127268,0,0,0,0,127268,0.0,05,001081
127121,0,0,0,0,127121,0.0,05,001082
127003,0,0,0,0,127003,0.0,05,001083
126943,0,0,0,0,126943,0.0,05,001084
126720,0,0,0,0,126720,0.0,05,001085
126493,0,0,0,0,126493,0.0,05,001086
126257,0,0,0,0,126257,0.0,05,001087
126146,0,0,0,0,126146,0.0,05,001088
125883,0,0,0,0,125883,0.0,05,001089
125629,0,0,0,0,125629,0.0,05,001090
125108,0,0,0,0,125108,0.0,05,001091
124655,0,0,0,0,124655,0.0,05,001092
123203,0,0,0,0,123203,0.0,05,001093
121510,0,0,0,0,121510,0.0,05,001094
120971,0,0,0,0,120971,0.0,05,001095
120266,0,0,0,0,120266,0.0,05,001096
119719,0,0,0,0,119719,0.0,05,001097
119304,0,0,0,0,119304,0.0,05,001098
121039,0,0,0,0,121039,0.0,05,001099
122451,0,0,0,0,122451,0.0,05,001100
123564,0,0,0,0,123564,0.0,05,001101
124503,0,0,0,0,124503,0.0,05,001102
124851,0,0,0,0,124851,0.0,05,001103
125427,0,0,0,0,125427,0.0,05,001104
125579,0,0,0,0,125579,0.0,05,001105
125885,0,0,0,0,125885,0.0,05,001106
125972,0,0,0,0,125972,0.0,05,001107
125991,0,0,0,0,125991,0.0,05,001108
125687,0,0,0,0,125687,0.0,05,001109
125604,0,0,0,0,125604,0.0,05,001110
125361,0,0,0,0,125361,0.0,05,001111
125162,0,0,0,0,125162,0.0,05,001112
124715,0,0,0,0,124715,0.0,05,001113
124035,0,0,0,0,124035,0.0,05,001114
123601,0,0,0,0,123601,0.0,05,001115
123307,0,0,0,0,123307,0.0,05,001116
122741,0,0,0,0,122741,0.0,05,001117
121255,0,0,0,0,121255,0.0,05,001118
119855,0,0,0,0,119855,0.0,05,001119
118314,0,0,0,0,118314,0.0,05,001120
117388,0,0,0,0,117388,0.0,05,001121
116515,0,0,0,0,116515,0.0,05,001122
116287,0,0,0,0,116287,0.0,05,001123
116342,0,0,0,0,116342,0.0,05,001124
116986,0,0,0,0,116986,0.0,05,001125
118006,0,0,0,0,118006,0.0,05,001126
119761,0,0,0,0,119761,0.0,05,001127
121016,0,0,0,0,121016,0.0,05,001128
122561,0,0,0,0,122561,0.0,05,001129
123204,0,0,0,0,123204,0.0,05,001130
124000,0,0,0,0,124000,0.0,05,001131
124563,0,0,0,0,124563,0.0,05,001132
124960,0,0,0,0,124960,0.0,05,001133
125249,0,0,0,0,125249,0.0,05,001134
125684,0,0,0,0,125684,0.0,05,001135
125854,0,0,0,0,125854,0.0,05,001136
125953,0,0,0,0,125953,0.0,05,001137
126041,0,0,0,0,126041,0.0,05,001138
126144,0,0,0,0,126144,0.0,05,001139
126192,0,0,0,0,126192,0.0,05,001140
126123,0,0,0,0,126123,0.0,05,001141
126367,0,0,0,0,126367,0.0,05,001142
126248,0,0,0,0,126248,0.0,05,001143
126141,0,0,0,0,126141,0.0,05,001144
126340,0,0,0,0,126340,0.0,05,001145
126304,0,0,0,0,126304,0.0,05,001146
126502,0,0,0,0,126502,0.0,05,001147
126674,0,0,0,0,126674,0.0,05,001148
126423,0,0,0,0,126423,0.0,05,001149
126518,0,0,0,0,126518,0.0,05,001150
126456,0,0,0,0,126456,0.0,05,001151
126186,0,0,0,0,126186,0.0,05,001152
126081,0,0,0,0,126081,0.0,05,001153
126079,0,0,0,0,126079,0.0,05,001154
126142,0,0,0,0,126142,0.0,05,001155
126009,0,0,0,0,126009,0.0,05,001156
125854,0,0,0,0,125854,0.0,05,001157
125866,0,0,0,0,125866,0.0,05,001158
125714,0,0,0,0,125714,0.0,05,001159
125852,0,0,0,0,125852,0.0,05,001160
126015,0,0,0,0,126015,0.0,05,001161
126156,0,0,0,0,126156,0.0,05,001162
126120,0,0,0,0,126120,0.0,05,001163
125869,0,0,0,0,125869,0.0,05,001164
125751,0,0,0,0,125751,0.0,05,001165
125416,0,0,0,0,125416,0.0,05,001166
125560,0,0,0,0,125560,0.0,05,001167
125806,0,0,0,0,125806,0.0,05,001168
125915,0,0,0,0,125915,0.0,05,001169
126210,0,0,0,0,126210,0.0,05,001170
126544,0,0,0,0,126544,0.0,05,001171
126848,0,0,0,0,126848,0.0,05,001172
127052,0,0,0,0,127052,0.0,05,001173
127221,0,0,0,0,127221,0.0,05,001174
127170,0,0,0,0,127170,0.0,05,001175
127020,0,0,0,0,127020,0.0,05,001176
127249,0,0,0,0,127249,0.0,05,001177
127274,0,0,0,0,127274,0.0,05,001178
127244,0,0,0,0,127244,0.0,05,001179
127157,0,0,0,0,127157,0.0,05,001180
127374,0,0,0,0,127374,0.0,05,001181
127495,0,0,0,0,127495,0.0,05,001182
127624,0,0,0,0,127624,0.0,05,001183
127691,0,0,0,0,127691,0.0,05,001184
127742,0,0,0,0,127742,0.0,05,001185
127807,0,0,0,0,127807,0.0,05,001186
127781,0,0,0,0,127781,0.0,05,001187
127826,0,0,0,0,127826,0.0,05,001188
127750,0,0,0,0,127750,0.0,05,001189
127700,0,0,0,0,127700,0.0,05,001190
127635,0,0,0,0,127635,0.0,05,001191
127638,0,0,0,0,127638,0.0,05,001192
127674,0,0,0,0,127674,0.0,05,001193
127595,0,0,0,0,127595,0.0,05,001194
127626,0,0,0,0,127626,0.0,05,001195
127578,0,0,0,0,127578,0.0,05,001196
127623,0,0,0,0,127623,0.0,05,001197
127512,0,0,0,0,127512,0.0,05,001198
127487,0,0,0,0,127487,0.0,05,001199
127488,0,0,0,0,127488,0.0,05,001200
127493,0,0,0,0,127493,0.0,05,001201
127545,0,0,0,0,127545,0.0,05,001202
127536,0,0,0,0,127536,0.0,05,001203
127544,0,0,0,0,127544,0.0,05,001204
127594,0,0,0,0,127594,0.0,05,001205
127595,0,0,0,0,127595,0.0,05,001206
127572,0,0,0,0,127572,0.0,05,001207
127477,0,0,0,0,127477,0.0,05,001208
127309,0,0,0,0,127309,0.0,05,001209
127342,0,0,0,0,127342,0.0,05,001210
127211,0,0,0,0,127211,0.0,05,001211
127105,0,0,0,0,127105,0.0,05,001212
127099,0,0,0,0,127099,0.0,05,001213
127105,0,0,0,0,127105,0.0,05,001214
126961,0,0,0,0,126961,0.0,05,001215
126802,0,0,0,0,126802,0.0,05,001216
126641,0,0,0,0,126641,0.0,05,001217
126364,0,0,0,0,126364,0.0,05,001218
126344,0,0,0,0,126344,0.0,05,001219
126215,0,0,0,0,126215,0.0,05,001220
126118,0,0,0,0,126118,0.0,05,001221
126080,0,0,0,0,126080,0.0,05,001222
126090,0,0,0,0,126090,0.0,05,001223
126008,0,0,0,0,126008,0.0,05,001224
126020,0,0,0,0,126020,0.0,05,001225
125997,0,0,0,0,125997,0.0,05,001226
125985,0,0,0,0,125985,0.0,05,001227
125861,0,0,0,0,125861,0.0,05,001228
125739,0,0,0,0,125739,0.0,05,001229
125785,0,0,0,0,125785,0.0,05,001230
125650,0,0,0,0,125650,0.0,05,001231
125281,0,0,0,0,125281,0.0,05,001232
125351,0,0,0,0,125351,0.0,05,001233
125180,0,0,0,0,125180,0.0,05,001234
124942,0,0,0,0,124942,0.0,05,001235
124601,0,0,0,0,124601,0.0,05,001236
124321,0,0,0,0,124321,0.0,05,001237
124138,0,0,0,0,124138,0.0,05,001238
123803,0,0,0,0,123803,0.0,05,001239
123336,0,0,0,0,123336,0.0,05,001240
122734,0,0,0,0,122734,0.0,05,001241
122102,0,0,0,0,122102,0.0,05,001242
121378,0,0,0,0,121378,0.0,05,001243
120269,0,0,0,0,120269,0.0,05,001244
120052,0,0,0,0,120052,0.0,05,001245
119643,0,0,0,0,119643,0.0,05,001246
119845,0,0,0,0,119845,0.0,05,001247
119428,0,0,0,0,119428,0.0,05,001248
119585,0,0,0,0,119585,0.0,05,001249
120035,0,0,0,0,120035,0.0,05,001250
121170,0,0,0,0,121170,0.0,05,001251
122282,0,0,0,0,122282,0.0,05,001252
123077,0,0,0,0,123077,0.0,05,001253
123535,0,0,0,0,123535,0.0,05,001254
123913,0,0,0,0,123913,0.0,05,001255
124203,0,0,0,0,124203,0.0,05,001256
124197,0,0,0,0,124197,0.0,05,001257
124203,0,0,0,0,124203,0.0,05,001258
123977,0,0,0,0,123977,0.0,05,001259
123875,0,0,0,0,123875,0.0,05,001260
123958,0,0,0,0,123958,0.0,05,001261
124001,0,0,0,0,124001,0.0,05,001262
123895,0,0,0,0,123895,0.0,05,001263
123750,0,0,0,0,123750,0.0,05,001264
123516,0,0,0,0,123516,0.0,05,001265
122730,0,0,0,0,122730,0.0,05,001266
122183,0,0,0,0,122183,0.0,05,001267
122335,0,0,0,0,122335,0.0,05,001268
122724,0,0,0,0,122724,0.0,05,001269
122735,0,0,0,0,122735,0.0,05,001270
123028,0,0,0,0,123028,0.0,05,001271
122915,0,0,0,0,122915,0.0,05,001272
123612,0,0,0,0,123612,0.0,05,001273
123938,0,0,0,0,123938,0.0,05,001274
124170,0,0,0,0,124170,0.0,05,001275
124355,0,0,0,0,124355,0.0,05,001276
124268,0,0,0,0,124268,0.0,05,001277
123923,0,0,0,0,123923,0.0,05,001278
123386,0,0,0,0,123386,0.0,05,001279
122760,0,0,0,0,122760,0.0,05,001280
122562,0,0,0,0,122562,0.0,05,001281
122291,0,0,0,0,122291,0.0,05,001282
122056,0,0,0,0,122056,0.0,05,001283
121894,0,0,0,0,121894,0.0,05,001284
122020,0,0,0,0,122020,0.0,05,001285
122647,0,0,0,0,122647,0.0,05,001286
123339,0,0,0,0,123339,0.0,05,001287
123720,0,0,0,0,123720,0.0,05,001288
124348,0,0,0,0,124348,0.0,05,001289
124501,0,0,0,0,124501,0.0,05,001290
124893,0,0,0,0,124893,0.0,05,001291
125002,0,0,0,0,125002,0.0,05,001292
125255,0,0,0,0,125255,0.0,05,001293
125225,0,0,0,0,125225,0.0,05,001294
125350,0,0,0,0,125350,0.0,05,001295
125175,0,0,0,0,125175,0.0,05,001296
125372,0,0,0,0,125372,0.0,05,001297
125402,0,0,0,0,125402,0.0,05,001298
125426,0,0,0,0,125426,0.0,05,001299
125504,0,0,0,0,125504,0.0,05,001300
125504,0,0,0,0,125504,0.0,05,001301
125666,0,0,0,0,125666,0.0,05,001302
126019,0,0,0,0,126019,0.0,05,001303
126398,0,0,0,0,126398,0.0,05,001304
126696,0,0,0,0,126696,0.0,05,001305
126778,0,0,0,0,126778,0.0,05,001306
126888,0,0,0,0,126888,0.0,05,001307
126986,0,0,0,0,126986,0.0,05,001308
127060,0,0,0,0,127060,0.0,05,001309
126961,0,0,0,0,126961,0.0,05,001310
127021,0,0,0,0,127021,0.0,05,001311
127121,0,0,0,0,127121,0.0,05,001312
127059,0,0,0,0,127059,0.0,05,001313
127140,0,0,0,0,127140,0.0,05,001314
127084,0,0,0,0,127084,0.0,05,001315
127119,0,0,0,0,127119,0.0,05,001316
127004,0,0,0,0,127004,0.0,05,001317
126934,0,0,0,0,126934,0.0,05,001318
127032,0,0,0,0,127032,0.0,05,001319
126732,0,0,0,0,126732,0.0,05,001320
126363,0,0,0,0,126363,0.0,05,001321
126316,0,0,0,0,126316,0.0,05,001322
126148,0,0,0,0,126148,0.0,05,001323
126092,0,0,0,0,126092,0.0,05,001324
125984,0,0,0,0,125984,0.0,05,001325
125942,0,0,0,0,125942,0.0,05,001326
125991,0,0,0,0,125991,0.0,05,001327
126120,0,0,0,0,126120,0.0,05,001328
126149,0,0,0,0,126149,0.0,05,001329
126220,0,0,0,0,126220,0.0,05,001330
126145,0,0,0,0,126145,0.0,05,001331
126135,0,0,0,0,126135,0.0,05,001332
126006,0,0,0,0,126006,0.0,05,001333
126122,0,0,0,0,126122,0.0,05,001334
126111,0,0,0,0,126111,0.0,05,001335
125550,0,0,0,0,125550,0.0,05,001336
125406,0,0,0,0,125406,0.0,05,001337
124977,0,0,0,0,124977,0.0,05,001338
124803,0,0,0,0,124803,0.0,05,001339
123812,0,0,0,0,123812,0.0,05,001340
122850,0,0,0,0,122850,0.0,05,001341
122430,0,0,0,0,122430,0.0,05,001342
123352,0,0,0,0,123352,0.0,05,001343
124634,0,0,0,0,124634,0.0,05,001344
125324,0,0,0,0,125324,0.0,05,001345
125508,0,0,0,0,125508,0.0,05,001346
125406,0,0,0,0,125406,0.0,05,001347
125133,0,0,0,0,125133,0.0,05,001348
125039,0,0,0,0,125039,0.0,05,001349
125383,0,0,0,0,125383,0.0,05,001350
125628,0,0,0,0,125628,0.0,05,001351
125936,0,0,0,0,125936,0.0,05,001352
126048,0,0,0,0,126048,0.0,05,001353
126040,0,0,0,0,126040,0.0,05,001354
125935,0,0,0,0,125935,0.0,05,001355
125767,0,0,0,0,125767,0.0,05,001356
125145,0,0,0,0,125145,0.0,05,001357
124636,0,0,0,0,124636,0.0,05,001358
123968,0,0,0,0,123968,0.0,05,001359
124684,0,0,0,0,124684,0.0,05,001360
123656,0,0,0,0,123656,0.0,05,001361
123075,0,0,0,0,123075,0.0,05,001362
123632,0,0,0,0,123632,0.0,05,001363
124445,0,0,0,0,124445,0.0,05,001364
125118,0,0,0,0,125118,0.0,05,001365
125097,0,0,0,0,125097,0.0,05,001366
124676,0,0,0,0,124676,0.0,05,001367
124351,0,0,0,0,124351,0.0,05,001368
123644,0,0,0,0,123644,0.0,05,001369
122447,0,0,0,0,122447,0.0,05,001370
121335,0,0,0,0,121335,0.0,05,001371
120927,0,0,0,0,120927,0.0,05,001372
121296,0,0,0,0,121296,0.0,05,001373
119772,0,0,0,0,119772,0.0,05,001374
118070,0,0,0,0,118070,0.0,05,001375
117804,0,0,0,0,117804,0.0,05,001376
118065,0,0,0,0,118065,0.0,05,001377
118721,0,0,0,0,118721,0.0,05,001378
118576,0,0,0,0,118576,0.0,05,001379
118029,0,0,0,0,118029,0.0,05,001380
118458,0,0,0,0,118458,0.0,05,001381
119718,0,0,0,0,119718,0.0,05,001382
121341,0,0,0,0,121341,0.0,05,001383
122506,0,0,0,0,122506,0.0,05,001384
123462,0,0,0,0,123462,0.0,05,001385
123627,0,0,0,0,123627,0.0,05,001386
123808,0,0,0,0,123808,0.0,05,001387
123704,0,0,0,0,123704,0.0,05,001388
123824,0,0,0,0,123824,0.0,05,001389
123928,0,0,0,0,123928,0.0,05,001390
124011,0,0,0,0,124011,0.0,05,001391
123720,0,0,0,0,123720,0.0,05,001392
124381,0,0,0,0,124381,0.0,05,001393
124463,0,0,0,0,124463,0.0,05,001394
124851,0,0,0,0,124851,0.0,05,001395
125431,0,0,0,0,125431,0.0,05,001396
126018,0,0,0,0,126018,0.0,05,001397
126148,0,0,0,0,126148,0.0,05,001398
126233,0,0,0,0,126233,0.0,05,001399
126253,0,0,0,0,126253,0.0,05,001400
126118,0,0,0,0,126118,0.0,05,001401
125859,0,0,0,0,125859,0.0,05,001402
125786,0,0,0,0,125786,0.0,05,001403
125749,0,0,0,0,125749,0.0,05,001404
126022,0,0,0,0,126022,0.0,05,001405
125904,0,0,0,0,125904,0.0,05,001406
125576,0,0,0,0,125576,0.0,05,001407
125072,0,0,0,0,125072,0.0,05,001408
124997,0,0,0,0,124997,0.0,05,001409
125187,0,0,0,0,125187,0.0,05,001410
125366,0,0,0,0,125366,0.0,05,001411
125173,0,0,0,0,125173,0.0,05,001412
125044,0,0,0,0,125044,0.0,05,001413
124062,0,0,0,0,124062,0.0,05,001414
123204,0,0,0,0,123204,0.0,05,001415
123892,0,0,0,0,123892,0.0,05,001416
123735,0,0,0,0,123735,0.0,05,001417
124544,0,0,0,0,124544,0.0,05,001418
124976,0,0,0,0,124976,0.0,05,001419
124986,0,0,0,0,124986,0.0,05,001420
125169,0,0,0,0,125169,0.0,05,001421
125250,0,0,0,0,125250,0.0,05,001422
125394,0,0,0,0,125394,0.0,05,001423
125295,0,0,0,0,125295,0.0,05,001424
124992,0,0,0,0,124992,0.0,05,001425
124645,0,0,0,0,124645,0.0,05,001426
124740,0,0,0,0,124740,0.0,05,001427
124530,0,0,0,0,124530,0.0,05,001428
124655,0,0,0,0,124655,0.0,05,001429
124398,0,0,0,0,124398,0.0,05,001430
125269,0,0,0,0,125269,0.0,05,001431
125734,0,0,0,0,125734,0.0,05,001432
125976,0,0,0,0,125976,0.0,05,001433
125998,0,0,0,0,125998,0.0,05,001434
125966,0,0,0,0,125966,0.0,05,001435
126328,0,0,0,0,126328,0.0,05,001436
126692,0,0,0,0,126692,0.0,05,001437
126749,0,0,0,0,126749,0.0,05,001438
126448,0,0,0,0,126448,0.0,05,001439
126403,0,0,0,0,126403,0.0,05,001440
126256,0,0,0,0,126256,0.0,05,001441
126233,0,0,0,0,126233,0.0,05,001442
126256,0,0,0,0,126256,0.0,05,001443
126345,0,0,0,0,126345,0.0,05,001444
126433,0,0,0,0,126433,0.0,05,001445
126384,0,0,0,0,126384,0.0,05,001446
126327,0,0,0,0,126327,0.0,05,001447
126223,0,0,0,0,126223,0.0,05,001448
126273,0,0,0,0,126273,0.0,05,001449
126312,0,0,0,0,126312,0.0,05,001450
126387,0,0,0,0,126387,0.0,05,001451
126307,0,0,0,0,126307,0.0,05,001452
126281,0,0,0,0,126281,0.0,05,001453
126309,0,0,0,0,126309,0.0,05,001454
126293,0,0,0,0,126293,0.0,05,001455
126406,0,0,0,0,126406,0.0,05,001456
126488,0,0,0,0,126488,0.0,05,001457
126612,0,0,0,0,126612,0.0,05,001458
126679,0,0,0,0,126679,0.0,05,001459
126613,0,0,0,0,126613,0.0,05,001460
126576,0,0,0,0,126576,0.0,05,001461
126351,0,0,0,0,126351,0.0,05,001462
126295,0,0,0,0,126295,0.0,05,001463
126222,0,0,0,0,126222,0.0,05,001464
126225,0,0,0,0,126225,0.0,05,001465
126618,0,0,0,0,126618,0.0,05,001466
126633,0,0,0,0,126633,0.0,05,001467
126597,0,0,0,0,126597,0.0,05,001468
126431,0,0,0,0,126431,0.0,05,001469
126586,0,0,0,0,126586,0.0,05,001470
126650,0,0,0,0,126650,0.0,05,001471
126802,0,0,0,0,126802,0.0,05,001472
127005,0,0,0,0,127005,0.0,05,001473
127135,0,0,0,0,127135,0.0,05,001474
127228,0,0,0,0,127228,0.0,05,001475
127279,0,0,0,0,127279,0.0,05,001476
127157,0,0,0,0,127157,0.0,05,001477
127199,0,0,0,0,127199,0.0,05,001478
127186,0,0,0,0,127186,0.0,05,001479
127016,0,0,0,0,127016,0.0,05,001480
126894,0,0,0,0,126894,0.0,05,001481
126944,0,0,0,0,126944,0.0,05,001482
126966,0,0,0,0,126966,0.0,05,001483
127121,0,0,0,0,127121,0.0,05,001484
127117,0,0,0,0,127117,0.0,05,001485
127058,0,0,0,0,127058,0.0,05,001486
126981,0,0,0,0,126981,0.0,05,001487
126919,0,0,0,0,126919,0.0,05,001488
126851,0,0,0,0,126851,0.0,05,001489
126653,0,0,0,0,126653,0.0,05,001490
126524,0,0,0,0,126524,0.0,05,001491
126338,0,0,0,0,126338,0.0,05,001492
126275,0,0,0,0,126275,0.0,05,001493
126059,0,0,0,0,126059,0.0,05,001494
126085,0,0,0,0,126085,0.0,05,001495
126065,0,0,0,0,126065,0.0,05,001496
126147,0,0,0,0,126147,0.0,05,001497
125562,0,0,0,0,125562,0.0,05,001498
125437,0,0,0,0,125437,0.0,05,001499
125009,0,0,0,0,125009,0.0,05,001500
124812,0,0,0,0,124812,0.0,05,001501
125029,0,0,0,0,125029,0.0,05,001502
125575,0,0,0,0,125575,0.0,05,001503
124458,0,0,0,0,124458,0.0,05,001504
124092,0,0,0,0,124092,0.0,05,001505
124706,0,0,0,0,124706,0.0,05,001506
125223,0,0,0,0,125223,0.0,05,001507
125629,0,0,0,0,125629,0.0,05,001508
126094,0,0,0,0,126094,0.0,05,001509
126281,0,0,0,0,126281,0.0,05,001510
126569,0,0,0,0,126569,0.0,05,001511
126646,0,0,0,0,126646,0.0,05,001512
126614,0,0,0,0,126614,0.0,05,001513
126649,0,0,0,0,126649,0.0,05,001514
126834,0,0,0,0,126834,0.0,05,001515
126858,0,0,0,0,126858,0.0,05,001516
126934,0,0,0,0,126934,0.0,05,001517
126862,0,0,0,0,126862,0.0,05,001518
126953,0,0,0,0,126953,0.0,05,001519
127029,0,0,0,0,127029,0.0,05,001520
127043,0,0,0,0,127043,0.0,05,001521
127099,0,0,0,0,127099,0.0,05,001522
127146,0,0,0,0,127146,0.0,05,001523
127195,0,0,0,0,127195,0.0,05,001524
127192,0,0,0,0,127192,0.0,05,001525
127223,0,0,0,0,127223,0.0,05,001526
127318,0,0,0,0,127318,0.0,05,001527
127300,0,0,0,0,127300,0.0,05,001528
127183,0,0,0,0,127183,0.0,05,001529
127233,0,0,0,0,127233,0.0,05,001530
127084,0,0,0,0,127084,0.0,05,001531
127110,0,0,0,0,127110,0.0,05,001532
126997,0,0,0,0,126997,0.0,05,001533
126957,0,0,0,0,126957,0.0,05,001534
126980,0,0,0,0,126980,0.0,05,001535
126937,0,0,0,0,126937,0.0,05,001536
126830,0,0,0,0,126830,0.0,05,001537
126842,0,0,0,0,126842,0.0,05,001538
126812,0,0,0,0,126812,0.0,05,001539
126707,0,0,0,0,126707,0.0,05,001540
126597,0,0,0,0,126597,0.0,05,001541
126427,0,0,0,0,126427,0.0,05,001542
126317,0,0,0,0,126317,0.0,05,001543
126226,0,0,0,0,126226,0.0,05,001544
126043,0,0,0,0,126043,0.0,05,001545
125999,0,0,0,0,125999,0.0,05,001546
125912,0,0,0,0,125912,0.0,05,001547
125917,0,0,0,0,125917,0.0,05,001548
125939,0,0,0,0,125939,0.0,05,001549
125898,0,0,0,0,125898,0.0,05,001550
125906,0,0,0,0,125906,0.0,05,001551
125835,0,0,0,0,125835,0.0,05,001552
125897,0,0,0,0,125897,0.0,05,001553
125836,0,0,0,0,125836,0.0,05,001554
125860,0,0,0,0,125860,0.0,05,001555
125914,0,0,0,0,125914,0.0,05,001556
125859,0,0,0,0,125859,0.0,05,001557
125905,0,0,0,0,125905,0.0,05,001558
125881,0,0,0,0,125881,0.0,05,001559
125907,0,0,0,0,125907,0.0,05,001560
125886,0,0,0,0,125886,0.0,05,001561
125943,0,0,0,0,125943,0.0,05,001562
125975,0,0,0,0,125975,0.0,05,001563
126107,0,0,0,0,126107,0.0,05,001564
126003,0,0,0,0,126003,0.0,05,001565
125995,0,0,0,0,125995,0.0,05,001566
126040,0,0,0,0,126040,0.0,05,001567
126146,0,0,0,0,126146,0.0,05,001568
126311,0,0,0,0,126311,0.0,05,001569
126047,0,0,0,0,126047,0.0,05,001570
126016,0,0,0,0,126016,0.0,05,001571
126191,0,0,0,0,126191,0.0,05,001572
126385,0,0,0,0,126385,0.0,05,001573
126592,0,0,0,0,126592,0.0,05,001574
126626,0,0,0,0,126626,0.0,05,001575
126603,0,0,0,0,126603,0.0,05,001576
126708,0,0,0,0,126708,0.0,05,001577
126697,0,0,0,0,126697,0.0,05,001578
126636,0,0,0,0,126636,0.0,05,001579
126603,0,0,0,0,126603,0.0,05,001580
126656,0,0,0,0,126656,0.0,05,001581
126619,0,0,0,0,126619,0.0,05,001582
126569,0,0,0,0,126569,0.0,05,001583
126432,0,0,0,0,126432,0.0,05,001584
126667,0,0,0,0,126667,0.0,05,001585
126835,0,0,0,0,126835,0.0,05,001586
126992,0,0,0,0,126992,0.0,05,001587
127002,0,0,0,0,127002,0.0,05,001588
127057,0,0,0,0,127057,0.0,05,001589
127021,0,0,0,0,127021,0.0,05,001590
127079,0,0,0,0,127079,0.0,05,001591
126995,0,0,0,0,126995,0.0,05,001592
127020,0,0,0,0,127020,0.0,05,001593
127065,0,0,0,0,127065,0.0,05,001594
126942,0,0,0,0,126942,0.0,05,001595
126755,0,0,0,0,126755,0.0,05,001596
126555,0,0,0,0,126555,0.0,05,001597
126156,0,0,0,0,126156,0.0,05,001598
125971,0,0,0,0,125971,0.0,05,001599
125692,0,0,0,0,125692,0.0,05,001600
125874,0,0,0,0,125874,0.0,05,001601
126109,0,0,0,0,126109,0.0,05,001602
126417,0,0,0,0,126417,0.0,05,001603
126506,0,0,0,0,126506,0.0,05,001604
126256,0,0,0,0,126256,0.0,05,001605
125926,0,0,0,0,125926,0.0,05,001606
125741,0,0,0,0,125741,0.0,05,001607
125712,0,0,0,0,125712,0.0,05,001608
125789,0,0,0,0,125789,0.0,05,001609
125886,0,0,0,0,125886,0.0,05,001610
126228,0,0,0,0,126228,0.0,05,001611
126296,0,0,0,0,126296,0.0,05,001612
126591,0,0,0,0,126591,0.0,05,001613
126883,0,0,0,0,126883,0.0,05,001614
126886,0,0,0,0,126886,0.0,05,001615
126885,0,0,0,0,126885,0.0,05,001616
126641,0,0,0,0,126641,0.0,05,001617
126365,0,0,0,0,126365,0.0,05,001618
126316,0,0,0,0,126316,0.0,05,001619
126339,0,0,0,0,126339,0.0,05,001620
126290,0,0,0,0,126290,0.0,05,001621
126486,0,0,0,0,126486,0.0,05,001622
126617,0,0,0,0,126617,0.0,05,001623
126423,0,0,0,0,126423,0.0,05,001624
126219,0,0,0,0,126219,0.0,05,001625
126003,0,0,0,0,126003,0.0,05,001626
125858,0,0,0,0,125858,0.0,05,001627
125713,0,0,0,0,125713,0.0,05,001628
125521,0,0,0,0,125521,0.0,05,001629
125539,0,0,0,0,125539,0.0,05,001630
125485,0,0,0,0,125485,0.0,05,001631
125479,0,0,0,0,125479,0.0,05,001632
125632,0,0,0,0,125632,0.0,05,001633
126047,0,0,0,0,126047,0.0,05,001634
126301,0,0,0,0,126301,0.0,05,001635
126492,0,0,0,0,126492,0.0,05,001636
126582,0,0,0,0,126582,0.0,05,001637
126494,0,0,0,0,126494,0.0,05,001638
126249,0,0,0,0,126249,0.0,05,001639
126016,0,0,0,0,126016,0.0,05,001640
126397,0,0,0,0,126397,0.0,05,001641
126274,0,0,0,0,126274,0.0,05,001642
125844,0,0,0,0,125844,0.0,05,001643
125824,0,0,0,0,125824,0.0,05,001644
125760,0,0,0,0,125760,0.0,05,001645
125662,0,0,0,0,125662,0.0,05,001646
125900,0,0,0,0,125900,0.0,05,001647
126368,0,0,0,0,126368,0.0,05,001648
126395,0,0,0,0,126395,0.0,05,001649
126317,0,0,0,0,126317,0.0,05,001650
126317,0,0,0,0,126317,0.0,05,001651
126286,0,0,0,0,126286,0.0,05,001652
126528,0,0,0,0,126528,0.0,05,001653
126698,0,0,0,0,126698,0.0,05,001654
127089,0,0,0,0,127089,0.0,05,001655
127280,0,0,0,0,127280,0.0,05,001656
127289,0,0,0,0,127289,0.0,05,001657
127223,0,0,0,0,127223,0.0,05,001658
127309,0,0,0,0,127309,0.0,05,001659
127227,0,0,0,0,127227,0.0,05,001660
127326,0,0,0,0,127326,0.0,05,001661
127467,0,0,0,0,127467,0.0,05,001662
127428,0,0,0,0,127428,0.0,05,001663
127386,0,0,0,0,127386,0.0,05,001664
127296,0,0,0,0,127296,0.0,05,001665
127341,0,0,0,0,127341,0.0,05,001666
127502,0,0,0,0,127502,0.0,05,001667
127700,0,0,0,0,127700,0.0,05,001668
127853,0,0,0,0,127853,0.0,05,001669
127592,0,0,0,0,127592,0.0,05,001670
127640,0,0,0,0,127640,0.0,05,001671
127530,0,0,0,0,127530,0.0,05,001672
127410,0,0,0,0,127410,0.0,05,001673
127410,0,0,0,0,127410,0.0,05,001674
127420,0,0,0,0,127420,0.0,05,001675
127544,0,0,0,0,127544,0.0,05,001676
127495,0,0,0,0,127495,0.0,05,001677
127573,0,0,0,0,127573,0.0,05,001678
127588,0,0,0,0,127588,0.0,05,001679
127527,0,0,0,0,127527,0.0,05,001680
127565,0,0,0,0,127565,0.0,05,001681
127591,0,0,0,0,127591,0.0,05,001682
127561,0,0,0,0,127561,0.0,05,001683
127423,0,0,0,0,127423,0.0,05,001684
127305,0,0,0,0,127305,0.0,05,001685
127224,0,0,0,0,127224,0.0,05,001686
127292,0,0,0,0,127292,0.0,05,001687
127299,0,0,0,0,127299,0.0,05,001688
127214,0,0,0,0,127214,0.0,05,001689
127164,0,0,0,0,127164,0.0,05,001690
127075,0,0,0,0,127075,0.0,05,001691
127162,0,0,0,0,127162,0.0,05,001692
127217,0,0,0,0,127217,0.0,05,001693
127387,0,0,0,0,127387,0.0,05,001694
127311,0,0,0,0,127311,0.0,05,001695
127291,0,0,0,0,127291,0.0,05,001696
127344,0,0,0,0,127344,0.0,05,001697
127235,0,0,0,0,127235,0.0,05,001698
127121,0,0,0,0,127121,0.0,05,001699
126949,0,0,0,0,126949,0.0,05,001700
127128,0,0,0,0,127128,0.0,05,001701
126875,0,0,0,0,126875,0.0,05,001702
126914,0,0,0,0,126914,0.0,05,001703
126948,0,0,0,0,126948,0.0,05,001704
126920,0,0,0,0,126920,0.0,05,001705
126929,0,0,0,0,126929,0.0,05,001706
126972,0,0,0,0,126972,0.0,05,001707
126968,0,0,0,0,126968,0.0,05,001708
126877,0,0,0,0,126877,0.0,05,001709
126972,0,0,0,0,126972,0.0,05,001710
126996,0,0,0,0,126996,0.0,05,001711
126936,0,0,0,0,126936,0.0,05,001712
126996,0,0,0,0,126996,0.0,05,001713
126699,0,0,0,0,126699,0.0,05,001714
126422,0,0,0,0,126422,0.0,05,001715
126131,0,0,0,0,126131,0.0,05,001716
125781,0,0,0,0,125781,0.0,05,001717
125616,0,0,0,0,125616,0.0,05,001718
125355,0,0,0,0,125355,0.0,05,001719
125342,0,0,0,0,125342,0.0,05,001720
124960,0,0,0,0,124960,0.0,05,001721
124470,0,0,0,0,124470,0.0,05,001722
124258,0,0,0,0,124258,0.0,05,001723
124261,0,0,0,0,124261,0.0,05,001724
124592,0,0,0,0,124592,0.0,05,001725
124463,0,0,0,0,124463,0.0,05,001726
124444,0,0,0,0,124444,0.0,05,001727
124322,0,0,0,0,124322,0.0,05,001728
123998,0,0,0,0,123998,0.0,05,001729
123679,0,0,0,0,123679,0.0,05,001730
124217,0,0,0,0,124217,0.0,05,001731
124684,0,0,0,0,124684,0.0,05,001732
124923,0,0,0,0,124923,0.0,05,001733
125194,0,0,0,0,125194,0.0,05,001734
125520,0,0,0,0,125520,0.0,05,001735
125476,0,0,0,0,125476,0.0,05,001736
125486,0,0,0,0,125486,0.0,05,001737
125453,0,0,0,0,125453,0.0,05,001738
125472,0,0,0,0,125472,0.0,05,001739
125416,0,0,0,0,125416,0.0,05,001740
125571,0,0,0,0,125571,0.0,05,001741
125612,0,0,0,0,125612,0.0,05,001742
125498,0,0,0,0,125498,0.0,05,001743
125215,0,0,0,0,125215,0.0,05,001744
124652,0,0,0,0,124652,0.0,05,001745
123864,0,0,0,0,123864,0.0,05,001746
122277,0,0,0,0,122277,0.0,05,001747
120298,0,0,0,0,120298,0.0,05,001748
118653,0,0,0,0,118653,0.0,05,001749
118121,0,0,0,0,118121,0.0,05,001750
118036,0,0,0,0,118036,0.0,05,001751
118680,0,0,0,0,118680,0.0,05,001752
118350,0,0,0,0,118350,0.0,05,001753
119082,0,0,0,0,119082,0.0,05,001754
119975,0,0,0,0,119975,0.0,05,001755
120653,0,0,0,0,120653,0.0,05,001756
121387,0,0,0,0,121387,0.0,05,001757
121186,0,0,0,0,121186,0.0,05,001758
120914,0,0,0,0,120914,0.0,05,001759
121162,0,0,0,0,121162,0.0,05,001760
121384,0,0,0,0,121384,0.0,05,001761
121480,0,0,0,0,121480,0.0,05,001762
122491,0,0,0,0,122491,0.0,05,001763
123351,0,0,0,0,123351,0.0,05,001764
124036,0,0,0,0,124036,0.0,05,001765
124762,0,0,0,0,124762,0.0,05,001766
125266,0,0,0,0,125266,0.0,05,001767
125658,0,0,0,0,125658,0.0,05,001768
125748,0,0,0,0,125748,0.0,05,001769
125972,0,0,0,0,125972,0.0,05,001770
126064,0,0,0,0,126064,0.0,05,001771
126065,0,0,0,0,126065,0.0,05,001772
125999,0,0,0,0,125999,0.0,05,001773
125994,0,0,0,0,125994,0.0,05,001774
126236,0,0,0,0,126236,0.0,05,001775
126430,0,0,0,0,126430,0.0,05,001776
126519,0,0,0,0,126519,0.0,05,001777
126417,0,0,0,0,126417,0.0,05,001778
126275,0,0,0,0,126275,0.0,05,001779
126285,0,0,0,0,126285,0.0,05,001780
125963,0,0,0,0,125963,0.0,05,001781
126123,0,0,0,0,126123,0.0,05,001782
126348,0,0,0,0,126348,0.0,05,001783
126418,0,0,0,0,126418,0.0,05,001784
126002,0,0,0,0,126002,0.0,05,001785
126048,0,0,0,0,126048,0.0,05,001786
126063,0,0,0,0,126063,0.0,05,001787
126235,0,0,0,0,126235,0.0,05,001788
126500,0,0,0,0,126500,0.0,05,001789
126677,0,0,0,0,126677,0.0,05,001790
126752,0,0,0,0,126752,0.0,05,001791
126651,0,0,0,0,126651,0.0,05,001792
126930,0,0,0,0,126930,0.0,05,001793
126945,0,0,0,0,126945,0.0,05,001794
127215,0,0,0,0,127215,0.0,05,001795
127317,0,0,0,0,127317,0.0,05,001796
127498,0,0,0,0,127498,0.0,05,001797
127520,0,0,0,0,127520,0.0,05,001798
127552,0,0,0,0,127552,0.0,05,001799
127561,0,0,0,0,127561,0.0,05,001800
127547,0,0,0,0,127547,0.0,05,001801
127595,0,0,0,0,127595,0.0,05,001802
127758,0,0,0,0,127758,0.0,05,001803
127719,0,0,0,0,127719,0.0,05,001804
127720,0,0,0,0,127720,0.0,05,001805
127644,0,0,0,0,127644,0.0,05,001806
127653,0,0,0,0,127653,0.0,05,001807
127611,0,0,0,0,127611,0.0,05,001808
127590,0,0,0,0,127590,0.0,05,001809
127563,0,0,0,0,127563,0.0,05,001810
127397,0,0,0,0,127397,0.0,05,001811
127515,0,0,0,0,127515,0.0,05,001812
127559,0,0,0,0,127559,0.0,05,001813
127537,0,0,0,0,127537,0.0,05,001814
127532,0,0,0,0,127532,0.0,05,001815
127418,0,0,0,0,127418,0.0,05,001816
127550,0,0,0,0,127550,0.0,05,001817
127654,0,0,0,0,127654,0.0,05,001818
127560,0,0,0,0,127560,0.0,05,001819
127327,0,0,0,0,127327,0.0,05,001820
127119,0,0,0,0,127119,0.0,05,001821
127057,0,0,0,0,127057,0.0,05,001822
126848,0,0,0,0,126848,0.0,05,001823
126460,0,0,0,0,126460,0.0,05,001824
126192,0,0,0,0,126192,0.0,05,001825
126016,0,0,0,0,126016,0.0,05,001826
125717,0,0,0,0,125717,0.0,05,001827
125648,0,0,0,0,125648,0.0,05,001828
125573,0,0,0,0,125573,0.0,05,001829
125476,0,0,0,0,125476,0.0,05,001830
125342,0,0,0,0,125342,0.0,05,001831
125207,0,0,0,0,125207,0.0,05,001832
125172,0,0,0,0,125172,0.0,05,001833
125313,0,0,0,0,125313,0.0,05,001834
125442,0,0,0,0,125442,0.0,05,001835
125429,0,0,0,0,125429,0.0,05,001836
125393,0,0,0,0,125393,0.0,05,001837
125177,0,0,0,0,125177,0.0,05,001838
125305,0,0,0,0,125305,0.0,05,001839
125264,0,0,0,0,125264,0.0,05,001840
125316,0,0,0,0,125316,0.0,05,001841
125375,0,0,0,0,125375,0.0,05,001842
125280,0,0,0,0,125280,0.0,05,001843
125221,0,0,0,0,125221,0.0,05,001844
125152,0,0,0,0,125152,0.0,05,001845
124998,0,0,0,0,124998,0.0,05,001846
124730,0,0,0,0,124730,0.0,05,001847
124745,0,0,0,0,124745,0.0,05,001848
124634,0,0,0,0,124634,0.0,05,001849
124661,0,0,0,0,124661,0.0,05,001850
124775,0,0,0,0,124775,0.0,05,001851
124804,0,0,0,0,124804,0.0,05,001852
124559,0,0,0,0,124559,0.0,05,001853
123978,0,0,0,0,123978,0.0,05,001854
123116,0,0,0,0,123116,0.0,05,001855
121748,0,0,0,0,121748,0.0,05,001856
120700,0,0,0,0,120700,0.0,05,001857
119823,0,0,0,0,119823,0.0,05,001858
118417,0,0,0,0,118417,0.0,05,001859
115928,0,0,0,0,115928,0.0,05,001860
115156,0,0,0,0,115156,0.0,05,001861
116631,0,0,0,0,116631,0.0,05,001862
117814,0,0,0,0,117814,0.0,05,001863
118614,0,0,0,0,118614,0.0,05,001864
119600,0,0,0,0,119600,0.0,05,001865
120971,0,0,0,0,120971,0.0,05,001866
122486,0,0,0,0,122486,0.0,05,001867
122978,0,0,0,0,122978,0.0,05,001868
123699,0,0,0,0,123699,0.0,05,001869
124236,0,0,0,0,124236,0.0,05,001870
124297,0,0,0,0,124297,0.0,05,001871
123993,0,0,0,0,123993,0.0,05,001872
124164,0,0,0,0,124164,0.0,05,001873
123607,0,0,0,0,123607,0.0,05,001874
123066,0,0,0,0,123066,0.0,05,001875
122462,0,0,0,0,122462,0.0,05,001876
122230,0,0,0,0,122230,0.0,05,001877
121906,0,0,0,0,121906,0.0,05,001878
122537,0,0,0,0,122537,0.0,05,001879
123119,0,0,0,0,123119,0.0,05,001880
123641,0,0,0,0,123641,0.0,05,001881
124656,0,0,0,0,124656,0.0,05,001882
125434,0,0,0,0,125434,0.0,05,001883
125586,0,0,0,0,125586,0.0,05,001884
125594,0,0,0,0,125594,0.0,05,001885
125753,0,0,0,0,125753,0.0,05,001886
125738,0,0,0,0,125738,0.0,05,001887
125991,0,0,0,0,125991,0.0,05,001888
126284,0,0,0,0,126284,0.0,05,001889
126511,0,0,0,0,126511,0.0,05,001890
126756,0,0,0,0,126756,0.0,05,001891
127003,0,0,0,0,127003,0.0,05,001892
126924,0,0,0,0,126924,0.0,05,001893
127054,0,0,0,0,127054,0.0,05,001894
127107,0,0,0,0,127107,0.0,05,001895
127057,0,0,0,0,127057,0.0,05,001896
127109,0,0,0,0,127109,0.0,05,001897
127059,0,0,0,0,127059,0.0,05,001898
127197,0,0,0,0,127197,0.0,05,001899
127181,0,0,0,0,127181,0.0,05,001900
127146,0,0,0,0,127146,0.0,05,001901
126988,0,0,0,0,126988,0.0,05,001902
127084,0,0,0,0,127084,0.0,05,001903
127111,0,0,0,0,127111,0.0,05,001904
127004,0,0,0,0,127004,0.0,05,001905
126979,0,0,0,0,126979,0.0,05,001906
126874,0,0,0,0,126874,0.0,05,001907
126830,0,0,0,0,126830,0.0,05,001908
126810,0,0,0,0,126810,0.0,05,001909
126784,0,0,0,0,126784,0.0,05,001910
126709,0,0,0,0,126709,0.0,05,001911
126549,0,0,0,0,126549,0.0,05,001912
126620,0,0,0,0,126620,0.0,05,001913
126406,0,0,0,0,126406,0.0,05,001914
126256,0,0,0,0,126256,0.0,05,001915
125889,0,0,0,0,125889,0.0,05,001916
125824,0,0,0,0,125824,0.0,05,001917
125509,0,0,0,0,125509,0.0,05,001918
125058,0,0,0,0,125058,0.0,05,001919
124682,0,0,0,0,124682,0.0,05,001920
124231,0,0,0,0,124231,0.0,05,001921
123615,0,0,0,0,123615,0.0,05,001922
122547,0,0,0,0,122547,0.0,05,001923
121748,0,0,0,0,121748,0.0,05,001924
121911,0,0,0,0,121911,0.0,05,001925
120874,0,0,0,0,120874,0.0,05,001926
120707,0,0,0,0,120707,0.0,05,001927
121904,0,0,0,0,121904,0.0,05,001928
121978,0,0,0,0,121978,0.0,05,001929
121725,0,0,0,0,121725,0.0,05,001930
120966,0,0,0,0,120966,0.0,05,001931
119366,0,0,0,0,119366,0.0,05,001932
117261,0,0,0,0,117261,0.0,05,001933
114803,0,0,0,0,114803,0.0,05,001934
113185,0,0,0,0,113185,0.0,05,001935
112804,0,0,0,0,112804,0.0,05,001936
111603,0,0,0,0,111603,0.0,05,001937
110535,0,0,0,0,110535,0.0,05,001938
109766,0,0,0,0,109766,0.0,05,001939
111173,0,0,0,0,111173,0.0,05,001940
112885,0,0,0,0,112885,0.0,05,001941
113900,0,0,0,0,113900,0.0,05,001942
113875,0,0,0,0,113875,0.0,05,001943
113662,0,0,0,0,113662,0.0,05,001944
113626,0,0,0,0,113626,0.0,05,001945
114082,0,0,0,0,114082,0.0,05,001946
115252,0,0,0,0,115252,0.0,05,001947
116784,0,0,0,0,116784,0.0,05,001948
117090,0,0,0,0,117090,0.0,05,001949
117019,0,0,0,0,117019,0.0,05,001950
117936,0,0,0,0,117936,0.0,05,001951
118314,0,0,0,0,118314,0.0,05,001952
118398,0,0,0,0,118398,0.0,05,001953
117763,0,0,0,0,117763,0.0,05,001954
118385,0,0,0,0,118385,0.0,05,001955
119556,0,0,0,0,119556,0.0,05,001956
120736,0,0,0,0,120736,0.0,05,001957
121574,0,0,0,0,121574,0.0,05,001958
121467,0,0,0,0,121467,0.0,05,001959
121448,0,0,0,0,121448,0.0,05,001960
121029,0,0,0,0,121029,0.0,05,001961
119677,0,0,0,0,119677,0.0,05,001962
119339,0,0,0,0,119339,0.0,05,001963
118868,0,0,0,0,118868,0.0,05,001964
119241,0,0,0,0,119241,0.0,05,001965
119966,0,0,0,0,119966,0.0,05,001966
120096,0,0,0,0,120096,0.0,05,001967
120062,0,0,0,0,120062,0.0,05,001968
119884,0,0,0,0,119884,0.0,05,001969
120182,0,0,0,0,120182,0.0,05,001970
119767,0,0,0,0,119767,0.0,05,001971
119120,0,0,0,0,119120,0.0,05,001972
117734,0,0,0,0,117734,0.0,05,001973
117093,0,0,0,0,117093,0.0,05,001974
117147,0,0,0,0,117147,0.0,05,001975
116995,0,0,0,0,116995,0.0,05,001976
116962,0,0,0,0,116962,0.0,05,001977
117618,0,0,0,0,117618,0.0,05,001978
119133,0,0,0,0,119133,0.0,05,001979
120480,0,0,0,0,120480,0.0,05,001980
120396,0,0,0,0,120396,0.0,05,001981
120162,0,0,0,0,120162,0.0,05,001982
120403,0,0,0,0,120403,0.0,05,001983
120860,0,0,0,0,120860,0.0,05,001984
121023,0,0,0,0,121023,0.0,05,001985
120543,0,0,0,0,120543,0.0,05,001986
120258,0,0,0,0,120258,0.0,05,001987
120509,0,0,0,0,120509,0.0,05,001988
120018,0,0,0,0,120018,0.0,05,001989
120693,0,0,0,0,120693,0.0,05,001990
120689,0,0,0,0,120689,0.0,05,001991
120670,0,0,0,0,120670,0.0,05,001992
121780,0,0,0,0,121780,0.0,05,001993
122741,0,0,0,0,122741,0.0,05,001994
123576,0,0,0,0,123576,0.0,05,001995
124012,0,0,0,0,124012,0.0,05,001996
124369,0,0,0,0,124369,0.0,05,001997
124556,0,0,0,0,124556,0.0,05,001998
124633,0,0,0,0,124633,0.0,05,001999
124751,0,0,0,0,124751,0.0,05,002000
124843,0,0,0,0,124843,0.0,05,002001
124908,0,0,0,0,124908,0.0,05,002002
125195,0,0,0,0,125195,0.0,05,002003
125326,0,0,0,0,125326,0.0,05,002004
125447,0,0,0,0,125447,0.0,05,002005
125504,0,0,0,0,125504,0.0,05,002006
125649,0,0,0,0,125649,0.0,05,002007
126017,0,0,0,0,126017,0.0,05,002008
126085,0,0,0,0,126085,0.0,05,002009
126523,0,0,0,0,126523,0.0,05,002010
126583,0,0,0,0,126583,0.0,05,002011
126570,0,0,0,0,126570,0.0,05,002012
126613,0,0,0,0,126613,0.0,05,002013
126197,0,0,0,0,126197,0.0,05,002014
125865,0,0,0,0,125865,0.0,05,002015
125628,0,0,0,0,125628,0.0,05,002016
125179,0,0,0,0,125179,0.0,05,002017
124955,0,0,0,0,124955,0.0,05,002018
124231,0,0,0,0,124231,0.0,05,002019
123255,0,0,0,0,123255,0.0,05,002020
122703,0,0,0,0,122703,0.0,05,002021
121807,0,0,0,0,121807,0.0,05,002022
121245,0,0,0,0,121245,0.0,05,002023
121746,0,0,0,0,121746,0.0,05,002024
121535,0,0,0,0,121535,0.0,05,002025
121142,0,0,0,0,121142,0.0,05,002026
120836,0,0,0,0,120836,0.0,05,002027
121218,0,0,0,0,121218,0.0,05,002028
121583,0,0,0,0,121583,0.0,05,002029
121639,0,0,0,0,121639,0.0,05,002030
122014,0,0,0,0,122014,0.0,05,002031
122740,0,0,0,0,122740,0.0,05,002032
123562,0,0,0,0,123562,0.0,05,002033
124454,0,0,0,0,124454,0.0,05,002034
124817,0,0,0,0,124817,0.0,05,002035
125020,0,0,0,0,125020,0.0,05,002036
125191,0,0,0,0,125191,0.0,05,002037
125427,0,0,0,0,125427,0.0,05,002038
125529,0,0,0,0,125529,0.0,05,002039
125547,0,0,0,0,125547,0.0,05,002040
125561,0,0,0,0,125561,0.0,05,002041
125703,0,0,0,0,125703,0.0,05,002042
125774,0,0,0,0,125774,0.0,05,002043
125634,0,0,0,0,125634,0.0,05,002044
125723,0,0,0,0,125723,0.0,05,002045
125750,0,0,0,0,125750,0.0,05,002046
125816,0,0,0,0,125816,0.0,05,002047
125964,0,0,0,0,125964,0.0,05,002048
126037,0,0,0,0,126037,0.0,05,002049
126120,0,0,0,0,126120,0.0,05,002050
126079,0,0,0,0,126079,0.0,05,002051
126050,0,0,0,0,126050,0.0,05,002052
125875,0,0,0,0,125875,0.0,05,002053
125951,0,0,0,0,125951,0.0,05,002054
125844,0,0,0,0,125844,0.0,05,002055
125780,0,0,0,0,125780,0.0,05,002056
125712,0,0,0,0,125712,0.0,05,002057
125659,0,0,0,0,125659,0.0,05,002058
125717,0,0,0,0,125717,0.0,05,002059
125601,0,0,0,0,125601,0.0,05,002060
125636,0,0,0,0,125636,0.0,05,002061
125715,0,0,0,0,125715,0.0,05,002062
125658,0,0,0,0,125658,0.0,05,002063
125684,0,0,0,0,125684,0.0,05,002064
125660,0,0,0,0,125660,0.0,05,002065
125704,0,0,0,0,125704,0.0,05,002066
125572,0,0,0,0,125572,0.0,05,002067
125574,0,0,0,0,125574,0.0,05,002068
125520,0,0,0,0,125520,0.0,05,002069
125538,0,0,0,0,125538,0.0,05,002070
125631,0,0,0,0,125631,0.0,05,002071
125688,0,0,0,0,125688,0.0,05,002072
125783,0,0,0,0,125783,0.0,05,002073
125717,0,0,0,0,125717,0.0,05,002074
125707,0,0,0,0,125707,0.0,05,002075
125783,0,0,0,0,125783,0.0,05,002076
125737,0,0,0,0,125737,0.0,05,002077
125778,0,0,0,0,125778,0.0,05,002078
125578,0,0,0,0,125578,0.0,05,002079
125553,0,0,0,0,125553,0.0,05,002080
125663,0,0,0,0,125663,0.0,05,002081
125674,0,0,0,0,125674,0.0,05,002082
125731,0,0,0,0,125731,0.0,05,002083
125695,0,0,0,0,125695,0.0,05,002084
125699,0,0,0,0,125699,0.0,05,002085
125748,0,0,0,0,125748,0.0,05,002086
125662,0,0,0,0,125662,0.0,05,002087
125340,0,0,0,0,125340,0.0,05,002088
125361,0,0,0,0,125361,0.0,05,002089
125433,0,0,0,0,125433,0.0,05,002090
125433,0,0,0,0,125433,0.0,05,002091
125443,0,0,0,0,125443,0.0,05,002092
125408,0,0,0,0,125408,0.0,05,002093
125412,0,0,0,0,125412,0.0,05,002094
125474,0,0,0,0,125474,0.0,05,002095
125546,0,0,0,0,125546,0.0,05,002096
125474,0,0,0,0,125474,0.0,05,002097
125399,0,0,0,0,125399,0.0,05,002098
125402,0,0,0,0,125402,0.0,05,002099
125513,0,0,0,0,125513,0.0,05,002100
125564,0,0,0,0,125564,0.0,05,002101
125582,0,0,0,0,125582,0.0,05,002102
125675,0,0,0,0,125675,0.0,05,002103
125662,0,0,0,0,125662,0.0,05,002104
125622,0,0,0,0,125622,0.0,05,002105
125761,0,0,0,0,125761,0.0,05,002106
125721,0,0,0,0,125721,0.0,05,002107
125847,0,0,0,0,125847,0.0,05,002108
125981,0,0,0,0,125981,0.0,05,002109
126104,0,0,0,0,126104,0.0,05,002110
126121,0,0,0,0,126121,0.0,05,002111
126171,0,0,0,0,126171,0.0,05,002112
126100,0,0,0,0,126100,0.0,05,002113
126354,0,0,0,0,126354,0.0,05,002114
126487,0,0,0,0,126487,0.0,05,002115
126751,0,0,0,0,126751,0.0,05,002116
126798,0,0,0,0,126798,0.0,05,002117
126936,0,0,0,0,126936,0.0,05,002118
127103,0,0,0,0,127103,0.0,05,002119
127256,0,0,0,0,127256,0.0,05,002120
127135,0,0,0,0,127135,0.0,05,002121
127197,0,0,0,0,127197,0.0,05,002122
126934,0,0,0,0,126934,0.0,05,002123
126996,0,0,0,0,126996,0.0,05,002124
127189,0,0,0,0,127189,0.0,05,002125
127313,0,0,0,0,127313,0.0,05,002126
127577,0,0,0,0,127577,0.0,05,002127
127763,0,0,0,0,127763,0.0,05,002128
127812,0,0,0,0,127812,0.0,05,002129
127753,0,0,0,0,127753,0.0,05,002130
127715,0,0,0,0,127715,0.0,05,002131
127640,0,0,0,0,127640,0.0,05,002132
127715,0,0,0,0,127715,0.0,05,002133
127683,0,0,0,0,127683,0.0,05,002134
127786,0,0,0,0,127786,0.0,05,002135
127764,0,0,0,0,127764,0.0,05,002136
127592,0,0,0,0,127592,0.0,05,002137
127540,0,0,0,0,127540,0.0,05,002138
127533,0,0,0,0,127533,0.0,05,002139
127522,0,0,0,0,127522,0.0,05,002140
127554,0,0,0,0,127554,0.0,05,002141
127536,0,0,0,0,127536,0.0,05,002142
127626,0,0,0,0,127626,0.0,05,002143
127542,0,0,0,0,127542,0.0,05,002144
127482,0,0,0,0,127482,0.0,05,002145
127506,0,0,0,0,127506,0.0,05,002146
127363,0,0,0,0,127363,0.0,05,002147
127552,0,0,0,0,127552,0.0,05,002148
127426,0,0,0,0,127426,0.0,05,002149
127445,0,0,0,0,127445,0.0,05,002150
127255,0,0,0,0,127255,0.0,05,002151
127152,0,0,0,0,127152,0.0,05,002152
127199,0,0,0,0,127199,0.0,05,002153
127211,0,0,0,0,127211,0.0,05,002154
127136,0,0,0,0,127136,0.0,05,002155
127194,0,0,0,0,127194,0.0,05,002156
127179,0,0,0,0,127179,0.0,05,002157
127184,0,0,0,0,127184,0.0,05,002158
127020,0,0,0,0,127020,0.0,05,002159
126880,0,0,0,0,126880,0.0,05,002160
127088,0,0,0,0,127088,0.0,05,002161
127162,0,0,0,0,127162,0.0,05,002162
127074,0,0,0,0,127074,0.0,05,002163
127090,0,0,0,0,127090,0.0,05,002164
127274,0,0,0,0,127274,0.0,05,002165
127203,0,0,0,0,127203,0.0,05,002166
127106,0,0,0,0,127106,0.0,05,002167
127140,0,0,0,0,127140,0.0,05,002168
127163,0,0,0,0,127163,0.0,05,002169
127133,0,0,0,0,127133,0.0,05,002170
127093,0,0,0,0,127093,0.0,05,002171
126937,0,0,0,0,126937,0.0,05,002172
126877,0,0,0,0,126877,0.0,05,002173
126705,0,0,0,0,126705,0.0,05,002174
126473,0,0,0,0,126473,0.0,05,002175
126228,0,0,0,0,126228,0.0,05,002176
125865,0,0,0,0,125865,0.0,05,002177
125524,0,0,0,0,125524,0.0,05,002178
125325,0,0,0,0,125325,0.0,05,002179
124724,0,0,0,0,124724,0.0,05,002180
124496,0,0,0,0,124496,0.0,05,002181
124226,0,0,0,0,124226,0.0,05,002182
124105,0,0,0,0,124105,0.0,05,002183
124592,0,0,0,0,124592,0.0,05,002184
124686,0,0,0,0,124686,0.0,05,002185
124621,0,0,0,0,124621,0.0,05,002186
125197,0,0,0,0,125197,0.0,05,002187
125367,0,0,0,0,125367,0.0,05,002188
125763,0,0,0,0,125763,0.0,05,002189
125590,0,0,0,0,125590,0.0,05,002190
125468,0,0,0,0,125468,0.0,05,002191
125902,0,0,0,0,125902,0.0,05,002192
126035,0,0,0,0,126035,0.0,05,002193
126341,0,0,0,0,126341,0.0,05,002194
126296,0,0,0,0,126296,0.0,05,002195
126432,0,0,0,0,126432,0.0,05,002196
126307,0,0,0,0,126307,0.0,05,002197
126317,0,0,0,0,126317,0.0,05,002198
126173,0,0,0,0,126173,0.0,05,002199
125942,0,0,0,0,125942,0.0,05,002200
126040,0,0,0,0,126040,0.0,05,002201
126243,0,0,0,0,126243,0.0,05,002202
126116,0,0,0,0,126116,0.0,05,002203
126219,0,0,0,0,126219,0.0,05,002204
126004,0,0,0,0,126004,0.0,05,002205
125958,0,0,0,0,125958,0.0,05,002206
126102,0,0,0,0,126102,0.0,05,002207
125858,0,0,0,0,125858,0.0,05,002208
125403,0,0,0,0,125403,0.0,05,002209
125251,0,0,0,0,125251,0.0,05,002210
124568,0,0,0,0,124568,0.0,05,002211
123591,0,0,0,0,123591,0.0,05,002212
123058,0,0,0,0,123058,0.0,05,002213
122140,0,0,0,0,122140,0.0,05,002214
122016,0,0,0,0,122016,0.0,05,002215
120922,0,0,0,0,120922,0.0,05,002216
119512,0,0,0,0,119512,0.0,05,002217
119664,0,0,0,0,119664,0.0,05,002218
119678,0,0,0,0,119678,0.0,05,002219
120275,0,0,0,0,120275,0.0,05,002220
121314,0,0,0,0,121314,0.0,05,002221
121108,0,0,0,0,121108,0.0,05,002222
121792,0,0,0,0,121792,0.0,05,002223
122690,0,0,0,0,122690,0.0,05,002224
124131,0,0,0,0,124131,0.0,05,002225
125296,0,0,0,0,125296,0.0,05,002226
125637,0,0,0,0,125637,0.0,05,002227
125670,0,0,0,0,125670,0.0,05,002228
125493,0,0,0,0,125493,0.0,05,002229
125909,0,0,0,0,125909,0.0,05,002230
126043,0,0,0,0,126043,0.0,05,002231
126111,0,0,0,0,126111,0.0,05,002232
126189,0,0,0,0,126189,0.0,05,002233
126327,0,0,0,0,126327,0.0,05,002234
126369,0,0,0,0,126369,0.0,05,002235
126440,0,0,0,0,126440,0.0,05,002236
126554,0,0,0,0,126554,0.0,05,002237
126513,0,0,0,0,126513,0.0,05,002238
126493,0,0,0,0,126493,0.0,05,002239
126572,0,0,0,0,126572,0.0,05,002240
126469,0,0,0,0,126469,0.0,05,002241
126431,0,0,0,0,126431,0.0,05,002242
126194,0,0,0,0,126194,0.0,05,002243
125905,0,0,0,0,125905,0.0,05,002244
125439,0,0,0,0,125439,0.0,05,002245
125116,0,0,0,0,125116,0.0,05,002246
124923,0,0,0,0,124923,0.0,05,002247
124221,0,0,0,0,124221,0.0,05,002248
123501,0,0,0,0,123501,0.0,05,002249
123176,0,0,0,0,123176,0.0,05,002250
123682,0,0,0,0,123682,0.0,05,002251
124426,0,0,0,0,124426,0.0,05,002252
124687,0,0,0,0,124687,0.0,05,002253
125241,0,0,0,0,125241,0.0,05,002254
125617,0,0,0,0,125617,0.0,05,002255
126011,0,0,0,0,126011,0.0,05,002256
126152,0,0,0,0,126152,0.0,05,002257
126593,0,0,0,0,126593,0.0,05,002258
126986,0,0,0,0,126986,0.0,05,002259
127286,0,0,0,0,127286,0.0,05,002260
127386,0,0,0,0,127386,0.0,05,002261
127360,0,0,0,0,127360,0.0,05,002262
127393,0,0,0,0,127393,0.0,05,002263
127300,0,0,0,0,127300,0.0,05,002264
127099,0,0,0,0,127099,0.0,05,002265
126813,0,0,0,0,126813,0.0,05,002266
126737,0,0,0,0,126737,0.0,05,002267
126478,0,0,0,0,126478,0.0,05,002268
126424,0,0,0,0,126424,0.0,05,002269
126268,0,0,0,0,126268,0.0,05,002270
126228,0,0,0,0,126228,0.0,05,002271
126320,0,0,0,0,126320,0.0,05,002272
126236,0,0,0,0,126236,0.0,05,002273
126093,0,0,0,0,126093,0.0,05,002274
126016,0,0,0,0,126016,0.0,05,002275
125930,0,0,0,0,125930,0.0,05,002276
125948,0,0,0,0,125948,0.0,05,002277
125885,0,0,0,0,125885,0.0,05,002278
125537,0,0,0,0,125537,0.0,05,002279
125164,0,0,0,0,125164,0.0,05,002280
124896,0,0,0,0,124896,0.0,05,002281
124565,0,0,0,0,124565,0.0,05,002282
124208,0,0,0,0,124208,0.0,05,002283
123625,0,0,0,0,123625,0.0,05,002284
122804,0,0,0,0,122804,0.0,05,002285
122007,0,0,0,0,122007,0.0,05,002286
121120,0,0,0,0,121120,0.0,05,002287
120712,0,0,0,0,120712,0.0,05,002288
120455,0,0,0,0,120455,0.0,05,002289
120636,0,0,0,0,120636,0.0,05,002290
121002,0,0,0,0,121002,0.0,05,002291
121274,0,0,0,0,121274,0.0,05,002292
121618,0,0,0,0,121618,0.0,05,002293
122149,0,0,0,0,122149,0.0,05,002294
122750,0,0,0,0,122750,0.0,05,002295
123366,0,0,0,0,123366,0.0,05,002296
123968,0,0,0,0,123968,0.0,05,002297
124669,0,0,0,0,124669,0.0,05,002298
125176,0,0,0,0,125176,0.0,05,002299
125447,0,0,0,0,125447,0.0,05,002300
125751,0,0,0,0,125751,0.0,05,002301
125920,0,0,0,0,125920,0.0,05,002302
126239,0,0,0,0,126239,0.0,05,002303
126245,0,0,0,0,126245,0.0,05,002304
126316,0,0,0,0,126316,0.0,05,002305
126369,0,0,0,0,126369,0.0,05,002306
126541,0,0,0,0,126541,0.0,05,002307
126484,0,0,0,0,126484,0.0,05,002308
126453,0,0,0,0,126453,0.0,05,002309
126450,0,0,0,0,126450,0.0,05,002310
126410,0,0,0,0,126410,0.0,05,002311
126384,0,0,0,0,126384,0.0,05,002312
126494,0,0,0,0,126494,0.0,05,002313
126520,0,0,0,0,126520,0.0,05,002314
126505,0,0,0,0,126505,0.0,05,002315
126409,0,0,0,0,126409,0.0,05,002316
126475,0,0,0,0,126475,0.0,05,002317
126349,0,0,0,0,126349,0.0,05,002318
126538,0,0,0,0,126538,0.0,05,002319
126487,0,0,0,0,126487,0.0,05,002320
126507,0,0,0,0,126507,0.0,05,002321
126628,0,0,0,0,126628,0.0,05,002322
126668,0,0,0,0,126668,0.0,05,002323
126673,0,0,0,0,126673,0.0,05,002324
126721,0,0,0,0,126721,0.0,05,002325
126697,0,0,0,0,126697,0.0,05,002326
126734,0,0,0,0,126734,0.0,05,002327
126693,0,0,0,0,126693,0.0,05,002328
126641,0,0,0,0,126641,0.0,05,002329
126588,0,0,0,0,126588,0.0,05,002330
126557,0,0,0,0,126557,0.0,05,002331
126560,0,0,0,0,126560,0.0,05,002332
126639,0,0,0,0,126639,0.0,05,002333
126517,0,0,0,0,126517,0.0,05,002334
126583,0,0,0,0,126583,0.0,05,002335
126562,0,0,0,0,126562,0.0,05,002336
126554,0,0,0,0,126554,0.0,05,002337
126530,0,0,0,0,126530,0.0,05,002338
126510,0,0,0,0,126510,0.0,05,002339
126513,0,0,0,0,126513,0.0,05,002340
126487,0,0,0,0,126487,0.0,05,002341
126449,0,0,0,0,126449,0.0,05,002342
126324,0,0,0,0,126324,0.0,05,002343
126289,0,0,0,0,126289,0.0,05,002344
126201,0,0,0,0,126201,0.0,05,002345
125997,0,0,0,0,125997,0.0,05,002346
125926,0,0,0,0,125926,0.0,05,002347
125694,0,0,0,0,125694,0.0,05,002348
125490,0,0,0,0,125490,0.0,05,002349
125426,0,0,0,0,125426,0.0,05,002350
125231,0,0,0,0,125231,0.0,05,002351
125236,0,0,0,0,125236,0.0,05,002352
125274,0,0,0,0,125274,0.0,05,002353
125349,0,0,0,0,125349,0.0,05,002354
125319,0,0,0,0,125319,0.0,05,002355
125382,0,0,0,0,125382,0.0,05,002356
125217,0,0,0,0,125217,0.0,05,002357
125227,0,0,0,0,125227,0.0,05,002358
125057,0,0,0,0,125057,0.0,05,002359
125251,0,0,0,0,125251,0.0,05,002360
125470,0,0,0,0,125470,0.0,05,002361
125598,0,0,0,0,125598,0.0,05,002362
125727,0,0,0,0,125727,0.0,05,002363
125945,0,0,0,0,125945,0.0,05,002364
126069,0,0,0,0,126069,0.0,05,002365
126175,0,0,0,0,126175,0.0,05,002366
126284,0,0,0,0,126284,0.0,05,002367
126394,0,0,0,0,126394,0.0,05,002368
126441,0,0,0,0,126441,0.0,05,002369
126440,0,0,0,0,126440,0.0,05,002370
126472,0,0,0,0,126472,0.0,05,002371
126457,0,0,0,0,126457,0.0,05,002372
126516,0,0,0,0,126516,0.0,05,002373
126477,0,0,0,0,126477,0.0,05,002374
126575,0,0,0,0,126575,0.0,05,002375
126509,0,0,0,0,126509,0.0,05,002376
126490,0,0,0,0,126490,0.0,05,002377
126458,0,0,0,0,126458,0.0,05,002378
126482,0,0,0,0,126482,0.0,05,002379
126555,0,0,0,0,126555,0.0,05,002380
126444,0,0,0,0,126444,0.0,05,002381
126416,0,0,0,0,126416,0.0,05,002382
126390,0,0,0,0,126390,0.0,05,002383
126263,0,0,0,0,126263,0.0,05,002384
126224,0,0,0,0,126224,0.0,05,002385
126049,0,0,0,0,126049,0.0,05,002386
125988,0,0,0,0,125988,0.0,05,002387
125815,0,0,0,0,125815,0.0,05,002388
125676,0,0,0,0,125676,0.0,05,002389
125645,0,0,0,0,125645,0.0,05,002390
125633,0,0,0,0,125633,0.0,05,002391
125523,0,0,0,0,125523,0.0,05,002392
125603,0,0,0,0,125603,0.0,05,002393
125602,0,0,0,0,125602,0.0,05,002394
125646,0,0,0,0,125646,0.0,05,002395
125676,0,0,0,0,125676,0.0,05,002396
125745,0,0,0,0,125745,0.0,05,002397
125721,0,0,0,0,125721,0.0,05,002398
125894,0,0,0,0,125894,0.0,05,002399
125804,0,0,0,0,125804,0.0,05,002400
125973,0,0,0,0,125973,0.0,05,002401
125893,0,0,0,0,125893,0.0,05,002402
125925,0,0,0,0,125925,0.0,05,002403
125960,0,0,0,0,125960,0.0,05,002404
125911,0,0,0,0,125911,0.0,05,002405
125898,0,0,0,0,125898,0.0,05,002406
125762,0,0,0,0,125762,0.0,05,002407
125791,0,0,0,0,125791,0.0,05,002408
125722,0,0,0,0,125722,0.0,05,002409
125757,0,0,0,0,125757,0.0,05,002410
125726,0,0,0,0,125726,0.0,05,002411
125697,0,0,0,0,125697,0.0,05,002412
125581,0,0,0,0,125581,0.0,05,002413
125537,0,0,0,0,125537,0.0,05,002414
125659,0,0,0,0,125659,0.0,05,002415
125617,0,0,0,0,125617,0.0,05,002416
125695,0,0,0,0,125695,0.0,05,002417
125572,0,0,0,0,125572,0.0,05,002418
125790,0,0,0,0,125790,0.0,05,002419
125845,0,0,0,0,125845,0.0,05,002420
125940,0,0,0,0,125940,0.0,05,002421
126092,0,0,0,0,126092,0.0,05,002422
126407,0,0,0,0,126407,0.0,05,002423
126567,0,0,0,0,126567,0.0,05,002424
126672,0,0,0,0,126672,0.0,05,002425
126794,0,0,0,0,126794,0.0,05,002426
126815,0,0,0,0,126815,0.0,05,002427
126830,0,0,0,0,126830,0.0,05,002428
126869,0,0,0,0,126869,0.0,05,002429
126983,0,0,0,0,126983,0.0,05,002430
127133,0,0,0,0,127133,0.0,05,002431
127210,0,0,0,0,127210,0.0,05,002432
127219,0,0,0,0,127219,0.0,05,002433
127369,0,0,0,0,127369,0.0,05,002434
127484,0,0,0,0,127484,0.0,05,002435
127546,0,0,0,0,127546,0.0,05,002436
127708,0,0,0,0,127708,0.0,05,002437
127628,0,0,0,0,127628,0.0,05,002438
127661,0,0,0,0,127661,0.0,05,002439
127503,0,0,0,0,127503,0.0,05,002440
127330,0,0,0,0,127330,0.0,05,002441
127045,0,0,0,0,127045,0.0,05,002442
126636,0,0,0,0,126636,0.0,05,002443
126179,0,0,0,0,126179,0.0,05,002444
125540,0,0,0,0,125540,0.0,05,002445
124794,0,0,0,0,124794,0.0,05,002446
124311,0,0,0,0,124311,0.0,05,002447
123433,0,0,0,0,123433,0.0,05,002448
122810,0,0,0,0,122810,0.0,05,002449
122441,0,0,0,0,122441,0.0,05,002450
122576,0,0,0,0,122576,0.0,05,002451
122614,0,0,0,0,122614,0.0,05,002452
122711,0,0,0,0,122711,0.0,05,002453
122709,0,0,0,0,122709,0.0,05,002454
122506,0,0,0,0,122506,0.0,05,002455
122384,0,0,0,0,122384,0.0,05,002456
122657,0,0,0,0,122657,0.0,05,002457
123266,0,0,0,0,123266,0.0,05,002458
123506,0,0,0,0,123506,0.0,05,002459
123558,0,0,0,0,123558,0.0,05,002460
123202,0,0,0,0,123202,0.0,05,002461
123376,0,0,0,0,123376,0.0,05,002462
123469,0,0,0,0,123469,0.0,05,002463
123931,0,0,0,0,123931,0.0,05,002464
123986,0,0,0,0,123986,0.0,05,002465
124022,0,0,0,0,124022,0.0,05,002466
123680,0,0,0,0,123680,0.0,05,002467
123352,0,0,0,0,123352,0.0,05,002468
122834,0,0,0,0,122834,0.0,05,002469
122522,0,0,0,0,122522,0.0,05,002470
121838,0,0,0,0,121838,0.0,05,002471
121670,0,0,0,0,121670,0.0,05,002472
121735,0,0,0,0,121735,0.0,05,002473
121526,0,0,0,0,121526,0.0,05,002474
121402,0,0,0,0,121402,0.0,05,002475
120953,0,0,0,0,120953,0.0,05,002476
121194,0,0,0,0,121194,0.0,05,002477
121377,0,0,0,0,121377,0.0,05,002478
121342,0,0,0,0,121342,0.0,05,002479
121298,0,0,0,0,121298,0.0,05,002480
121280,0,0,0,0,121280,0.0,05,002481
121305,0,0,0,0,121305,0.0,05,002482
121436,0,0,0,0,121436,0.0,05,002483
121640,0,0,0,0,121640,0.0,05,002484
121769,0,0,0,0,121769,0.0,05,002485
122048,0,0,0,0,122048,0.0,05,002486
122432,0,0,0,0,122432,0.0,05,002487
122692,0,0,0,0,122692,0.0,05,002488
122971,0,0,0,0,122971,0.0,05,002489
123417,0,0,0,0,123417,0.0,05,002490
123375,0,0,0,0,123375,0.0,05,002491
123526,0,0,0,0,123526,0.0,05,002492
123687,0,0,0,0,123687,0.0,05,002493
124100,0,0,0,0,124100,0.0,05,002494
124628,0,0,0,0,124628,0.0,05,002495
125148,0,0,0,0,125148,0.0,05,002496
125517,0,0,0,0,125517,0.0,05,002497
125761,0,0,0,0,125761,0.0,05,002498
126140,0,0,0,0,126140,0.0,05,002499
126187,0,0,0,0,126187,0.0,05,002500
126317,0,0,0,0,126317,0.0,05,002501
126443,0,0,0,0,126443,0.0,05,002502
126468,0,0,0,0,126468,0.0,05,002503
126641,0,0,0,0,126641,0.0,05,002504
126682,0,0,0,0,126682,0.0,05,002505
126643,0,0,0,0,126643,0.0,05,002506
126565,0,0,0,0,126565,0.0,05,002507
126716,0,0,0,0,126716,0.0,05,002508
126665,0,0,0,0,126665,0.0,05,002509
126562,0,0,0,0,126562,0.0,05,002510
126468,0,0,0,0,126468,0.0,05,002511
126619,0,0,0,0,126619,0.0,05,002512
126504,0,0,0,0,126504,0.0,05,002513
126396,0,0,0,0,126396,0.0,05,002514
126254,0,0,0,0,126254,0.0,05,002515
126192,0,0,0,0,126192,0.0,05,002516
126049,0,0,0,0,126049,0.0,05,002517
125927,0,0,0,0,125927,0.0,05,002518
125870,0,0,0,0,125870,0.0,05,002519
125731,0,0,0,0,125731,0.0,05,002520
125667,0,0,0,0,125667,0.0,05,002521
125663,0,0,0,0,125663,0.0,05,002522
125580,0,0,0,0,125580,0.0,05,002523
125931,0,0,0,0,125931,0.0,05,002524
126256,0,0,0,0,126256,0.0,05,002525
126491,0,0,0,0,126491,0.0,05,002526
126381,0,0,0,0,126381,0.0,05,002527
126281,0,0,0,0,126281,0.0,05,002528
126192,0,0,0,0,126192,0.0,05,002529
125863,0,0,0,0,125863,0.0,05,002530
125530,0,0,0,0,125530,0.0,05,002531
125423,0,0,0,0,125423,0.0,05,002532
125022,0,0,0,0,125022,0.0,05,002533
124312,0,0,0,0,124312,0.0,05,002534
123239,0,0,0,0,123239,0.0,05,002535
122109,0,0,0,0,122109,0.0,05,002536
119972,0,0,0,0,119972,0.0,05,002537
116873,0,0,0,0,116873,0.0,05,002538
117097,0,0,0,0,117097,0.0,05,002539
117185,0,0,0,0,117185,0.0,05,002540
117937,0,0,0,0,117937,0.0,05,002541
120979,0,0,0,0,120979,0.0,05,002542
122678,0,0,0,0,122678,0.0,05,002543
123210,0,0,0,0,123210,0.0,05,002544
123808,0,0,0,0,123808,0.0,05,002545
124328,0,0,0,0,124328,0.0,05,002546
124422,0,0,0,0,124422,0.0,05,002547
124732,0,0,0,0,124732,0.0,05,002548
124964,0,0,0,0,124964,0.0,05,002549
125006,0,0,0,0,125006,0.0,05,002550
125088,0,0,0,0,125088,0.0,05,002551
125142,0,0,0,0,125142,0.0,05,002552
125241,0,0,0,0,125241,0.0,05,002553
125346,0,0,0,0,125346,0.0,05,002554
125576,0,0,0,0,125576,0.0,05,002555
125741,0,0,0,0,125741,0.0,05,002556
125939,0,0,0,0,125939,0.0,05,002557
126114,0,0,0,0,126114,0.0,05,002558
126250,0,0,0,0,126250,0.0,05,002559
126331,0,0,0,0,126331,0.0,05,002560
126630,0,0,0,0,126630,0.0,05,002561
126757,0,0,0,0,126757,0.0,05,002562
126964,0,0,0,0,126964,0.0,05,002563
127170,0,0,0,0,127170,0.0,05,002564
127120,0,0,0,0,127120,0.0,05,002565
127150,0,0,0,0,127150,0.0,05,002566
127194,0,0,0,0,127194,0.0,05,002567
127151,0,0,0,0,127151,0.0,05,002568
127100,0,0,0,0,127100,0.0,05,002569
127024,0,0,0,0,127024,0.0,05,002570
126607,0,0,0,0,126607,0.0,05,002571
126209,0,0,0,0,126209,0.0,05,002572
125966,0,0,0,0,125966,0.0,05,002573
125854,0,0,0,0,125854,0.0,05,002574
125676,0,0,0,0,125676,0.0,05,002575
125459,0,0,0,0,125459,0.0,05,002576
125178,0,0,0,0,125178,0.0,05,002577
124819,0,0,0,0,124819,0.0,05,002578
124979,0,0,0,0,124979,0.0,05,002579
125477,0,0,0,0,125477,0.0,05,002580
126475,0,0,0,0,126475,0.0,05,002581
126791,0,0,0,0,126791,0.0,05,002582
126994,0,0,0,0,126994,0.0,05,002583
127050,0,0,0,0,127050,0.0,05,002584
127057,0,0,0,0,127057,0.0,05,002585
127212,0,0,0,0,127212,0.0,05,002586
127180,0,0,0,0,127180,0.0,05,002587
127154,0,0,0,0,127154,0.0,05,002588
127149,0,0,0,0,127149,0.0,05,002589
127045,0,0,0,0,127045,0.0,05,002590
126872,0,0,0,0,126872,0.0,05,002591
126907,0,0,0,0,126907,0.0,05,002592
126942,0,0,0,0,126942,0.0,05,002593
126747,0,0,0,0,126747,0.0,05,002594
126660,0,0,0,0,126660,0.0,05,002595
126298,0,0,0,0,126298,0.0,05,002596
125890,0,0,0,0,125890,0.0,05,002597
125786,0,0,0,0,125786,0.0,05,002598
125321,0,0,0,0,125321,0.0,05,002599
125016,0,0,0,0,125016,0.0,05,002600
124422,0,0,0,0,124422,0.0,05,002601
124040,0,0,0,0,124040,0.0,05,002602
123518,0,0,0,0,123518,0.0,05,002603
123329,0,0,0,0,123329,0.0,05,002604
123119,0,0,0,0,123119,0.0,05,002605
123119,0,0,0,0,123119,0.0,05,002606
123130,0,0,0,0,123130,0.0,05,002607
123375,0,0,0,0,123375,0.0,05,002608
123345,0,0,0,0,123345,0.0,05,002609
123331,0,0,0,0,123331,0.0,05,002610
123351,0,0,0,0,123351,0.0,05,002611
123641,0,0,0,0,123641,0.0,05,002612
123880,0,0,0,0,123880,0.0,05,002613
124155,0,0,0,0,124155,0.0,05,002614
124374,0,0,0,0,124374,0.0,05,002615
124407,0,0,0,0,124407,0.0,05,002616
124224,0,0,0,0,124224,0.0,05,002617
124225,0,0,0,0,124225,0.0,05,002618
124098,0,0,0,0,124098,0.0,05,002619
124189,0,0,0,0,124189,0.0,05,002620
124220,0,0,0,0,124220,0.0,05,002621
124162,0,0,0,0,124162,0.0,05,002622
123648,0,0,0,0,123648,0.0,05,002623
122495,0,0,0,0,122495,0.0,05,002624
120613,0,0,0,0,120613,0.0,05,002625
117025,0,0,0,0,117025,0.0,05,002626
113528,0,0,0,0,113528,0.0,05,002627
108546,0,0,0,0,108546,0.0,05,002628
107038,0,0,0,0,107038,0.0,05,002629
108680,0,0,0,0,108680,0.0,05,002630
110223,0,0,0,0,110223,0.0,05,002631
111486,0,0,0,0,111486,0.0,05,002632
112787,0,0,0,0,112787,0.0,05,002633
111416,0,0,0,0,111416,0.0,05,002634
110896,0,0,0,0,110896,0.0,05,002635
110999,0,0,0,0,110999,0.0,05,002636
114120,0,0,0,0,114120,0.0,05,002637
117492,0,0,0,0,117492,0.0,05,002638
120168,0,0,0,0,120168,0.0,05,002639
122322,0,0,0,0,122322,0.0,05,002640
123709,0,0,0,0,123709,0.0,05,002641
124448,0,0,0,0,124448,0.0,05,002642
124607,0,0,0,0,124607,0.0,05,002643
124532,0,0,0,0,124532,0.0,05,002644
124507,0,0,0,0,124507,0.0,05,002645
124377,0,0,0,0,124377,0.0,05,002646
124098,0,0,0,0,124098,0.0,05,002647
124024,0,0,0,0,124024,0.0,05,002648
123825,0,0,0,0,123825,0.0,05,002649
123874,0,0,0,0,123874,0.0,05,002650
123939,0,0,0,0,123939,0.0,05,002651
124091,0,0,0,0,124091,0.0,05,002652
124145,0,0,0,0,124145,0.0,05,002653
124061,0,0,0,0,124061,0.0,05,002654
124046,0,0,0,0,124046,0.0,05,002655
123991,0,0,0,0,123991,0.0,05,002656
123989,0,0,0,0,123989,0.0,05,002657
124150,0,0,0,0,124150,0.0,05,002658
124227,0,0,0,0,124227,0.0,05,002659
124545,0,0,0,0,124545,0.0,05,002660
124805,0,0,0,0,124805,0.0,05,002661
125148,0,0,0,0,125148,0.0,05,002662
125276,0,0,0,0,125276,0.0,05,002663
125400,0,0,0,0,125400,0.0,05,002664
125540,0,0,0,0,125540,0.0,05,002665
125520,0,0,0,0,125520,0.0,05,002666
125399,0,0,0,0,125399,0.0,05,002667
125262,0,0,0,0,125262,0.0,05,002668
125120,0,0,0,0,125120,0.0,05,002669
125110,0,0,0,0,125110,0.0,05,002670
125197,0,0,0,0,125197,0.0,05,002671
125226,0,0,0,0,125226,0.0,05,002672
125161,0,0,0,0,125161,0.0,05,002673
125133,0,0,0,0,125133,0.0,05,002674
125043,0,0,0,0,125043,0.0,05,002675
125070,0,0,0,0,125070,0.0,05,002676
124881,0,0,0,0,124881,0.0,05,002677
124880,0,0,0,0,124880,0.0,05,002678
124985,0,0,0,0,124985,0.0,05,002679
125248,0,0,0,0,125248,0.0,05,002680
125506,0,0,0,0,125506,0.0,05,002681
125921,0,0,0,0,125921,0.0,05,002682
126433,0,0,0,0,126433,0.0,05,002683
126524,0,0,0,0,126524,0.0,05,002684
126424,0,0,0,0,126424,0.0,05,002685
126317,0,0,0,0,126317,0.0,05,002686
126090,0,0,0,0,126090,0.0,05,002687
125871,0,0,0,0,125871,0.0,05,002688
125702,0,0,0,0,125702,0.0,05,002689
125627,0,0,0,0,125627,0.0,05,002690
125560,0,0,0,0,125560,0.0,05,002691
125524,0,0,0,0,125524,0.0,05,002692
125347,0,0,0,0,125347,0.0,05,002693
125184,0,0,0,0,125184,0.0,05,002694
125223,0,0,0,0,125223,0.0,05,002695
125388,0,0,0,0,125388,0.0,05,002696
125402,0,0,0,0,125402,0.0,05,002697
125430,0,0,0,0,125430,0.0,05,002698
125459,0,0,0,0,125459,0.0,05,002699
125551,0,0,0,0,125551,0.0,05,002700
125671,0,0,0,0,125671,0.0,05,002701
125707,0,0,0,0,125707,0.0,05,002702
126100,0,0,0,0,126100,0.0,05,002703
126347,0,0,0,0,126347,0.0,05,002704
126288,0,0,0,0,126288,0.0,05,002705
126450,0,0,0,0,126450,0.0,05,002706
126469,0,0,0,0,126469,0.0,05,002707
126507,0,0,0,0,126507,0.0,05,002708
126419,0,0,0,0,126419,0.0,05,002709
126401,0,0,0,0,126401,0.0,05,002710
126685,0,0,0,0,126685,0.0,05,002711
126822,0,0,0,0,126822,0.0,05,002712
127037,0,0,0,0,127037,0.0,05,002713
126992,0,0,0,0,126992,0.0,05,002714
127109,0,0,0,0,127109,0.0,05,002715
127094,0,0,0,0,127094,0.0,05,002716
127040,0,0,0,0,127040,0.0,05,002717
127115,0,0,0,0,127115,0.0,05,002718
127073,0,0,0,0,127073,0.0,05,002719
126869,0,0,0,0,126869,0.0,05,002720
126856,0,0,0,0,126856,0.0,05,002721
126791,0,0,0,0,126791,0.0,05,002722
126834,0,0,0,0,126834,0.0,05,002723
126753,0,0,0,0,126753,0.0,05,002724
126499,0,0,0,0,126499,0.0,05,002725
126443,0,0,0,0,126443,0.0,05,002726
126354,0,0,0,0,126354,0.0,05,002727
126235,0,0,0,0,126235,0.0,05,002728
125988,0,0,0,0,125988,0.0,05,002729
125675,0,0,0,0,125675,0.0,05,002730
125687,0,0,0,0,125687,0.0,05,002731
125394,0,0,0,0,125394,0.0,05,002732
125072,0,0,0,0,125072,0.0,05,002733
125126,0,0,0,0,125126,0.0,05,002734
124911,0,0,0,0,124911,0.0,05,002735
124499,0,0,0,0,124499,0.0,05,002736
123759,0,0,0,0,123759,0.0,05,002737
123036,0,0,0,0,123036,0.0,05,002738
122118,0,0,0,0,122118,0.0,05,002739
121095,0,0,0,0,121095,0.0,05,002740
120807,0,0,0,0,120807,0.0,05,002741
120566,0,0,0,0,120566,0.0,05,002742
120309,0,0,0,0,120309,0.0,05,002743
120130,0,0,0,0,120130,0.0,05,002744
119648,0,0,0,0,119648,0.0,05,002745
119390,0,0,0,0,119390,0.0,05,002746
119565,0,0,0,0,119565,0.0,05,002747
119404,0,0,0,0,119404,0.0,05,002748
119617,0,0,0,0,119617,0.0,05,002749
119430,0,0,0,0,119430,0.0,05,002750
119348,0,0,0,0,119348,0.0,05,002751
119213,0,0,0,0,119213,0.0,05,002752
119477,0,0,0,0,119477,0.0,05,002753
118993,0,0,0,0,118993,0.0,05,002754
119001,0,0,0,0,119001,0.0,05,002755
119286,0,0,0,0,119286,0.0,05,002756
119653,0,0,0,0,119653,0.0,05,002757
120014,0,0,0,0,120014,0.0,05,002758
120560,0,0,0,0,120560,0.0,05,002759
121491,0,0,0,0,121491,0.0,05,002760
123020,0,0,0,0,123020,0.0,06,000000
123445,0,0,0,0,123445,0.0,06,000001
123251,0,0,0,0,123251,0.0,06,000002
123083,0,0,0,0,123083,0.0,06,000003
122814,0,0,0,0,122814,0.0,06,000004
122405,0,0,0,0,122405,0.0,06,000005
122265,0,0,0,0,122265,0.0,06,000006
121615,0,0,0,0,121615,0.0,06,000007
121132,0,0,0,0,121132,0.0,06,000008
120303,0,0,0,0,120303,0.0,06,000009
118870,0,0,0,0,118870,0.0,06,000010
118105,0,0,0,0,118105,0.0,06,000011
118379,0,0,0,0,118379,0.0,06,000012
118500,0,0,0,0,118500,0.0,06,000013
118286,0,0,0,0,118286,0.0,06,000014
119285,0,0,0,0,119285,0.0,06,000015
120754,0,0,0,0,120754,0.0,06,000016
121539,0,0,0,0,121539,0.0,06,000017
122178,0,0,0,0,122178,0.0,06,000018
122753,0,0,0,0,122753,0.0,06,000019
123229,0,0,0,0,123229,0.0,06,000020
123508,0,0,0,0,123508,0.0,06,000021
123542,0,0,0,0,123542,0.0,06,000022
123517,0,0,0,0,123517,0.0,06,000023
123280,0,0,0,0,123280,0.0,06,000024
123092,0,0,0,0,123092,0.0,06,000025
122720,0,0,0,0,122720,0.0,06,000026
122326,0,0,0,0,122326,0.0,06,000027
122084,0,0,0,0,122084,0.0,06,000028
121413,0,0,0,0,121413,0.0,06,000029
120330,0,0,0,0,120330,0.0,06,000030
119567,0,0,0,0,119567,0.0,06,000031
119988,0,0,0,0,119988,0.0,06,000032
120611,0,0,0,0,120611,0.0,06,000033
121644,0,0,0,0,121644,0.0,06,000034
122051,0,0,0,0,122051,0.0,06,000035
122356,0,0,0,0,122356,0.0,06,000036
122900,0,0,0,0,122900,0.0,06,000037
123157,0,0,0,0,123157,0.0,06,000038
123204,0,0,0,0,123204,0.0,06,000039
123027,0,0,0,0,123027,0.0,06,000040
122932,0,0,0,0,122932,0.0,06,000041
122945,0,0,0,0,122945,0.0,06,000042
122713,0,0,0,0,122713,0.0,06,000043
122966,0,0,0,0,122966,0.0,06,000044
122712,0,0,0,0,122712,0.0,06,000045
122641,0,0,0,0,122641,0.0,06,000046
122808,0,0,0,0,122808,0.0,06,000047
122905,0,0,0,0,122905,0.0,06,000048
122902,0,0,0,0,122902,0.0,06,000049
122918,0,0,0,0,122918,0.0,06,000050
122959,0,0,0,0,122959,0.0,06,000051
123136,0,0,0,0,123136,0.0,06,000052
123375,0,0,0,0,123375,0.0,06,000053
123543,0,0,0,0,123543,0.0,06,000054
123600,0,0,0,0,123600,0.0,06,000055
123126,0,0,0,0,123126,0.0,06,000056
122956,0,0,0,0,122956,0.0,06,000057
122867,0,0,0,0,122867,0.0,06,000058
122901,0,0,0,0,122901,0.0,06,000059
122828,0,0,0,0,122828,0.0,06,000060
122943,0,0,0,0,122943,0.0,06,000061
122873,0,0,0,0,122873,0.0,06,000062
122625,0,0,0,0,122625,0.0,06,000063
122474,0,0,0,0,122474,0.0,06,000064
122416,0,0,0,0,122416,0.0,06,000065
122588,0,0,0,0,122588,0.0,06,000066
122756,0,0,0,0,122756,0.0,06,000067
122740,0,0,0,0,122740,0.0,06,000068
123001,0,0,0,0,123001,0.0,06,000069
123528,0,0,0,0,123528,0.0,06,000070
123578,0,0,0,0,123578,0.0,06,000071
123259,0,0,0,0,123259,0.0,06,000072
122615,0,0,0,0,122615,0.0,06,000073
121410,0,0,0,0,121410,0.0,06,000074
122193,0,0,0,0,122193,0.0,06,000075
121111,0,0,0,0,121111,0.0,06,000076
121641,0,0,0,0,121641,0.0,06,000077
121858,0,0,0,0,121858,0.0,06,000078
122433,0,0,0,0,122433,0.0,06,000079
122691,0,0,0,0,122691,0.0,06,000080
122880,0,0,0,0,122880,0.0,06,000081
123000,0,0,0,0,123000,0.0,06,000082
123208,0,0,0,0,123208,0.0,06,000083
123123,0,0,0,0,123123,0.0,06,000084
123101,0,0,0,0,123101,0.0,06,000085
123052,0,0,0,0,123052,0.0,06,000086
123331,0,0,0,0,123331,0.0,06,000087
123240,0,0,0,0,123240,0.0,06,000088
123271,0,0,0,0,123271,0.0,06,000089
123264,0,0,0,0,123264,0.0,06,000090
123333,0,0,0,0,123333,0.0,06,000091
123448,0,0,0,0,123448,0.0,06,000092
123339,0,0,0,0,123339,0.0,06,000093
123436,0,0,0,0,123436,0.0,06,000094
123565,0,0,0,0,123565,0.0,06,000095
123678,0,0,0,0,123678,0.0,06,000096
123695,0,0,0,0,123695,0.0,06,000097
123564,0,0,0,0,123564,0.0,06,000098
123640,0,0,0,0,123640,0.0,06,000099
123665,0,0,0,0,123665,0.0,06,000100
123775,0,0,0,0,123775,0.0,06,000101
123855,0,0,0,0,123855,0.0,06,000102
123849,0,0,0,0,123849,0.0,06,000103
124044,0,0,0,0,124044,0.0,06,000104
124031,0,0,0,0,124031,0.0,06,000105
124066,0,0,0,0,124066,0.0,06,000106
124319,0,0,0,0,124319,0.0,06,000107
124291,0,0,0,0,124291,0.0,06,000108
124383,0,0,0,0,124383,0.0,06,000109
124383,0,0,0,0,124383,0.0,06,000110
124194,0,0,0,0,124194,0.0,06,000111
124279,0,0,0,0,124279,0.0,06,000112
124080,0,0,0,0,124080,0.0,06,000113
123959,0,0,0,0,123959,0.0,06,000114
123981,0,0,0,0,123981,0.0,06,000115
124013,0,0,0,0,124013,0.0,06,000116
124198,0,0,0,0,124198,0.0,06,000117
124034,0,0,0,0,124034,0.0,06,000118
124233,0,0,0,0,124233,0.0,06,000119
124142,0,0,0,0,124142,0.0,06,000120
124083,0,0,0,0,124083,0.0,06,000121
123889,0,0,0,0,123889,0.0,06,000122
123728,0,0,0,0,123728,0.0,06,000123
123919,0,0,0,0,123919,0.0,06,000124
123815,0,0,0,0,123815,0.0,06,000125
124031,0,0,0,0,124031,0.0,06,000126
124186,0,0,0,0,124186,0.0,06,000127
124139,0,0,0,0,124139,0.0,06,000128
124108,0,0,0,0,124108,0.0,06,000129
124039,0,0,0,0,124039,0.0,06,000130
123972,0,0,0,0,123972,0.0,06,000131
124075,0,0,0,0,124075,0.0,06,000132
124242,0,0,0,0,124242,0.0,06,000133
124078,0,0,0,0,124078,0.0,06,000134
124150,0,0,0,0,124150,0.0,06,000135
124051,0,0,0,0,124051,0.0,06,000136
124083,0,0,0,0,124083,0.0,06,000137
124272,0,0,0,0,124272,0.0,06,000138
124098,0,0,0,0,124098,0.0,06,000139
124103,0,0,0,0,124103,0.0,06,000140
124157,0,0,0,0,124157,0.0,06,000141
123990,0,0,0,0,123990,0.0,06,000142
124037,0,0,0,0,124037,0.0,06,000143
124085,0,0,0,0,124085,0.0,06,000144
124113,0,0,0,0,124113,0.0,06,000145
124060,0,0,0,0,124060,0.0,06,000146
124123,0,0,0,0,124123,0.0,06,000147
123997,0,0,0,0,123997,0.0,06,000148
123947,0,0,0,0,123947,0.0,06,000149
123924,0,0,0,0,123924,0.0,06,000150
123981,0,0,0,0,123981,0.0,06,000151
124207,0,0,0,0,124207,0.0,06,000152
124131,0,0,0,0,124131,0.0,06,000153
124061,0,0,0,0,124061,0.0,06,000154
124054,0,0,0,0,124054,0.0,06,000155
124106,0,0,0,0,124106,0.0,06,000156
123885,0,0,0,0,123885,0.0,06,000157
123609,0,0,0,0,123609,0.0,06,000158
123321,0,0,0,0,123321,0.0,06,000159
122584,0,0,0,0,122584,0.0,06,000160
122104,0,0,0,0,122104,0.0,06,000161
121577,0,0,0,0,121577,0.0,06,000162
120380,0,0,0,0,120380,0.0,06,000163
119153,0,0,0,0,119153,0.0,06,000164
118411,0,0,0,0,118411,0.0,06,000165
117829,0,0,0,0,117829,0.0,06,000166
117653,0,0,0,0,117653,0.0,06,000167
117459,0,0,0,0,117459,0.0,06,000168
117786,0,0,0,0,117786,0.0,06,000169
119105,0,0,0,0,119105,0.0,06,000170
120266,0,0,0,0,120266,0.0,06,000171
121342,0,0,0,0,121342,0.0,06,000172
121840,0,0,0,0,121840,0.0,06,000173
122068,0,0,0,0,122068,0.0,06,000174
122357,0,0,0,0,122357,0.0,06,000175
122191,0,0,0,0,122191,0.0,06,000176
121946,0,0,0,0,121946,0.0,06,000177
121355,0,0,0,0,121355,0.0,06,000178
120871,0,0,0,0,120871,0.0,06,000179
120266,0,0,0,0,120266,0.0,06,000180
120068,0,0,0,0,120068,0.0,06,000181
120187,0,0,0,0,120187,0.0,06,000182
119966,0,0,0,0,119966,0.0,06,000183
120105,0,0,0,0,120105,0.0,06,000184
120660,0,0,0,0,120660,0.0,06,000185
121251,0,0,0,0,121251,0.0,06,000186
121797,0,0,0,0,121797,0.0,06,000187
122259,0,0,0,0,122259,0.0,06,000188
122481,0,0,0,0,122481,0.0,06,000189
122527,0,0,0,0,122527,0.0,06,000190
122891,0,0,0,0,122891,0.0,06,000191
122875,0,0,0,0,122875,0.0,06,000192
123068,0,0,0,0,123068,0.0,06,000193
123279,0,0,0,0,123279,0.0,06,000194
123169,0,0,0,0,123169,0.0,06,000195
123200,0,0,0,0,123200,0.0,06,000196
123260,0,0,0,0,123260,0.0,06,000197
123007,0,0,0,0,123007,0.0,06,000198
122898,0,0,0,0,122898,0.0,06,000199
122807,0,0,0,0,122807,0.0,06,000200
122667,0,0,0,0,122667,0.0,06,000201
122505,0,0,0,0,122505,0.0,06,000202
122500,0,0,0,0,122500,0.0,06,000203
122344,0,0,0,0,122344,0.0,06,000204
122107,0,0,0,0,122107,0.0,06,000205
121898,0,0,0,0,121898,0.0,06,000206
121805,0,0,0,0,121805,0.0,06,000207
121960,0,0,0,0,121960,0.0,06,000208
122002,0,0,0,0,122002,0.0,06,000209
121977,0,0,0,0,121977,0.0,06,000210
121720,0,0,0,0,121720,0.0,06,000211
121771,0,0,0,0,121771,0.0,06,000212
121873,0,0,0,0,121873,0.0,06,000213
122029,0,0,0,0,122029,0.0,06,000214
122221,0,0,0,0,122221,0.0,06,000215
122433,0,0,0,0,122433,0.0,06,000216
122725,0,0,0,0,122725,0.0,06,000217
122965,0,0,0,0,122965,0.0,06,000218
123365,0,0,0,0,123365,0.0,06,000219
123406,0,0,0,0,123406,0.0,06,000220
123584,0,0,0,0,123584,0.0,06,000221
123205,0,0,0,0,123205,0.0,06,000222
120361,0,0,0,0,120361,0.0,06,000223
122191,0,0,0,0,122191,0.0,06,000224
123687,0,0,0,0,123687,0.0,06,000225
123536,0,0,0,0,123536,0.0,06,000226
122182,0,0,0,0,122182,0.0,06,000227
121612,0,0,0,0,121612,0.0,06,000228
119989,0,0,0,0,119989,0.0,06,000229
120020,0,0,0,0,120020,0.0,06,000230
120406,0,0,0,0,120406,0.0,06,000231
121013,0,0,0,0,121013,0.0,06,000232
121669,0,0,0,0,121669,0.0,06,000233
122178,0,0,0,0,122178,0.0,06,000234
122792,0,0,0,0,122792,0.0,06,000235
123484,0,0,0,0,123484,0.0,06,000236
123813,0,0,0,0,123813,0.0,06,000237
123917,0,0,0,0,123917,0.0,06,000238
124170,0,0,0,0,124170,0.0,06,000239
124181,0,0,0,0,124181,0.0,06,000240
124462,0,0,0,0,124462,0.0,06,000241
124704,0,0,0,0,124704,0.0,06,000242
124684,0,0,0,0,124684,0.0,06,000243
124716,0,0,0,0,124716,0.0,06,000244
124858,0,0,0,0,124858,0.0,06,000245
124938,0,0,0,0,124938,0.0,06,000246
124853,0,0,0,0,124853,0.0,06,000247
124776,0,0,0,0,124776,0.0,06,000248
124800,0,0,0,0,124800,0.0,06,000249
124900,0,0,0,0,124900,0.0,06,000250
124832,0,0,0,0,124832,0.0,06,000251
124844,0,0,0,0,124844,0.0,06,000252
124915,0,0,0,0,124915,0.0,06,000253
124872,0,0,0,0,124872,0.0,06,000254
124728,0,0,0,0,124728,0.0,06,000255
124531,0,0,0,0,124531,0.0,06,000256
124345,0,0,0,0,124345,0.0,06,000257
124170,0,0,0,0,124170,0.0,06,000258
124063,0,0,0,0,124063,0.0,06,000259
123911,0,0,0,0,123911,0.0,06,000260
123732,0,0,0,0,123732,0.0,06,000261
123691,0,0,0,0,123691,0.0,06,000262
123479,0,0,0,0,123479,0.0,06,000263
123277,0,0,0,0,123277,0.0,06,000264
123140,0,0,0,0,123140,0.0,06,000265
122966,0,0,0,0,122966,0.0,06,000266
122924,0,0,0,0,122924,0.0,06,000267
123330,0,0,0,0,123330,0.0,06,000268
123597,0,0,0,0,123597,0.0,06,000269
123374,0,0,0,0,123374,0.0,06,000270
123229,0,0,0,0,123229,0.0,06,000271
123339,0,0,0,0,123339,0.0,06,000272
123159,0,0,0,0,123159,0.0,06,000273
122764,0,0,0,0,122764,0.0,06,000274
122585,0,0,0,0,122585,0.0,06,000275
122427,0,0,0,0,122427,0.0,06,000276
122380,0,0,0,0,122380,0.0,06,000277
122439,0,0,0,0,122439,0.0,06,000278
122307,0,0,0,0,122307,0.0,06,000279
122356,0,0,0,0,122356,0.0,06,000280
122432,0,0,0,0,122432,0.0,06,000281
122527,0,0,0,0,122527,0.0,06,000282
122279,0,0,0,0,122279,0.0,06,000283
122368,0,0,0,0,122368,0.0,06,000284
122135,0,0,0,0,122135,0.0,06,000285
122265,0,0,0,0,122265,0.0,06,000286
122280,0,0,0,0,122280,0.0,06,000287
122312,0,0,0,0,122312,0.0,06,000288
122236,0,0,0,0,122236,0.0,06,000289
122312,0,0,0,0,122312,0.0,06,000290
122387,0,0,0,0,122387,0.0,06,000291
122316,0,0,0,0,122316,0.0,06,000292
122282,0,0,0,0,122282,0.0,06,000293
122020,0,0,0,0,122020,0.0,06,000294
121953,0,0,0,0,121953,0.0,06,000295
121948,0,0,0,0,121948,0.0,06,000296
121974,0,0,0,0,121974,0.0,06,000297
122106,0,0,0,0,122106,0.0,06,000298
122065,0,0,0,0,122065,0.0,06,000299
122077,0,0,0,0,122077,0.0,06,000300
121996,0,0,0,0,121996,0.0,06,000301
121987,0,0,0,0,121987,0.0,06,000302
122072,0,0,0,0,122072,0.0,06,000303
121914,0,0,0,0,121914,0.0,06,000304
121733,0,0,0,0,121733,0.0,06,000305
121325,0,0,0,0,121325,0.0,06,000306
121106,0,0,0,0,121106,0.0,06,000307
120769,0,0,0,0,120769,0.0,06,000308
120716,0,0,0,0,120716,0.0,06,000309
120616,0,0,0,0,120616,0.0,06,000310
120657,0,0,0,0,120657,0.0,06,000311
120343,0,0,0,0,120343,0.0,06,000312
119963,0,0,0,0,119963,0.0,06,000313
119583,0,0,0,0,119583,0.0,06,000314
118993,0,0,0,0,118993,0.0,06,000315
118470,0,0,0,0,118470,0.0,06,000316
117813,0,0,0,0,117813,0.0,06,000317
116925,0,0,0,0,116925,0.0,06,000318
116659,0,0,0,0,116659,0.0,06,000319
116825,0,0,0,0,116825,0.0,06,000320
117099,0,0,0,0,117099,0.0,06,000321
117303,0,0,0,0,117303,0.0,06,000322
117333,0,0,0,0,117333,0.0,06,000323
117475,0,0,0,0,117475,0.0,06,000324
117498,0,0,0,0,117498,0.0,06,000325
117609,0,0,0,0,117609,0.0,06,000326
117744,0,0,0,0,117744,0.0,06,000327
118286,0,0,0,0,118286,0.0,06,000328
118379,0,0,0,0,118379,0.0,06,000329
118678,0,0,0,0,118678,0.0,06,000330
119129,0,0,0,0,119129,0.0,06,000331
119411,0,0,0,0,119411,0.0,06,000332
120087,0,0,0,0,120087,0.0,06,000333
120624,0,0,0,0,120624,0.0,06,000334
121315,0,0,0,0,121315,0.0,06,000335
121741,0,0,0,0,121741,0.0,06,000336
122339,0,0,0,0,122339,0.0,06,000337
122834,0,0,0,0,122834,0.0,06,000338
123651,0,0,0,0,123651,0.0,06,000339
123918,0,0,0,0,123918,0.0,06,000340
124014,0,0,0,0,124014,0.0,06,000341
124281,0,0,0,0,124281,0.0,06,000342
124331,0,0,0,0,124331,0.0,06,000343
124341,0,0,0,0,124341,0.0,06,000344
124382,0,0,0,0,124382,0.0,06,000345
124399,0,0,0,0,124399,0.0,06,000346
124483,0,0,0,0,124483,0.0,06,000347
124357,0,0,0,0,124357,0.0,06,000348
124416,0,0,0,0,124416,0.0,06,000349
124352,0,0,0,0,124352,0.0,06,000350
124093,0,0,0,0,124093,0.0,06,000351
124020,0,0,0,0,124020,0.0,06,000352
123867,0,0,0,0,123867,0.0,06,000353
123538,0,0,0,0,123538,0.0,06,000354
123456,0,0,0,0,123456,0.0,06,000355
123147,0,0,0,0,123147,0.0,06,000356
122412,0,0,0,0,122412,0.0,06,000357
121203,0,0,0,0,121203,0.0,06,000358
120590,0,0,0,0,120590,0.0,06,000359
120387,0,0,0,0,120387,0.0,06,000360
120712,0,0,0,0,120712,0.0,06,000361
121459,0,0,0,0,121459,0.0,06,000362
121581,0,0,0,0,121581,0.0,06,000363
121161,0,0,0,0,121161,0.0,06,000364
121018,0,0,0,0,121018,0.0,06,000365
120733,0,0,0,0,120733,0.0,06,000366
121002,0,0,0,0,121002,0.0,06,000367
121743,0,0,0,0,121743,0.0,06,000368
122585,0,0,0,0,122585,0.0,06,000369
123060,0,0,0,0,123060,0.0,06,000370
123553,0,0,0,0,123553,0.0,06,000371
123871,0,0,0,0,123871,0.0,06,000372
124128,0,0,0,0,124128,0.0,06,000373
124257,0,0,0,0,124257,0.0,06,000374
124304,0,0,0,0,124304,0.0,06,000375
124169,0,0,0,0,124169,0.0,06,000376
124304,0,0,0,0,124304,0.0,06,000377
124593,0,0,0,0,124593,0.0,06,000378
124684,0,0,0,0,124684,0.0,06,000379
124319,0,0,0,0,124319,0.0,06,000380
124179,0,0,0,0,124179,0.0,06,000381
123928,0,0,0,0,123928,0.0,06,000382
123935,0,0,0,0,123935,0.0,06,000383
123300,0,0,0,0,123300,0.0,06,000384
122649,0,0,0,0,122649,0.0,06,000385
122069,0,0,0,0,122069,0.0,06,000386
121367,0,0,0,0,121367,0.0,06,000387
120094,0,0,0,0,120094,0.0,06,000388
118560,0,0,0,0,118560,0.0,06,000389
118692,0,0,0,0,118692,0.0,06,000390
119269,0,0,0,0,119269,0.0,06,000391
120621,0,0,0,0,120621,0.0,06,000392
122229,0,0,0,0,122229,0.0,06,000393
122758,0,0,0,0,122758,0.0,06,000394
123274,0,0,0,0,123274,0.0,06,000395
123391,0,0,0,0,123391,0.0,06,000396
123624,0,0,0,0,123624,0.0,06,000397
123714,0,0,0,0,123714,0.0,06,000398
123981,0,0,0,0,123981,0.0,06,000399
124030,0,0,0,0,124030,0.0,06,000400
124071,0,0,0,0,124071,0.0,06,000401
124474,0,0,0,0,124474,0.0,06,000402
124722,0,0,0,0,124722,0.0,06,000403
124439,0,0,0,0,124439,0.0,06,000404
124401,0,0,0,0,124401,0.0,06,000405
124462,0,0,0,0,124462,0.0,06,000406
124342,0,0,0,0,124342,0.0,06,000407
124211,0,0,0,0,124211,0.0,06,000408
124100,0,0,0,0,124100,0.0,06,000409
124068,0,0,0,0,124068,0.0,06,000410
123913,0,0,0,0,123913,0.0,06,000411
123599,0,0,0,0,123599,0.0,06,000412
123134,0,0,0,0,123134,0.0,06,000413
122342,0,0,0,0,122342,0.0,06,000414
120650,0,0,0,0,120650,0.0,06,000415
120374,0,0,0,0,120374,0.0,06,000416
119692,0,0,0,0,119692,0.0,06,000417
120506,0,0,0,0,120506,0.0,06,000418
121051,0,0,0,0,121051,0.0,06,000419
121719,0,0,0,0,121719,0.0,06,000420
122206,0,0,0,0,122206,0.0,06,000421
122387,0,0,0,0,122387,0.0,06,000422
122676,0,0,0,0,122676,0.0,06,000423
122976,0,0,0,0,122976,0.0,06,000424
123268,0,0,0,0,123268,0.0,06,000425
123509,0,0,0,0,123509,0.0,06,000426
123394,0,0,0,0,123394,0.0,06,000427
123318,0,0,0,0,123318,0.0,06,000428
123482,0,0,0,0,123482,0.0,06,000429
123578,0,0,0,0,123578,0.0,06,000430
123628,0,0,0,0,123628,0.0,06,000431
123845,0,0,0,0,123845,0.0,06,000432
124220,0,0,0,0,124220,0.0,06,000433
124320,0,0,0,0,124320,0.0,06,000434
124495,0,0,0,0,124495,0.0,06,000435
124590,0,0,0,0,124590,0.0,06,000436
124660,0,0,0,0,124660,0.0,06,000437
124824,0,0,0,0,124824,0.0,06,000438
124913,0,0,0,0,124913,0.0,06,000439
124910,0,0,0,0,124910,0.0,06,000440
124840,0,0,0,0,124840,0.0,06,000441
124871,0,0,0,0,124871,0.0,06,000442
124861,0,0,0,0,124861,0.0,06,000443
124873,0,0,0,0,124873,0.0,06,000444
124977,0,0,0,0,124977,0.0,06,000445
124862,0,0,0,0,124862,0.0,06,000446
124876,0,0,0,0,124876,0.0,06,000447
124818,0,0,0,0,124818,0.0,06,000448
124923,0,0,0,0,124923,0.0,06,000449
124990,0,0,0,0,124990,0.0,06,000450
124996,0,0,0,0,124996,0.0,06,000451
125022,0,0,0,0,125022,0.0,06,000452
125148,0,0,0,0,125148,0.0,06,000453
125075,0,0,0,0,125075,0.0,06,000454
125108,0,0,0,0,125108,0.0,06,000455
125025,0,0,0,0,125025,0.0,06,000456
125050,0,0,0,0,125050,0.0,06,000457
124862,0,0,0,0,124862,0.0,06,000458
124741,0,0,0,0,124741,0.0,06,000459
124738,0,0,0,0,124738,0.0,06,000460
124701,0,0,0,0,124701,0.0,06,000461
124607,0,0,0,0,124607,0.0,06,000462
124570,0,0,0,0,124570,0.0,06,000463
124466,0,0,0,0,124466,0.0,06,000464
124426,0,0,0,0,124426,0.0,06,000465
124331,0,0,0,0,124331,0.0,06,000466
124195,0,0,0,0,124195,0.0,06,000467
124187,0,0,0,0,124187,0.0,06,000468
124032,0,0,0,0,124032,0.0,06,000469
123950,0,0,0,0,123950,0.0,06,000470
123887,0,0,0,0,123887,0.0,06,000471
123719,0,0,0,0,123719,0.0,06,000472
123520,0,0,0,0,123520,0.0,06,000473
123438,0,0,0,0,123438,0.0,06,000474
123327,0,0,0,0,123327,0.0,06,000475
123089,0,0,0,0,123089,0.0,06,000476
122810,0,0,0,0,122810,0.0,06,000477
122416,0,0,0,0,122416,0.0,06,000478
122029,0,0,0,0,122029,0.0,06,000479
121573,0,0,0,0,121573,0.0,06,000480
121278,0,0,0,0,121278,0.0,06,000481
120898,0,0,0,0,120898,0.0,06,000482
120534,0,0,0,0,120534,0.0,06,000483
120210,0,0,0,0,120210,0.0,06,000484
119915,0,0,0,0,119915,0.0,06,000485
119567,0,0,0,0,119567,0.0,06,000486
119860,0,0,0,0,119860,0.0,06,000487
120194,0,0,0,0,120194,0.0,06,000488
120345,0,0,0,0,120345,0.0,06,000489
120826,0,0,0,0,120826,0.0,06,000490
121291,0,0,0,0,121291,0.0,06,000491
121422,0,0,0,0,121422,0.0,06,000492
121845,0,0,0,0,121845,0.0,06,000493
121980,0,0,0,0,121980,0.0,06,000494
121985,0,0,0,0,121985,0.0,06,000495
121886,0,0,0,0,121886,0.0,06,000496
121791,0,0,0,0,121791,0.0,06,000497
121843,0,0,0,0,121843,0.0,06,000498
121745,0,0,0,0,121745,0.0,06,000499
121706,0,0,0,0,121706,0.0,06,000500
121750,0,0,0,0,121750,0.0,06,000501
121721,0,0,0,0,121721,0.0,06,000502
121714,0,0,0,0,121714,0.0,06,000503
121152,0,0,0,0,121152,0.0,06,000504
120849,0,0,0,0,120849,0.0,06,000505
119849,0,0,0,0,119849,0.0,06,000506
118946,0,0,0,0,118946,0.0,06,000507
117612,0,0,0,0,117612,0.0,06,000508
116594,0,0,0,0,116594,0.0,06,000509
114780,0,0,0,0,114780,0.0,06,000510
113877,0,0,0,0,113877,0.0,06,000511
113363,0,0,0,0,113363,0.0,06,000512
113367,0,0,0,0,113367,0.0,06,000513
114169,0,0,0,0,114169,0.0,06,000514
115297,0,0,0,0,115297,0.0,06,000515
117557,0,0,0,0,117557,0.0,06,000516
119235,0,0,0,0,119235,0.0,06,000517
119745,0,0,0,0,119745,0.0,06,000518
119417,0,0,0,0,119417,0.0,06,000519
119189,0,0,0,0,119189,0.0,06,000520
119089,0,0,0,0,119089,0.0,06,000521
118417,0,0,0,0,118417,0.0,06,000522
118187,0,0,0,0,118187,0.0,06,000523
118104,0,0,0,0,118104,0.0,06,000524
119214,0,0,0,0,119214,0.0,06,000525
120407,0,0,0,0,120407,0.0,06,000526
121085,0,0,0,0,121085,0.0,06,000527
121084,0,0,0,0,121084,0.0,06,000528
121385,0,0,0,0,121385,0.0,06,000529
121833,0,0,0,0,121833,0.0,06,000530
122229,0,0,0,0,122229,0.0,06,000531
122727,0,0,0,0,122727,0.0,06,000532
122763,0,0,0,0,122763,0.0,06,000533
122822,0,0,0,0,122822,0.0,06,000534
122971,0,0,0,0,122971,0.0,06,000535
122670,0,0,0,0,122670,0.0,06,000536
122115,0,0,0,0,122115,0.0,06,000537
120880,0,0,0,0,120880,0.0,06,000538
119237,0,0,0,0,119237,0.0,06,000539
117540,0,0,0,0,117540,0.0,06,000540
116363,0,0,0,0,116363,0.0,06,000541
115529,0,0,0,0,115529,0.0,06,000542
115269,0,0,0,0,115269,0.0,06,000543
116804,0,0,0,0,116804,0.0,06,000544
118284,0,0,0,0,118284,0.0,06,000545
118767,0,0,0,0,118767,0.0,06,000546
118774,0,0,0,0,118774,0.0,06,000547
118922,0,0,0,0,118922,0.0,06,000548
119451,0,0,0,0,119451,0.0,06,000549
119563,0,0,0,0,119563,0.0,06,000550
120695,0,0,0,0,120695,0.0,06,000551
122559,0,0,0,0,122559,0.0,06,000552
123460,0,0,0,0,123460,0.0,06,000553
123566,0,0,0,0,123566,0.0,06,000554
123906,0,0,0,0,123906,0.0,06,000555
124176,0,0,0,0,124176,0.0,06,000556
124182,0,0,0,0,124182,0.0,06,000557
124250,0,0,0,0,124250,0.0,06,000558
124340,0,0,0,0,124340,0.0,06,000559
124482,0,0,0,0,124482,0.0,06,000560
124553,0,0,0,0,124553,0.0,06,000561
124506,0,0,0,0,124506,0.0,06,000562
124355,0,0,0,0,124355,0.0,06,000563
124725,0,0,0,0,124725,0.0,06,000564
124437,0,0,0,0,124437,0.0,06,000565
124368,0,0,0,0,124368,0.0,06,000566
124218,0,0,0,0,124218,0.0,06,000567
124200,0,0,0,0,124200,0.0,06,000568
124451,0,0,0,0,124451,0.0,06,000569
124440,0,0,0,0,124440,0.0,06,000570
124617,0,0,0,0,124617,0.0,06,000571
124635,0,0,0,0,124635,0.0,06,000572
124500,0,0,0,0,124500,0.0,06,000573
124598,0,0,0,0,124598,0.0,06,000574
124316,0,0,0,0,124316,0.0,06,000575
124266,0,0,0,0,124266,0.0,06,000576
124076,0,0,0,0,124076,0.0,06,000577
123697,0,0,0,0,123697,0.0,06,000578
123246,0,0,0,0,123246,0.0,06,000579
122412,0,0,0,0,122412,0.0,06,000580
122046,0,0,0,0,122046,0.0,06,000581
121572,0,0,0,0,121572,0.0,06,000582
121003,0,0,0,0,121003,0.0,06,000583
121383,0,0,0,0,121383,0.0,06,000584
121753,0,0,0,0,121753,0.0,06,000585
121652,0,0,0,0,121652,0.0,06,000586
121731,0,0,0,0,121731,0.0,06,000587
121341,0,0,0,0,121341,0.0,06,000588
120493,0,0,0,0,120493,0.0,06,000589
119198,0,0,0,0,119198,0.0,06,000590
118868,0,0,0,0,118868,0.0,06,000591
119301,0,0,0,0,119301,0.0,06,000592
119578,0,0,0,0,119578,0.0,06,000593
119185,0,0,0,0,119185,0.0,06,000594
119392,0,0,0,0,119392,0.0,06,000595
119449,0,0,0,0,119449,0.0,06,000596
118449,0,0,0,0,118449,0.0,06,000597
117076,0,0,0,0,117076,0.0,06,000598
115963,0,0,0,0,115963,0.0,06,000599
115607,0,0,0,0,115607,0.0,06,000600
115296,0,0,0,0,115296,0.0,06,000601
116690,0,0,0,0,116690,0.0,06,000602
118199,0,0,0,0,118199,0.0,06,000603
119626,0,0,0,0,119626,0.0,06,000604
119719,0,0,0,0,119719,0.0,06,000605
119153,0,0,0,0,119153,0.0,06,000606
119034,0,0,0,0,119034,0.0,06,000607
117981,0,0,0,0,117981,0.0,06,000608
117807,0,0,0,0,117807,0.0,06,000609
118218,0,0,0,0,118218,0.0,06,000610
118126,0,0,0,0,118126,0.0,06,000611
118153,0,0,0,0,118153,0.0,06,000612
119345,0,0,0,0,119345,0.0,06,000613
121157,0,0,0,0,121157,0.0,06,000614
122235,0,0,0,0,122235,0.0,06,000615
122669,0,0,0,0,122669,0.0,06,000616
122928,0,0,0,0,122928,0.0,06,000617
122702,0,0,0,0,122702,0.0,06,000618
122821,0,0,0,0,122821,0.0,06,000619
122213,0,0,0,0,122213,0.0,06,000620
122527,0,0,0,0,122527,0.0,06,000621
122249,0,0,0,0,122249,0.0,06,000622
121974,0,0,0,0,121974,0.0,06,000623
122112,0,0,0,0,122112,0.0,06,000624
121973,0,0,0,0,121973,0.0,06,000625
122151,0,0,0,0,122151,0.0,06,000626
122395,0,0,0,0,122395,0.0,06,000627
122549,0,0,0,0,122549,0.0,06,000628
122619,0,0,0,0,122619,0.0,06,000629
122658,0,0,0,0,122658,0.0,06,000630
122813,0,0,0,0,122813,0.0,06,000631
122640,0,0,0,0,122640,0.0,06,000632
122434,0,0,0,0,122434,0.0,06,000633
122186,0,0,0,0,122186,0.0,06,000634
121989,0,0,0,0,121989,0.0,06,000635
121740,0,0,0,0,121740,0.0,06,000636
121362,0,0,0,0,121362,0.0,06,000637
120890,0,0,0,0,120890,0.0,06,000638
121329,0,0,0,0,121329,0.0,06,000639
121214,0,0,0,0,121214,0.0,06,000640
121545,0,0,0,0,121545,0.0,06,000641
122389,0,0,0,0,122389,0.0,06,000642
122990,0,0,0,0,122990,0.0,06,000643
123562,0,0,0,0,123562,0.0,06,000644
123921,0,0,0,0,123921,0.0,06,000645
124085,0,0,0,0,124085,0.0,06,000646
124098,0,0,0,0,124098,0.0,06,000647
124066,0,0,0,0,124066,0.0,06,000648
124067,0,0,0,0,124067,0.0,06,000649
123961,0,0,0,0,123961,0.0,06,000650
123777,0,0,0,0,123777,0.0,06,000651
123448,0,0,0,0,123448,0.0,06,000652
122962,0,0,0,0,122962,0.0,06,000653
122159,0,0,0,0,122159,0.0,06,000654
121441,0,0,0,0,121441,0.0,06,000655
120389,0,0,0,0,120389,0.0,06,000656
119419,0,0,0,0,119419,0.0,06,000657
118141,0,0,0,0,118141,0.0,06,000658
118016,0,0,0,0,118016,0.0,06,000659
118190,0,0,0,0,118190,0.0,06,000660
117750,0,0,0,0,117750,0.0,06,000661
118096,0,0,0,0,118096,0.0,06,000662
119125,0,0,0,0,119125,0.0,06,000663
120709,0,0,0,0,120709,0.0,06,000664
122060,0,0,0,0,122060,0.0,06,000665
122993,0,0,0,0,122993,0.0,06,000666
123475,0,0,0,0,123475,0.0,06,000667
123409,0,0,0,0,123409,0.0,06,000668
123659,0,0,0,0,123659,0.0,06,000669
123906,0,0,0,0,123906,0.0,06,000670
123960,0,0,0,0,123960,0.0,06,000671
124210,0,0,0,0,124210,0.0,06,000672
124164,0,0,0,0,124164,0.0,06,000673
123743,0,0,0,0,123743,0.0,06,000674
123607,0,0,0,0,123607,0.0,06,000675
123346,0,0,0,0,123346,0.0,06,000676
123113,0,0,0,0,123113,0.0,06,000677
122896,0,0,0,0,122896,0.0,06,000678
122630,0,0,0,0,122630,0.0,06,000679
122240,0,0,0,0,122240,0.0,06,000680
121921,0,0,0,0,121921,0.0,06,000681
122267,0,0,0,0,122267,0.0,06,000682
122562,0,0,0,0,122562,0.0,06,000683
122753,0,0,0,0,122753,0.0,06,000684
123118,0,0,0,0,123118,0.0,06,000685
123356,0,0,0,0,123356,0.0,06,000686
123491,0,0,0,0,123491,0.0,06,000687
123414,0,0,0,0,123414,0.0,06,000688
123394,0,0,0,0,123394,0.0,06,000689
123438,0,0,0,0,123438,0.0,06,000690
123406,0,0,0,0,123406,0.0,06,000691
123377,0,0,0,0,123377,0.0,06,000692
123727,0,0,0,0,123727,0.0,06,000693
123886,0,0,0,0,123886,0.0,06,000694
124054,0,0,0,0,124054,0.0,06,000695
124271,0,0,0,0,124271,0.0,06,000696
124464,0,0,0,0,124464,0.0,06,000697
124601,0,0,0,0,124601,0.0,06,000698
124756,0,0,0,0,124756,0.0,06,000699
124957,0,0,0,0,124957,0.0,06,000700
124963,0,0,0,0,124963,0.0,06,000701
125021,0,0,0,0,125021,0.0,06,000702
124970,0,0,0,0,124970,0.0,06,000703
124696,0,0,0,0,124696,0.0,06,000704
124546,0,0,0,0,124546,0.0,06,000705
124195,0,0,0,0,124195,0.0,06,000706
124080,0,0,0,0,124080,0.0,06,000707
123990,0,0,0,0,123990,0.0,06,000708
123790,0,0,0,0,123790,0.0,06,000709
123493,0,0,0,0,123493,0.0,06,000710
123142,0,0,0,0,123142,0.0,06,000711
123055,0,0,0,0,123055,0.0,06,000712
122987,0,0,0,0,122987,0.0,06,000713
123107,0,0,0,0,123107,0.0,06,000714
123107,0,0,0,0,123107,0.0,06,000715
123074,0,0,0,0,123074,0.0,06,000716
123087,0,0,0,0,123087,0.0,06,000717
123093,0,0,0,0,123093,0.0,06,000718
123055,0,0,0,0,123055,0.0,06,000719
122975,0,0,0,0,122975,0.0,06,000720
122915,0,0,0,0,122915,0.0,06,000721
123381,0,0,0,0,123381,0.0,06,000722
123745,0,0,0,0,123745,0.0,06,000723
124049,0,0,0,0,124049,0.0,06,000724
123994,0,0,0,0,123994,0.0,06,000725
123874,0,0,0,0,123874,0.0,06,000726
124022,0,0,0,0,124022,0.0,06,000727
123962,0,0,0,0,123962,0.0,06,000728
123856,0,0,0,0,123856,0.0,06,000729
124022,0,0,0,0,124022,0.0,06,000730
124293,0,0,0,0,124293,0.0,06,000731
124164,0,0,0,0,124164,0.0,06,000732
123977,0,0,0,0,123977,0.0,06,000733
123787,0,0,0,0,123787,0.0,06,000734
123734,0,0,0,0,123734,0.0,06,000735
123519,0,0,0,0,123519,0.0,06,000736
123288,0,0,0,0,123288,0.0,06,000737
122053,0,0,0,0,122053,0.0,06,000738
121861,0,0,0,0,121861,0.0,06,000739
121985,0,0,0,0,121985,0.0,06,000740
122240,0,0,0,0,122240,0.0,06,000741
122386,0,0,0,0,122386,0.0,06,000742
122699,0,0,0,0,122699,0.0,06,000743
123206,0,0,0,0,123206,0.0,06,000744
123639,0,0,0,0,123639,0.0,06,000745
123791,0,0,0,0,123791,0.0,06,000746
123982,0,0,0,0,123982,0.0,06,000747
124171,0,0,0,0,124171,0.0,06,000748
124278,0,0,0,0,124278,0.0,06,000749
124397,0,0,0,0,124397,0.0,06,000750
124211,0,0,0,0,124211,0.0,06,000751
124066,0,0,0,0,124066,0.0,06,000752
123932,0,0,0,0,123932,0.0,06,000753
123995,0,0,0,0,123995,0.0,06,000754
123801,0,0,0,0,123801,0.0,06,000755
123808,0,0,0,0,123808,0.0,06,000756
123733,0,0,0,0,123733,0.0,06,000757
123931,0,0,0,0,123931,0.0,06,000758
123914,0,0,0,0,123914,0.0,06,000759
124009,0,0,0,0,124009,0.0,06,000760
123861,0,0,0,0,123861,0.0,06,000761
123772,0,0,0,0,123772,0.0,06,000762
123861,0,0,0,0,123861,0.0,06,000763
124093,0,0,0,0,124093,0.0,06,000764
123980,0,0,0,0,123980,0.0,06,000765
123507,0,0,0,0,123507,0.0,06,000766
122763,0,0,0,0,122763,0.0,06,000767
122477,0,0,0,0,122477,0.0,06,000768
121803,0,0,0,0,121803,0.0,06,000769
121301,0,0,0,0,121301,0.0,06,000770
120048,0,0,0,0,120048,0.0,06,000771
119023,0,0,0,0,119023,0.0,06,000772
118695,0,0,0,0,118695,0.0,06,000773
119073,0,0,0,0,119073,0.0,06,000774
118646,0,0,0,0,118646,0.0,06,000775
117887,0,0,0,0,117887,0.0,06,000776
117473,0,0,0,0,117473,0.0,06,000777
115704,0,0,0,0,115704,0.0,06,000778
114239,0,0,0,0,114239,0.0,06,000779
113256,0,0,0,0,113256,0.0,06,000780
111982,0,0,0,0,111982,0.0,06,000781
112503,0,0,0,0,112503,0.0,06,000782
113990,0,0,0,0,113990,0.0,06,000783
115682,0,0,0,0,115682,0.0,06,000784
116458,0,0,0,0,116458,0.0,06,000785
118112,0,0,0,0,118112,0.0,06,000786
120229,0,0,0,0,120229,0.0,06,000787
121525,0,0,0,0,121525,0.0,06,000788
122108,0,0,0,0,122108,0.0,06,000789
122320,0,0,0,0,122320,0.0,06,000790
122694,0,0,0,0,122694,0.0,06,000791
122641,0,0,0,0,122641,0.0,06,000792
122949,0,0,0,0,122949,0.0,06,000793
123031,0,0,0,0,123031,0.0,06,000794
123194,0,0,0,0,123194,0.0,06,000795
123717,0,0,0,0,123717,0.0,06,000796
123714,0,0,0,0,123714,0.0,06,000797
123392,0,0,0,0,123392,0.0,06,000798
122925,0,0,0,0,122925,0.0,06,000799
122323,0,0,0,0,122323,0.0,06,000800
121983,0,0,0,0,121983,0.0,06,000801
121204,0,0,0,0,121204,0.0,06,000802
119504,0,0,0,0,119504,0.0,06,000803
118033,0,0,0,0,118033,0.0,06,000804
117373,0,0,0,0,117373,0.0,06,000805
116482,0,0,0,0,116482,0.0,06,000806
115584,0,0,0,0,115584,0.0,06,000807
115830,0,0,0,0,115830,0.0,06,000808
116294,0,0,0,0,116294,0.0,06,000809
116364,0,0,0,0,116364,0.0,06,000810
115757,0,0,0,0,115757,0.0,06,000811
114699,0,0,0,0,114699,0.0,06,000812
114418,0,0,0,0,114418,0.0,06,000813
114976,0,0,0,0,114976,0.0,06,000814
115248,0,0,0,0,115248,0.0,06,000815
117850,0,0,0,0,117850,0.0,06,000816
120513,0,0,0,0,120513,0.0,06,000817
122002,0,0,0,0,122002,0.0,06,000818
122665,0,0,0,0,122665,0.0,06,000819
123149,0,0,0,0,123149,0.0,06,000820
123438,0,0,0,0,123438,0.0,06,000821
123729,0,0,0,0,123729,0.0,06,000822
123726,0,0,0,0,123726,0.0,06,000823
123937,0,0,0,0,123937,0.0,06,000824
123959,0,0,0,0,123959,0.0,06,000825
124006,0,0,0,0,124006,0.0,06,000826
123846,0,0,0,0,123846,0.0,06,000827
123557,0,0,0,0,123557,0.0,06,000828
123370,0,0,0,0,123370,0.0,06,000829
123069,0,0,0,0,123069,0.0,06,000830
123252,0,0,0,0,123252,0.0,06,000831
123167,0,0,0,0,123167,0.0,06,000832
123026,0,0,0,0,123026,0.0,06,000833
122982,0,0,0,0,122982,0.0,06,000834
123351,0,0,0,0,123351,0.0,06,000835
123064,0,0,0,0,123064,0.0,06,000836
122788,0,0,0,0,122788,0.0,06,000837
122432,0,0,0,0,122432,0.0,06,000838
122125,0,0,0,0,122125,0.0,06,000839
121562,0,0,0,0,121562,0.0,06,000840
121023,0,0,0,0,121023,0.0,06,000841
120160,0,0,0,0,120160,0.0,06,000842
118750,0,0,0,0,118750,0.0,06,000843
118192,0,0,0,0,118192,0.0,06,000844
118529,0,0,0,0,118529,0.0,06,000845
118036,0,0,0,0,118036,0.0,06,000846
118923,0,0,0,0,118923,0.0,06,000847
120630,0,0,0,0,120630,0.0,06,000848
121648,0,0,0,0,121648,0.0,06,000849
122129,0,0,0,0,122129,0.0,06,000850
122851,0,0,0,0,122851,0.0,06,000851
123165,0,0,0,0,123165,0.0,06,000852
123359,0,0,0,0,123359,0.0,06,000853
123656,0,0,0,0,123656,0.0,06,000854
123246,0,0,0,0,123246,0.0,06,000855
123008,0,0,0,0,123008,0.0,06,000856
122575,0,0,0,0,122575,0.0,06,000857
122204,0,0,0,0,122204,0.0,06,000858
121798,0,0,0,0,121798,0.0,06,000859
120871,0,0,0,0,120871,0.0,06,000860
119658,0,0,0,0,119658,0.0,06,000861
119173,0,0,0,0,119173,0.0,06,000862
119997,0,0,0,0,119997,0.0,06,000863
120884,0,0,0,0,120884,0.0,06,000864
121774,0,0,0,0,121774,0.0,06,000865
121989,0,0,0,0,121989,0.0,06,000866
122647,0,0,0,0,122647,0.0,06,000867
122725,0,0,0,0,122725,0.0,06,000868
122893,0,0,0,0,122893,0.0,06,000869
122624,0,0,0,0,122624,0.0,06,000870
122746,0,0,0,0,122746,0.0,06,000871
122680,0,0,0,0,122680,0.0,06,000872
122757,0,0,0,0,122757,0.0,06,000873
122571,0,0,0,0,122571,0.0,06,000874
122452,0,0,0,0,122452,0.0,06,000875
122479,0,0,0,0,122479,0.0,06,000876
122594,0,0,0,0,122594,0.0,06,000877
122592,0,0,0,0,122592,0.0,06,000878
122701,0,0,0,0,122701,0.0,06,000879
122760,0,0,0,0,122760,0.0,06,000880
122877,0,0,0,0,122877,0.0,06,000881
123172,0,0,0,0,123172,0.0,06,000882
123274,0,0,0,0,123274,0.0,06,000883
123119,0,0,0,0,123119,0.0,06,000884
122927,0,0,0,0,122927,0.0,06,000885
122924,0,0,0,0,122924,0.0,06,000886
122745,0,0,0,0,122745,0.0,06,000887
122770,0,0,0,0,122770,0.0,06,000888
122785,0,0,0,0,122785,0.0,06,000889
122750,0,0,0,0,122750,0.0,06,000890
122761,0,0,0,0,122761,0.0,06,000891
122597,0,0,0,0,122597,0.0,06,000892
122492,0,0,0,0,122492,0.0,06,000893
122403,0,0,0,0,122403,0.0,06,000894
122585,0,0,0,0,122585,0.0,06,000895
122618,0,0,0,0,122618,0.0,06,000896
122631,0,0,0,0,122631,0.0,06,000897
123050,0,0,0,0,123050,0.0,06,000898
123148,0,0,0,0,123148,0.0,06,000899
123205,0,0,0,0,123205,0.0,06,000900
122944,0,0,0,0,122944,0.0,06,000901
122286,0,0,0,0,122286,0.0,06,000902
121524,0,0,0,0,121524,0.0,06,000903
121350,0,0,0,0,121350,0.0,06,000904
121230,0,0,0,0,121230,0.0,06,000905
121325,0,0,0,0,121325,0.0,06,000906
121521,0,0,0,0,121521,0.0,06,000907
121980,0,0,0,0,121980,0.0,06,000908
122176,0,0,0,0,122176,0.0,06,000909
122379,0,0,0,0,122379,0.0,06,000910
122587,0,0,0,0,122587,0.0,06,000911
122551,0,0,0,0,122551,0.0,06,000912
122874,0,0,0,0,122874,0.0,06,000913
122768,0,0,0,0,122768,0.0,06,000914
122737,0,0,0,0,122737,0.0,06,000915
122580,0,0,0,0,122580,0.0,06,000916
122685,0,0,0,0,122685,0.0,06,000917
122785,0,0,0,0,122785,0.0,06,000918
122921,0,0,0,0,122921,0.0,06,000919
122865,0,0,0,0,122865,0.0,06,000920
122939,0,0,0,0,122939,0.0,06,000921
123248,0,0,0,0,123248,0.0,06,000922
123332,0,0,0,0,123332,0.0,06,000923
123514,0,0,0,0,123514,0.0,06,000924
123797,0,0,0,0,123797,0.0,06,000925
123857,0,0,0,0,123857,0.0,06,000926
123954,0,0,0,0,123954,0.0,06,000927
123954,0,0,0,0,123954,0.0,06,000928
123878,0,0,0,0,123878,0.0,06,000929
123841,0,0,0,0,123841,0.0,06,000930
123768,0,0,0,0,123768,0.0,06,000931
123850,0,0,0,0,123850,0.0,06,000932
123833,0,0,0,0,123833,0.0,06,000933
123804,0,0,0,0,123804,0.0,06,000934
123823,0,0,0,0,123823,0.0,06,000935
123877,0,0,0,0,123877,0.0,06,000936
123952,0,0,0,0,123952,0.0,06,000937
124007,0,0,0,0,124007,0.0,06,000938
124080,0,0,0,0,124080,0.0,06,000939
124145,0,0,0,0,124145,0.0,06,000940
124197,0,0,0,0,124197,0.0,06,000941
124141,0,0,0,0,124141,0.0,06,000942
123967,0,0,0,0,123967,0.0,06,000943
123855,0,0,0,0,123855,0.0,06,000944
123587,0,0,0,0,123587,0.0,06,000945
123758,0,0,0,0,123758,0.0,06,000946
123709,0,0,0,0,123709,0.0,06,000947
123756,0,0,0,0,123756,0.0,06,000948
123923,0,0,0,0,123923,0.0,06,000949
123915,0,0,0,0,123915,0.0,06,000950
123925,0,0,0,0,123925,0.0,06,000951
123820,0,0,0,0,123820,0.0,06,000952
123740,0,0,0,0,123740,0.0,06,000953
123458,0,0,0,0,123458,0.0,06,000954
123595,0,0,0,0,123595,0.0,06,000955
123650,0,0,0,0,123650,0.0,06,000956
123849,0,0,0,0,123849,0.0,06,000957
123895,0,0,0,0,123895,0.0,06,000958
124000,0,0,0,0,124000,0.0,06,000959
123854,0,0,0,0,123854,0.0,06,000960
123860,0,0,0,0,123860,0.0,06,000961
123858,0,0,0,0,123858,0.0,06,000962
123993,0,0,0,0,123993,0.0,06,000963
123811,0,0,0,0,123811,0.0,06,000964
123797,0,0,0,0,123797,0.0,06,000965
123797,0,0,0,0,123797,0.0,06,000966
123846,0,0,0,0,123846,0.0,06,000967
123959,0,0,0,0,123959,0.0,06,000968
123909,0,0,0,0,123909,0.0,06,000969
124133,0,0,0,0,124133,0.0,06,000970
123897,0,0,0,0,123897,0.0,06,000971
124025,0,0,0,0,124025,0.0,06,000972
123842,0,0,0,0,123842,0.0,06,000973
123978,0,0,0,0,123978,0.0,06,000974
123847,0,0,0,0,123847,0.0,06,000975
123696,0,0,0,0,123696,0.0,06,000976
123764,0,0,0,0,123764,0.0,06,000977
123781,0,0,0,0,123781,0.0,06,000978
123915,0,0,0,0,123915,0.0,06,000979
124054,0,0,0,0,124054,0.0,06,000980
123874,0,0,0,0,123874,0.0,06,000981
123828,0,0,0,0,123828,0.0,06,000982
123916,0,0,0,0,123916,0.0,06,000983
123818,0,0,0,0,123818,0.0,06,000984
123339,0,0,0,0,123339,0.0,06,000985
122935,0,0,0,0,122935,0.0,06,000986
122121,0,0,0,0,122121,0.0,06,000987
121519,0,0,0,0,121519,0.0,06,000988
120874,0,0,0,0,120874,0.0,06,000989
119450,0,0,0,0,119450,0.0,06,000990
118278,0,0,0,0,118278,0.0,06,000991
117777,0,0,0,0,117777,0.0,06,000992
117576,0,0,0,0,117576,0.0,06,000993
117125,0,0,0,0,117125,0.0,06,000994
117963,0,0,0,0,117963,0.0,06,000995
119415,0,0,0,0,119415,0.0,06,000996
120851,0,0,0,0,120851,0.0,06,000997
121581,0,0,0,0,121581,0.0,06,000998
121966,0,0,0,0,121966,0.0,06,000999
122032,0,0,0,0,122032,0.0,06,001000
121843,0,0,0,0,121843,0.0,06,001001
121375,0,0,0,0,121375,0.0,06,001002
120587,0,0,0,0,120587,0.0,06,001003
120011,0,0,0,0,120011,0.0,06,001004
119848,0,0,0,0,119848,0.0,06,001005
119996,0,0,0,0,119996,0.0,06,001006
119948,0,0,0,0,119948,0.0,06,001007
120460,0,0,0,0,120460,0.0,06,001008
121122,0,0,0,0,121122,0.0,06,001009
121640,0,0,0,0,121640,0.0,06,001010
122238,0,0,0,0,122238,0.0,06,001011
122493,0,0,0,0,122493,0.0,06,001012
122640,0,0,0,0,122640,0.0,06,001013
122729,0,0,0,0,122729,0.0,06,001014
122944,0,0,0,0,122944,0.0,06,001015
123099,0,0,0,0,123099,0.0,06,001016
123066,0,0,0,0,123066,0.0,06,001017
123016,0,0,0,0,123016,0.0,06,001018
122677,0,0,0,0,122677,0.0,06,001019
122707,0,0,0,0,122707,0.0,06,001020
122812,0,0,0,0,122812,0.0,06,001021
122755,0,0,0,0,122755,0.0,06,001022
122750,0,0,0,0,122750,0.0,06,001023
122634,0,0,0,0,122634,0.0,06,001024
122287,0,0,0,0,122287,0.0,06,001025
122157,0,0,0,0,122157,0.0,06,001026
121917,0,0,0,0,121917,0.0,06,001027
122050,0,0,0,0,122050,0.0,06,001028
122006,0,0,0,0,122006,0.0,06,001029
121974,0,0,0,0,121974,0.0,06,001030
121842,0,0,0,0,121842,0.0,06,001031
121887,0,0,0,0,121887,0.0,06,001032
122013,0,0,0,0,122013,0.0,06,001033
122164,0,0,0,0,122164,0.0,06,001034
122565,0,0,0,0,122565,0.0,06,001035
122744,0,0,0,0,122744,0.0,06,001036
123206,0,0,0,0,123206,0.0,06,001037
123512,0,0,0,0,123512,0.0,06,001038
123651,0,0,0,0,123651,0.0,06,001039
124053,0,0,0,0,124053,0.0,06,001040
124166,0,0,0,0,124166,0.0,06,001041
118598,0,0,0,0,118598,0.0,06,001042
120019,0,0,0,0,120019,0.0,06,001043
122593,0,0,0,0,122593,0.0,06,001044
123641,0,0,0,0,123641,0.0,06,001045
122401,0,0,0,0,122401,0.0,06,001046
122042,0,0,0,0,122042,0.0,06,001047
120381,0,0,0,0,120381,0.0,06,001048
119775,0,0,0,0,119775,0.0,06,001049
120185,0,0,0,0,120185,0.0,06,001050
120874,0,0,0,0,120874,0.0,06,001051
121531,0,0,0,0,121531,0.0,06,001052
121943,0,0,0,0,121943,0.0,06,001053
122617,0,0,0,0,122617,0.0,06,001054
123315,0,0,0,0,123315,0.0,06,001055
123647,0,0,0,0,123647,0.0,06,001056
124003,0,0,0,0,124003,0.0,06,001057
124042,0,0,0,0,124042,0.0,06,001058
124252,0,0,0,0,124252,0.0,06,001059
124357,0,0,0,0,124357,0.0,06,001060
124552,0,0,0,0,124552,0.0,06,001061
124651,0,0,0,0,124651,0.0,06,001062
124807,0,0,0,0,124807,0.0,06,001063
124893,0,0,0,0,124893,0.0,06,001064
125018,0,0,0,0,125018,0.0,06,001065
124883,0,0,0,0,124883,0.0,06,001066
124824,0,0,0,0,124824,0.0,06,001067
124929,0,0,0,0,124929,0.0,06,001068
124897,0,0,0,0,124897,0.0,06,001069
124749,0,0,0,0,124749,0.0,06,001070
124729,0,0,0,0,124729,0.0,06,001071
124768,0,0,0,0,124768,0.0,06,001072
124587,0,0,0,0,124587,0.0,06,001073
124302,0,0,0,0,124302,0.0,06,001074
124079,0,0,0,0,124079,0.0,06,001075
124019,0,0,0,0,124019,0.0,06,001076
123829,0,0,0,0,123829,0.0,06,001077
123690,0,0,0,0,123690,0.0,06,001078
123583,0,0,0,0,123583,0.0,06,001079
123384,0,0,0,0,123384,0.0,06,001080
123151,0,0,0,0,123151,0.0,06,001081
122956,0,0,0,0,122956,0.0,06,001082
122859,0,0,0,0,122859,0.0,06,001083
123262,0,0,0,0,123262,0.0,06,001084
123394,0,0,0,0,123394,0.0,06,001085
123324,0,0,0,0,123324,0.0,06,001086
123244,0,0,0,0,123244,0.0,06,001087
122955,0,0,0,0,122955,0.0,06,001088
122508,0,0,0,0,122508,0.0,06,001089
122345,0,0,0,0,122345,0.0,06,001090
122286,0,0,0,0,122286,0.0,06,001091
122241,0,0,0,0,122241,0.0,06,001092
122019,0,0,0,0,122019,0.0,06,001093
122287,0,0,0,0,122287,0.0,06,001094
122103,0,0,0,0,122103,0.0,06,001095
122328,0,0,0,0,122328,0.0,06,001096
122141,0,0,0,0,122141,0.0,06,001097
122079,0,0,0,0,122079,0.0,06,001098
122167,0,0,0,0,122167,0.0,06,001099
122139,0,0,0,0,122139,0.0,06,001100
122626,0,0,0,0,122626,0.0,07,000000
122619,0,0,0,0,122619,0.0,07,000001
122662,0,0,0,0,122662,0.0,07,000002
122581,0,0,0,0,122581,0.0,07,000003
122504,0,0,0,0,122504,0.0,07,000004
122526,0,0,0,0,122526,0.0,07,000005
122370,0,0,0,0,122370,0.0,07,000006
122300,0,0,0,0,122300,0.0,07,000007
122297,0,0,0,0,122297,0.0,07,000008
122335,0,0,0,0,122335,0.0,07,000009
122474,0,0,0,0,122474,0.0,07,000010
122548,0,0,0,0,122548,0.0,07,000011
122872,0,0,0,0,122872,0.0,07,000012
122797,0,0,0,0,122797,0.0,07,000013
122901,0,0,0,0,122901,0.0,07,000014
123070,0,0,0,0,123070,0.0,07,000015
123091,0,0,0,0,123091,0.0,07,000016
123069,0,0,0,0,123069,0.0,07,000017
123019,0,0,0,0,123019,0.0,07,000018
123078,0,0,0,0,123078,0.0,07,000019
122905,0,0,0,0,122905,0.0,07,000020
122981,0,0,0,0,122981,0.0,07,000021
122953,0,0,0,0,122953,0.0,07,000022
122760,0,0,0,0,122760,0.0,07,000023
122663,0,0,0,0,122663,0.0,07,000024
122560,0,0,0,0,122560,0.0,07,000025
122504,0,0,0,0,122504,0.0,07,000026
122343,0,0,0,0,122343,0.0,07,000027
122316,0,0,0,0,122316,0.0,07,000028
122252,0,0,0,0,122252,0.0,07,000029
122230,0,0,0,0,122230,0.0,07,000030
122253,0,0,0,0,122253,0.0,07,000031
122134,0,0,0,0,122134,0.0,07,000032
122244,0,0,0,0,122244,0.0,07,000033
122167,0,0,0,0,122167,0.0,07,000034
122067,0,0,0,0,122067,0.0,07,000035
121904,0,0,0,0,121904,0.0,07,000036
121900,0,0,0,0,121900,0.0,07,000037
122131,0,0,0,0,122131,0.0,07,000038
122217,0,0,0,0,122217,0.0,07,000039
122149,0,0,0,0,122149,0.0,07,000040
122266,0,0,0,0,122266,0.0,07,000041
122989,0,0,0,0,122989,0.0,07,000042
123114,0,0,0,0,123114,0.0,07,000043
123145,0,0,0,0,123145,0.0,07,000044
123157,0,0,0,0,123157,0.0,07,000045
122655,0,0,0,0,122655,0.0,07,000046
121877,0,0,0,0,121877,0.0,07,000047
120689,0,0,0,0,120689,0.0,07,000048
119088,0,0,0,0,119088,0.0,07,000049
117762,0,0,0,0,117762,0.0,07,000050
116862,0,0,0,0,116862,0.0,07,000051
115887,0,0,0,0,115887,0.0,07,000052
114555,0,0,0,0,114555,0.0,07,000053
113355,0,0,0,0,113355,0.0,07,000054
113459,0,0,0,0,113459,0.0,07,000055
113728,0,0,0,0,113728,0.0,07,000056
113087,0,0,0,0,113087,0.0,07,000057
113524,0,0,0,0,113524,0.0,07,000058
113789,0,0,0,0,113789,0.0,07,000059
114633,0,0,0,0,114633,0.0,07,000060
115345,0,0,0,0,115345,0.0,07,000061
116733,0,0,0,0,116733,0.0,07,000062
115997,0,0,0,0,115997,0.0,07,000063
114478,0,0,0,0,114478,0.0,07,000064
114009,0,0,0,0,114009,0.0,07,000065
114637,0,0,0,0,114637,0.0,07,000066
116544,0,0,0,0,116544,0.0,07,000067
116559,0,0,0,0,116559,0.0,07,000068
116333,0,0,0,0,116333,0.0,07,000069
115499,0,0,0,0,115499,0.0,07,000070
115589,0,0,0,0,115589,0.0,07,000071
115520,0,0,0,0,115520,0.0,07,000072
116878,0,0,0,0,116878,0.0,07,000073
117920,0,0,0,0,117920,0.0,07,000074
118254,0,0,0,0,118254,0.0,07,000075
118020,0,0,0,0,118020,0.0,07,000076
117190,0,0,0,0,117190,0.0,07,000077
116223,0,0,0,0,116223,0.0,07,000078
116887,0,0,0,0,116887,0.0,07,000079
117346,0,0,0,0,117346,0.0,07,000080
117502,0,0,0,0,117502,0.0,07,000081
116400,0,0,0,0,116400,0.0,07,000082
114643,0,0,0,0,114643,0.0,07,000083
113320,0,0,0,0,113320,0.0,07,000084
113306,0,0,0,0,113306,0.0,07,000085
113780,0,0,0,0,113780,0.0,07,000086
115490,0,0,0,0,115490,0.0,07,000087
116844,0,0,0,0,116844,0.0,07,000088
118730,0,0,0,0,118730,0.0,07,000089
120358,0,0,0,0,120358,0.0,07,000090
121548,0,0,0,0,121548,0.0,07,000091
122619,0,0,0,0,122619,0.0,07,000092
123320,0,0,0,0,123320,0.0,07,000093
124073,0,0,0,0,124073,0.0,07,000094
124449,0,0,0,0,124449,0.0,07,000095
124680,0,0,0,0,124680,0.0,07,000096
124825,0,0,0,0,124825,0.0,07,000097
124825,0,0,0,0,124825,0.0,07,000098
124670,0,0,0,0,124670,0.0,07,000099
124076,0,0,0,0,124076,0.0,07,000100
123673,0,0,0,0,123673,0.0,07,000101
122794,0,0,0,0,122794,0.0,07,000102
121977,0,0,0,0,121977,0.0,07,000103
120624,0,0,0,0,120624,0.0,07,000104
119395,0,0,0,0,119395,0.0,07,000105
117745,0,0,0,0,117745,0.0,07,000106
116507,0,0,0,0,116507,0.0,07,000107
115228,0,0,0,0,115228,0.0,07,000108
112841,0,0,0,0,112841,0.0,07,000109
110738,0,0,0,0,110738,0.0,07,000110
111375,0,0,0,0,111375,0.0,07,000111
111834,0,0,0,0,111834,0.0,07,000112
110915,0,0,0,0,110915,0.0,07,000113
110296,0,0,0,0,110296,0.0,07,000114
109800,0,0,0,0,109800,0.0,07,000115
109897,0,0,0,0,109897,0.0,07,000116
109861,0,0,0,0,109861,0.0,07,000117
110474,0,0,0,0,110474,0.0,07,000118
112067,0,0,0,0,112067,0.0,07,000119
113046,0,0,0,0,113046,0.0,07,000120
113076,0,0,0,0,113076,0.0,07,000121
113853,0,0,0,0,113853,0.0,07,000122
114851,0,0,0,0,114851,0.0,07,000123
115719,0,0,0,0,115719,0.0,07,000124
116488,0,0,0,0,116488,0.0,07,000125
117140,0,0,0,0,117140,0.0,07,000126
117578,0,0,0,0,117578,0.0,07,000127
118841,0,0,0,0,118841,0.0,07,000128
119800,0,0,0,0,119800,0.0,07,000129
120616,0,0,0,0,120616,0.0,07,000130
120982,0,0,0,0,120982,0.0,07,000131
121468,0,0,0,0,121468,0.0,07,000132
121970,0,0,0,0,121970,0.0,07,000133
122430,0,0,0,0,122430,0.0,07,000134
122924,0,0,0,0,122924,0.0,07,000135
123062,0,0,0,0,123062,0.0,07,000136
123025,0,0,0,0,123025,0.0,07,000137
122853,0,0,0,0,122853,0.0,07,000138
122477,0,0,0,0,122477,0.0,07,000139
122626,0,0,0,0,122626,0.0,07,000140
122663,0,0,0,0,122663,0.0,07,000141
122836,0,0,0,0,122836,0.0,07,000142
123110,0,0,0,0,123110,0.0,07,000143
123110,0,0,0,0,123110,0.0,07,000144
122896,0,0,0,0,122896,0.0,07,000145
122494,0,0,0,0,122494,0.0,07,000146
121817,0,0,0,0,121817,0.0,07,000147
121345,0,0,0,0,121345,0.0,07,000148
120631,0,0,0,0,120631,0.0,07,000149
119851,0,0,0,0,119851,0.0,07,000150
118645,0,0,0,0,118645,0.0,07,000151
117385,0,0,0,0,117385,0.0,07,000152
116291,0,0,0,0,116291,0.0,07,000153
115941,0,0,0,0,115941,0.0,07,000154
116155,0,0,0,0,116155,0.0,07,000155
116697,0,0,0,0,116697,0.0,07,000156
116994,0,0,0,0,116994,0.0,07,000157
117510,0,0,0,0,117510,0.0,07,000158
118002,0,0,0,0,118002,0.0,07,000159
118808,0,0,0,0,118808,0.0,07,000160
120275,0,0,0,0,120275,0.0,07,000161
121628,0,0,0,0,121628,0.0,07,000162
122710,0,0,0,0,122710,0.0,07,000163
123753,0,0,0,0,123753,0.0,07,000164
124378,0,0,0,0,124378,0.0,07,000165
124710,0,0,0,0,124710,0.0,07,000166
124663,0,0,0,0,124663,0.0,07,000167
124380,0,0,0,0,124380,0.0,07,000168
124834,0,0,0,0,124834,0.0,07,000169
125252,0,0,0,0,125252,0.0,07,000170
124577,0,0,0,0,124577,0.0,07,000171
124649,0,0,0,0,124649,0.0,07,000172
125201,0,0,0,0,125201,0.0,07,000173
125511,0,0,0,0,125511,0.0,07,000174
125322,0,0,0,0,125322,0.0,07,000175
124929,0,0,0,0,124929,0.0,07,000176
124405,0,0,0,0,124405,0.0,07,000177
123733,0,0,0,0,123733,0.0,07,000178
122881,0,0,0,0,122881,0.0,07,000179
122787,0,0,0,0,122787,0.0,07,000180
122084,0,0,0,0,122084,0.0,07,000181
121251,0,0,0,0,121251,0.0,07,000182
121473,0,0,0,0,121473,0.0,07,000183
122076,0,0,0,0,122076,0.0,07,000184
122864,0,0,0,0,122864,0.0,07,000185
124487,0,0,0,0,124487,0.0,07,000186
125017,0,0,0,0,125017,0.0,07,000187
124779,0,0,0,0,124779,0.0,07,000188
123860,0,0,0,0,123860,0.0,07,000189
125115,0,0,0,0,125115,0.0,07,000190
125606,0,0,0,0,125606,0.0,07,000191
125651,0,0,0,0,125651,0.0,07,000192
124485,0,0,0,0,124485,0.0,07,000193
124314,0,0,0,0,124314,0.0,07,000194
124335,0,0,0,0,124335,0.0,07,000195
124230,0,0,0,0,124230,0.0,07,000196
124416,0,0,0,0,124416,0.0,07,000197
124223,0,0,0,0,124223,0.0,07,000198
123570,0,0,0,0,123570,0.0,07,000199
122353,0,0,0,0,122353,0.0,07,000200
121337,0,0,0,0,121337,0.0,07,000201
119734,0,0,0,0,119734,0.0,07,000202
118522,0,0,0,0,118522,0.0,07,000203
117381,0,0,0,0,117381,0.0,07,000204
115639,0,0,0,0,115639,0.0,07,000205
112916,0,0,0,0,112916,0.0,07,000206
111116,0,0,0,0,111116,0.0,07,000207
111605,0,0,0,0,111605,0.0,07,000208
112034,0,0,0,0,112034,0.0,07,000209
112238,0,0,0,0,112238,0.0,07,000210
111874,0,0,0,0,111874,0.0,07,000211
112325,0,0,0,0,112325,0.0,07,000212
112570,0,0,0,0,112570,0.0,07,000213
112065,0,0,0,0,112065,0.0,07,000214
112327,0,0,0,0,112327,0.0,07,000215
112482,0,0,0,0,112482,0.0,07,000216
112330,0,0,0,0,112330,0.0,07,000217
112025,0,0,0,0,112025,0.0,07,000218
113243,0,0,0,0,113243,0.0,07,000219
113826,0,0,0,0,113826,0.0,07,000220
113100,0,0,0,0,113100,0.0,07,000221
113854,0,0,0,0,113854,0.0,07,000222
114966,0,0,0,0,114966,0.0,07,000223
115970,0,0,0,0,115970,0.0,07,000224
115433,0,0,0,0,115433,0.0,07,000225
114942,0,0,0,0,114942,0.0,07,000226
113570,0,0,0,0,113570,0.0,07,000227
112834,0,0,0,0,112834,0.0,07,000228
112639,0,0,0,0,112639,0.0,07,000229
112503,0,0,0,0,112503,0.0,07,000230
113609,0,0,0,0,113609,0.0,07,000231
113057,0,0,0,0,113057,0.0,07,000232
112914,0,0,0,0,112914,0.0,07,000233
113158,0,0,0,0,113158,0.0,07,000234
113254,0,0,0,0,113254,0.0,07,000235
114118,0,0,0,0,114118,0.0,07,000236
114340,0,0,0,0,114340,0.0,07,000237
115185,0,0,0,0,115185,0.0,07,000238
116555,0,0,0,0,116555,0.0,07,000239
117322,0,0,0,0,117322,0.0,07,000240
117508,0,0,0,0,117508,0.0,07,000241
117571,0,0,0,0,117571,0.0,07,000242
118449,0,0,0,0,118449,0.0,07,000243
118826,0,0,0,0,118826,0.0,07,000244
119733,0,0,0,0,119733,0.0,07,000245
120627,0,0,0,0,120627,0.0,07,000246
120422,0,0,0,0,120422,0.0,07,000247
119853,0,0,0,0,119853,0.0,07,000248
121008,0,0,0,0,121008,0.0,07,000249
120220,0,0,0,0,120220,0.0,07,000250
121027,0,0,0,0,121027,0.0,07,000251
122493,0,0,0,0,122493,0.0,07,000252
123661,0,0,0,0,123661,0.0,07,000253
124379,0,0,0,0,124379,0.0,07,000254
125080,0,0,0,0,125080,0.0,07,000255
125594,0,0,0,0,125594,0.0,07,000256
126253,0,0,0,0,126253,0.0,07,000257
126484,0,0,0,0,126484,0.0,07,000258
126720,0,0,0,0,126720,0.0,07,000259
126913,0,0,0,0,126913,0.0,07,000260
127082,0,0,0,0,127082,0.0,07,000261
127068,0,0,0,0,127068,0.0,07,000262
127103,0,0,0,0,127103,0.0,07,000263
127143,0,0,0,0,127143,0.0,07,000264
127324,0,0,0,0,127324,0.0,07,000265
127310,0,0,0,0,127310,0.0,07,000266
127147,0,0,0,0,127147,0.0,07,000267
127038,0,0,0,0,127038,0.0,07,000268
126809,0,0,0,0,126809,0.0,07,000269
126813,0,0,0,0,126813,0.0,07,000270
126797,0,0,0,0,126797,0.0,07,000271
126650,0,0,0,0,126650,0.0,07,000272
126417,0,0,0,0,126417,0.0,07,000273
126038,0,0,0,0,126038,0.0,07,000274
125738,0,0,0,0,125738,0.0,07,000275
125382,0,0,0,0,125382,0.0,07,000276
125125,0,0,0,0,125125,0.0,07,000277
124804,0,0,0,0,124804,0.0,07,000278
124048,0,0,0,0,124048,0.0,07,000279
123445,0,0,0,0,123445,0.0,07,000280
122132,0,0,0,0,122132,0.0,07,000281
121268,0,0,0,0,121268,0.0,07,000282
121009,0,0,0,0,121009,0.0,07,000283
120861,0,0,0,0,120861,0.0,07,000284
121070,0,0,0,0,121070,0.0,07,000285
121075,0,0,0,0,121075,0.0,07,000286
120768,0,0,0,0,120768,0.0,07,000287
120888,0,0,0,0,120888,0.0,07,000288
121022,0,0,0,0,121022,0.0,07,000289
121331,0,0,0,0,121331,0.0,07,000290
121628,0,0,0,0,121628,0.0,07,000291
122394,0,0,0,0,122394,0.0,07,000292
122879,0,0,0,0,122879,0.0,07,000293
123672,0,0,0,0,123672,0.0,07,000294
124360,0,0,0,0,124360,0.0,07,000295
125031,0,0,0,0,125031,0.0,07,000296
125496,0,0,0,0,125496,0.0,07,000297
126029,0,0,0,0,126029,0.0,07,000298
126219,0,0,0,0,126219,0.0,07,000299
126369,0,0,0,0,126369,0.0,07,000300
126446,0,0,0,0,126446,0.0,07,000301
126372,0,0,0,0,126372,0.0,07,000302
126328,0,0,0,0,126328,0.0,07,000303
126250,0,0,0,0,126250,0.0,07,000304
126297,0,0,0,0,126297,0.0,07,000305
126356,0,0,0,0,126356,0.0,07,000306
126413,0,0,0,0,126413,0.0,07,000307
126447,0,0,0,0,126447,0.0,07,000308
126571,0,0,0,0,126571,0.0,07,000309
126496,0,0,0,0,126496,0.0,07,000310
126526,0,0,0,0,126526,0.0,07,000311
126455,0,0,0,0,126455,0.0,07,000312
126236,0,0,0,0,126236,0.0,07,000313
126136,0,0,0,0,126136,0.0,07,000314
126029,0,0,0,0,126029,0.0,07,000315
125957,0,0,0,0,125957,0.0,07,000316
126082,0,0,0,0,126082,0.0,07,000317
126117,0,0,0,0,126117,0.0,07,000318
126253,0,0,0,0,126253,0.0,07,000319
126221,0,0,0,0,126221,0.0,07,000320
126259,0,0,0,0,126259,0.0,07,000321
126216,0,0,0,0,126216,0.0,07,000322
126258,0,0,0,0,126258,0.0,07,000323
126278,0,0,0,0,126278,0.0,07,000324
126190,0,0,0,0,126190,0.0,07,000325
126311,0,0,0,0,126311,0.0,07,000326
126328,0,0,0,0,126328,0.0,07,000327
126337,0,0,0,0,126337,0.0,07,000328
126374,0,0,0,0,126374,0.0,07,000329
126505,0,0,0,0,126505,0.0,07,000330
126520,0,0,0,0,126520,0.0,07,000331
126676,0,0,0,0,126676,0.0,07,000332
126837,0,0,0,0,126837,0.0,07,000333
126761,0,0,0,0,126761,0.0,07,000334
126789,0,0,0,0,126789,0.0,07,000335
126815,0,0,0,0,126815,0.0,07,000336
126835,0,0,0,0,126835,0.0,07,000337
126924,0,0,0,0,126924,0.0,07,000338
126987,0,0,0,0,126987,0.0,07,000339
127034,0,0,0,0,127034,0.0,07,000340
127183,0,0,0,0,127183,0.0,07,000341
127177,0,0,0,0,127177,0.0,07,000342
127344,0,0,0,0,127344,0.0,07,000343
127417,0,0,0,0,127417,0.0,07,000344
127533,0,0,0,0,127533,0.0,07,000345
127637,0,0,0,0,127637,0.0,07,000346
127865,0,0,0,0,127865,0.0,07,000347
128043,0,0,0,0,128043,0.0,07,000348
128017,0,0,0,0,128017,0.0,07,000349
128058,0,0,0,0,128058,0.0,07,000350
128169,0,0,0,0,128169,0.0,07,000351
127979,0,0,0,0,127979,0.0,07,000352
127989,0,0,0,0,127989,0.0,07,000353
127995,0,0,0,0,127995,0.0,07,000354
127960,0,0,0,0,127960,0.0,07,000355
127913,0,0,0,0,127913,0.0,07,000356
127924,0,0,0,0,127924,0.0,07,000357
127970,0,0,0,0,127970,0.0,07,000358
127865,0,0,0,0,127865,0.0,07,000359
127810,0,0,0,0,127810,0.0,07,000360
127612,0,0,0,0,127612,0.0,07,000361
127682,0,0,0,0,127682,0.0,07,000362
127488,0,0,0,0,127488,0.0,07,000363
127305,0,0,0,0,127305,0.0,07,000364
127159,0,0,0,0,127159,0.0,07,000365
126861,0,0,0,0,126861,0.0,07,000366
126646,0,0,0,0,126646,0.0,07,000367
126444,0,0,0,0,126444,0.0,07,000368
126424,0,0,0,0,126424,0.0,07,000369
126503,0,0,0,0,126503,0.0,07,000370
126072,0,0,0,0,126072,0.0,07,000371
125396,0,0,0,0,125396,0.0,07,000372
125103,0,0,0,0,125103,0.0,07,000373
125610,0,0,0,0,125610,0.0,07,000374
125919,0,0,0,0,125919,0.0,07,000375
125647,0,0,0,0,125647,0.0,07,000376
125730,0,0,0,0,125730,0.0,07,000377
126017,0,0,0,0,126017,0.0,07,000378
126302,0,0,0,0,126302,0.0,07,000379
126539,0,0,0,0,126539,0.0,07,000380
126745,0,0,0,0,126745,0.0,07,000381
126797,0,0,0,0,126797,0.0,07,000382
126901,0,0,0,0,126901,0.0,07,000383
126896,0,0,0,0,126896,0.0,07,000384
127034,0,0,0,0,127034,0.0,07,000385
127135,0,0,0,0,127135,0.0,07,000386
127105,0,0,0,0,127105,0.0,07,000387
127049,0,0,0,0,127049,0.0,07,000388
127030,0,0,0,0,127030,0.0,07,000389
127079,0,0,0,0,127079,0.0,07,000390
127097,0,0,0,0,127097,0.0,07,000391
127058,0,0,0,0,127058,0.0,07,000392
127052,0,0,0,0,127052,0.0,07,000393
127161,0,0,0,0,127161,0.0,07,000394
127214,0,0,0,0,127214,0.0,07,000395
127025,0,0,0,0,127025,0.0,07,000396
126915,0,0,0,0,126915,0.0,07,000397
126757,0,0,0,0,126757,0.0,07,000398
126520,0,0,0,0,126520,0.0,07,000399
126367,0,0,0,0,126367,0.0,07,000400
126270,0,0,0,0,126270,0.0,07,000401
126375,0,0,0,0,126375,0.0,07,000402
126329,0,0,0,0,126329,0.0,07,000403
126072,0,0,0,0,126072,0.0,07,000404
125769,0,0,0,0,125769,0.0,07,000405
125532,0,0,0,0,125532,0.0,07,000406
125668,0,0,0,0,125668,0.0,07,000407
125804,0,0,0,0,125804,0.0,07,000408
125753,0,0,0,0,125753,0.0,07,000409
125939,0,0,0,0,125939,0.0,07,000410
126193,0,0,0,0,126193,0.0,07,000411
126485,0,0,0,0,126485,0.0,07,000412
126597,0,0,0,0,126597,0.0,07,000413
126666,0,0,0,0,126666,0.0,07,000414
126673,0,0,0,0,126673,0.0,07,000415
126753,0,0,0,0,126753,0.0,07,000416
126870,0,0,0,0,126870,0.0,07,000417
126951,0,0,0,0,126951,0.0,07,000418
126911,0,0,0,0,126911,0.0,07,000419
126791,0,0,0,0,126791,0.0,07,000420
126616,0,0,0,0,126616,0.0,07,000421
126596,0,0,0,0,126596,0.0,07,000422
126220,0,0,0,0,126220,0.0,07,000423
126103,0,0,0,0,126103,0.0,07,000424
125823,0,0,0,0,125823,0.0,07,000425
125458,0,0,0,0,125458,0.0,07,000426
124908,0,0,0,0,124908,0.0,07,000427
124579,0,0,0,0,124579,0.0,07,000428
124440,0,0,0,0,124440,0.0,07,000429
124028,0,0,0,0,124028,0.0,07,000430
123531,0,0,0,0,123531,0.0,07,000431
123164,0,0,0,0,123164,0.0,07,000432
122554,0,0,0,0,122554,0.0,07,000433
121806,0,0,0,0,121806,0.0,07,000434
121325,0,0,0,0,121325,0.0,07,000435
121471,0,0,0,0,121471,0.0,07,000436
121741,0,0,0,0,121741,0.0,07,000437
121894,0,0,0,0,121894,0.0,07,000438
122127,0,0,0,0,122127,0.0,07,000439
122251,0,0,0,0,122251,0.0,07,000440
122082,0,0,0,0,122082,0.0,07,000441
122295,0,0,0,0,122295,0.0,07,000442
122776,0,0,0,0,122776,0.0,07,000443
123371,0,0,0,0,123371,0.0,07,000444
123925,0,0,0,0,123925,0.0,07,000445
124446,0,0,0,0,124446,0.0,07,000446
124889,0,0,0,0,124889,0.0,07,000447
125396,0,0,0,0,125396,0.0,07,000448
125866,0,0,0,0,125866,0.0,07,000449
126260,0,0,0,0,126260,0.0,07,000450
126335,0,0,0,0,126335,0.0,07,000451
126037,0,0,0,0,126037,0.0,07,000452
125911,0,0,0,0,125911,0.0,07,000453
125815,0,0,0,0,125815,0.0,07,000454
125816,0,0,0,0,125816,0.0,07,000455
125861,0,0,0,0,125861,0.0,07,000456
125941,0,0,0,0,125941,0.0,07,000457
125926,0,0,0,0,125926,0.0,07,000458
126029,0,0,0,0,126029,0.0,07,000459
126027,0,0,0,0,126027,0.0,07,000460
126038,0,0,0,0,126038,0.0,07,000461
125828,0,0,0,0,125828,0.0,07,000462
125910,0,0,0,0,125910,0.0,07,000463
125836,0,0,0,0,125836,0.0,07,000464
125791,0,0,0,0,125791,0.0,07,000465
125789,0,0,0,0,125789,0.0,07,000466
125787,0,0,0,0,125787,0.0,07,000467
125813,0,0,0,0,125813,0.0,07,000468
125748,0,0,0,0,125748,0.0,07,000469
125533,0,0,0,0,125533,0.0,07,000470
125432,0,0,0,0,125432,0.0,07,000471
125327,0,0,0,0,125327,0.0,07,000472
125194,0,0,0,0,125194,0.0,07,000473
125135,0,0,0,0,125135,0.0,07,000474
125404,0,0,0,0,125404,0.0,07,000475
125557,0,0,0,0,125557,0.0,07,000476
125394,0,0,0,0,125394,0.0,07,000477
125158,0,0,0,0,125158,0.0,07,000478
124707,0,0,0,0,124707,0.0,07,000479
124595,0,0,0,0,124595,0.0,07,000480
124082,0,0,0,0,124082,0.0,07,000481
123462,0,0,0,0,123462,0.0,07,000482
122618,0,0,0,0,122618,0.0,07,000483
121793,0,0,0,0,121793,0.0,07,000484
120816,0,0,0,0,120816,0.0,07,000485
119680,0,0,0,0,119680,0.0,07,000486
118739,0,0,0,0,118739,0.0,07,000487
117616,0,0,0,0,117616,0.0,07,000488
116792,0,0,0,0,116792,0.0,07,000489
116486,0,0,0,0,116486,0.0,07,000490
116468,0,0,0,0,116468,0.0,07,000491
116814,0,0,0,0,116814,0.0,07,000492
117200,0,0,0,0,117200,0.0,07,000493
117529,0,0,0,0,117529,0.0,07,000494
117725,0,0,0,0,117725,0.0,07,000495
118578,0,0,0,0,118578,0.0,07,000496
118496,0,0,0,0,118496,0.0,07,000497
117041,0,0,0,0,117041,0.0,07,000498
115686,0,0,0,0,115686,0.0,07,000499
116195,0,0,0,0,116195,0.0,07,000500
117340,0,0,0,0,117340,0.0,07,000501
117921,0,0,0,0,117921,0.0,07,000502
119188,0,0,0,0,119188,0.0,07,000503
120697,0,0,0,0,120697,0.0,07,000504
121172,0,0,0,0,121172,0.0,07,000505
121708,0,0,0,0,121708,0.0,07,000506
122167,0,0,0,0,122167,0.0,07,000507
122673,0,0,0,0,122673,0.0,07,000508
123407,0,0,0,0,123407,0.0,07,000509
123808,0,0,0,0,123808,0.0,07,000510
124063,0,0,0,0,124063,0.0,07,000511
124385,0,0,0,0,124385,0.0,07,000512
125377,0,0,0,0,125377,0.0,07,000513
126174,0,0,0,0,126174,0.0,07,000514
126738,0,0,0,0,126738,0.0,07,000515
126942,0,0,0,0,126942,0.0,07,000516
127118,0,0,0,0,127118,0.0,07,000517
127184,0,0,0,0,127184,0.0,07,000518
127477,0,0,0,0,127477,0.0,07,000519
127554,0,0,0,0,127554,0.0,07,000520
127721,0,0,0,0,127721,0.0,07,000521
127824,0,0,0,0,127824,0.0,07,000522
127814,0,0,0,0,127814,0.0,07,000523
127770,0,0,0,0,127770,0.0,07,000524
127783,0,0,0,0,127783,0.0,07,000525
127763,0,0,0,0,127763,0.0,07,000526
127710,0,0,0,0,127710,0.0,07,000527
127551,0,0,0,0,127551,0.0,07,000528
127346,0,0,0,0,127346,0.0,07,000529
127214,0,0,0,0,127214,0.0,07,000530
127007,0,0,0,0,127007,0.0,07,000531
126689,0,0,0,0,126689,0.0,07,000532
126674,0,0,0,0,126674,0.0,07,000533
126619,0,0,0,0,126619,0.0,07,000534
126364,0,0,0,0,126364,0.0,07,000535
126280,0,0,0,0,126280,0.0,07,000536
125823,0,0,0,0,125823,0.0,07,000537
125308,0,0,0,0,125308,0.0,07,000538
124954,0,0,0,0,124954,0.0,07,000539
125024,0,0,0,0,125024,0.0,07,000540
125043,0,0,0,0,125043,0.0,07,000541
125309,0,0,0,0,125309,0.0,07,000542
125486,0,0,0,0,125486,0.0,07,000543
125437,0,0,0,0,125437,0.0,07,000544
125695,0,0,0,0,125695,0.0,07,000545
125824,0,0,0,0,125824,0.0,07,000546
125867,0,0,0,0,125867,0.0,07,000547
126029,0,0,0,0,126029,0.0,07,000548
126004,0,0,0,0,126004,0.0,07,000549
126343,0,0,0,0,126343,0.0,07,000550
126208,0,0,0,0,126208,0.0,07,000551
126420,0,0,0,0,126420,0.0,07,000552
126684,0,0,0,0,126684,0.0,07,000553
126681,0,0,0,0,126681,0.0,07,000554
126677,0,0,0,0,126677,0.0,07,000555
126850,0,0,0,0,126850,0.0,07,000556
126606,0,0,0,0,126606,0.0,07,000557
126588,0,0,0,0,126588,0.0,07,000558
126624,0,0,0,0,126624,0.0,07,000559
126563,0,0,0,0,126563,0.0,07,000560
126428,0,0,0,0,126428,0.0,07,000561
126370,0,0,0,0,126370,0.0,07,000562
126473,0,0,0,0,126473,0.0,07,000563
126394,0,0,0,0,126394,0.0,07,000564
126530,0,0,0,0,126530,0.0,07,000565
126651,0,0,0,0,126651,0.0,07,000566
126420,0,0,0,0,126420,0.0,07,000567
126336,0,0,0,0,126336,0.0,07,000568
126159,0,0,0,0,126159,0.0,07,000569
126184,0,0,0,0,126184,0.0,07,000570
125699,0,0,0,0,125699,0.0,07,000571
125192,0,0,0,0,125192,0.0,07,000572
124378,0,0,0,0,124378,0.0,07,000573
123715,0,0,0,0,123715,0.0,07,000574
122974,0,0,0,0,122974,0.0,07,000575
122107,0,0,0,0,122107,0.0,07,000576
121700,0,0,0,0,121700,0.0,07,000577
120976,0,0,0,0,120976,0.0,07,000578
119595,0,0,0,0,119595,0.0,07,000579
117438,0,0,0,0,117438,0.0,07,000580
115912,0,0,0,0,115912,0.0,07,000581
111997,0,0,0,0,111997,0.0,07,000582
111128,0,0,0,0,111128,0.0,07,000583
111751,0,0,0,0,111751,0.0,07,000584
113176,0,0,0,0,113176,0.0,07,000585
114779,0,0,0,0,114779,0.0,07,000586
114703,0,0,0,0,114703,0.0,07,000587
113909,0,0,0,0,113909,0.0,07,000588
113939,0,0,0,0,113939,0.0,07,000589
115546,0,0,0,0,115546,0.0,07,000590
117747,0,0,0,0,117747,0.0,07,000591
117309,0,0,0,0,117309,0.0,07,000592
118057,0,0,0,0,118057,0.0,07,000593
117665,0,0,0,0,117665,0.0,07,000594
118583,0,0,0,0,118583,0.0,07,000595
119000,0,0,0,0,119000,0.0,07,000596
119500,0,0,0,0,119500,0.0,07,000597
120300,0,0,0,0,120300,0.0,07,000598
120048,0,0,0,0,120048,0.0,07,000599
117999,0,0,0,0,117999,0.0,07,000600
115465,0,0,0,0,115465,0.0,07,000601
113943,0,0,0,0,113943,0.0,07,000602
112735,0,0,0,0,112735,0.0,07,000603
113994,0,0,0,0,113994,0.0,07,000604
112826,0,0,0,0,112826,0.0,07,000605
113107,0,0,0,0,113107,0.0,07,000606
113828,0,0,0,0,113828,0.0,07,000607
114509,0,0,0,0,114509,0.0,07,000608
114969,0,0,0,0,114969,0.0,07,000609
115288,0,0,0,0,115288,0.0,07,000610
116072,0,0,0,0,116072,0.0,07,000611
116271,0,0,0,0,116271,0.0,07,000612
116020,0,0,0,0,116020,0.0,07,000613
115691,0,0,0,0,115691,0.0,07,000614
116023,0,0,0,0,116023,0.0,07,000615
115982,0,0,0,0,115982,0.0,07,000616
116084,0,0,0,0,116084,0.0,07,000617
116835,0,0,0,0,116835,0.0,07,000618
117923,0,0,0,0,117923,0.0,07,000619
119948,0,0,0,0,119948,0.0,07,000620
121401,0,0,0,0,121401,0.0,07,000621
121721,0,0,0,0,121721,0.0,07,000622
121910,0,0,0,0,121910,0.0,07,000623
122046,0,0,0,0,122046,0.0,07,000624
122217,0,0,0,0,122217,0.0,07,000625
122179,0,0,0,0,122179,0.0,07,000626
122135,0,0,0,0,122135,0.0,07,000627
121518,0,0,0,0,121518,0.0,07,000628
121322,0,0,0,0,121322,0.0,07,000629
122553,0,0,0,0,122553,0.0,07,000630
123255,0,0,0,0,123255,0.0,07,000631
124109,0,0,0,0,124109,0.0,07,000632
124589,0,0,0,0,124589,0.0,07,000633
125317,0,0,0,0,125317,0.0,07,000634
125524,0,0,0,0,125524,0.0,07,000635
125721,0,0,0,0,125721,0.0,07,000636
125925,0,0,0,0,125925,0.0,07,000637
125906,0,0,0,0,125906,0.0,07,000638
126058,0,0,0,0,126058,0.0,07,000639
126171,0,0,0,0,126171,0.0,07,000640
125900,0,0,0,0,125900,0.0,07,000641
125926,0,0,0,0,125926,0.0,07,000642
125842,0,0,0,0,125842,0.0,07,000643
125855,0,0,0,0,125855,0.0,07,000644
125878,0,0,0,0,125878,0.0,07,000645
125804,0,0,0,0,125804,0.0,07,000646
125615,0,0,0,0,125615,0.0,07,000647
125443,0,0,0,0,125443,0.0,07,000648
125289,0,0,0,0,125289,0.0,07,000649
125258,0,0,0,0,125258,0.0,07,000650
125310,0,0,0,0,125310,0.0,07,000651
125264,0,0,0,0,125264,0.0,07,000652
125231,0,0,0,0,125231,0.0,07,000653
125245,0,0,0,0,125245,0.0,07,000654
125200,0,0,0,0,125200,0.0,07,000655
125201,0,0,0,0,125201,0.0,07,000656
125117,0,0,0,0,125117,0.0,07,000657
125206,0,0,0,0,125206,0.0,07,000658
125213,0,0,0,0,125213,0.0,07,000659
125220,0,0,0,0,125220,0.0,07,000660
125277,0,0,0,0,125277,0.0,07,000661
125295,0,0,0,0,125295,0.0,07,000662
125249,0,0,0,0,125249,0.0,07,000663
125058,0,0,0,0,125058,0.0,07,000664
124804,0,0,0,0,124804,0.0,07,000665
124362,0,0,0,0,124362,0.0,07,000666
124113,0,0,0,0,124113,0.0,07,000667
124001,0,0,0,0,124001,0.0,07,000668
123830,0,0,0,0,123830,0.0,07,000669
124015,0,0,0,0,124015,0.0,07,000670
124149,0,0,0,0,124149,0.0,07,000671
124310,0,0,0,0,124310,0.0,07,000672
124440,0,0,0,0,124440,0.0,07,000673
124311,0,0,0,0,124311,0.0,07,000674
124039,0,0,0,0,124039,0.0,07,000675
123995,0,0,0,0,123995,0.0,07,000676
123933,0,0,0,0,123933,0.0,07,000677
124133,0,0,0,0,124133,0.0,07,000678
124425,0,0,0,0,124425,0.0,07,000679
124623,0,0,0,0,124623,0.0,07,000680
124719,0,0,0,0,124719,0.0,07,000681
124838,0,0,0,0,124838,0.0,07,000682
124927,0,0,0,0,124927,0.0,07,000683
125099,0,0,0,0,125099,0.0,07,000684
125210,0,0,0,0,125210,0.0,07,000685
125073,0,0,0,0,125073,0.0,07,000686
124899,0,0,0,0,124899,0.0,07,000687
124658,0,0,0,0,124658,0.0,07,000688
124551,0,0,0,0,124551,0.0,07,000689
124342,0,0,0,0,124342,0.0,07,000690
124266,0,0,0,0,124266,0.0,07,000691
124224,0,0,0,0,124224,0.0,07,000692
124396,0,0,0,0,124396,0.0,07,000693
124390,0,0,0,0,124390,0.0,07,000694
124339,0,0,0,0,124339,0.0,07,000695
124446,0,0,0,0,124446,0.0,07,000696
124344,0,0,0,0,124344,0.0,07,000697
124349,0,0,0,0,124349,0.0,07,000698
124316,0,0,0,0,124316,0.0,07,000699
124550,0,0,0,0,124550,0.0,07,000700
124666,0,0,0,0,124666,0.0,07,000701
124854,0,0,0,0,124854,0.0,07,000702
124993,0,0,0,0,124993,0.0,07,000703
125031,0,0,0,0,125031,0.0,07,000704
125147,0,0,0,0,125147,0.0,07,000705
125207,0,0,0,0,125207,0.0,07,000706
125245,0,0,0,0,125245,0.0,07,000707
125280,0,0,0,0,125280,0.0,07,000708
125214,0,0,0,0,125214,0.0,07,000709
125291,0,0,0,0,125291,0.0,07,000710
125222,0,0,0,0,125222,0.0,07,000711
125347,0,0,0,0,125347,0.0,07,000712
125358,0,0,0,0,125358,0.0,07,000713
125374,0,0,0,0,125374,0.0,07,000714
125453,0,0,0,0,125453,0.0,07,000715
125386,0,0,0,0,125386,0.0,07,000716
125378,0,0,0,0,125378,0.0,07,000717
125362,0,0,0,0,125362,0.0,07,000718
125281,0,0,0,0,125281,0.0,07,000719
125272,0,0,0,0,125272,0.0,07,000720
125222,0,0,0,0,125222,0.0,07,000721
125187,0,0,0,0,125187,0.0,07,000722
125241,0,0,0,0,125241,0.0,07,000723
125208,0,0,0,0,125208,0.0,07,000724
125175,0,0,0,0,125175,0.0,07,000725
125268,0,0,0,0,125268,0.0,07,000726
125185,0,0,0,0,125185,0.0,07,000727
125248,0,0,0,0,125248,0.0,07,000728
125286,0,0,0,0,125286,0.0,07,000729
125336,0,0,0,0,125336,0.0,07,000730
125395,0,0,0,0,125395,0.0,07,000731
125431,0,0,0,0,125431,0.0,07,000732
125408,0,0,0,0,125408,0.0,07,000733
125419,0,0,0,0,125419,0.0,07,000734
125346,0,0,0,0,125346,0.0,07,000735
125438,0,0,0,0,125438,0.0,07,000736
125338,0,0,0,0,125338,0.0,07,000737
125403,0,0,0,0,125403,0.0,07,000738
125391,0,0,0,0,125391,0.0,07,000739
125239,0,0,0,0,125239,0.0,07,000740
125209,0,0,0,0,125209,0.0,07,000741
124978,0,0,0,0,124978,0.0,07,000742
124839,0,0,0,0,124839,0.0,07,000743
124712,0,0,0,0,124712,0.0,07,000744
124706,0,0,0,0,124706,0.0,07,000745
124622,0,0,0,0,124622,0.0,07,000746
124582,0,0,0,0,124582,0.0,07,000747
124574,0,0,0,0,124574,0.0,07,000748
124562,0,0,0,0,124562,0.0,07,000749
124507,0,0,0,0,124507,0.0,07,000750
124528,0,0,0,0,124528,0.0,07,000751
124438,0,0,0,0,124438,0.0,07,000752
124475,0,0,0,0,124475,0.0,07,000753
124281,0,0,0,0,124281,0.0,07,000754
124196,0,0,0,0,124196,0.0,07,000755
124036,0,0,0,0,124036,0.0,07,000756
123818,0,0,0,0,123818,0.0,07,000757
123602,0,0,0,0,123602,0.0,07,000758
123526,0,0,0,0,123526,0.0,07,000759
123635,0,0,0,0,123635,0.0,07,000760
123965,0,0,0,0,123965,0.0,07,000761
124058,0,0,0,0,124058,0.0,07,000762
123801,0,0,0,0,123801,0.0,07,000763
123619,0,0,0,0,123619,0.0,07,000764
123189,0,0,0,0,123189,0.0,07,000765
122660,0,0,0,0,122660,0.0,07,000766
122118,0,0,0,0,122118,0.0,07,000767
121821,0,0,0,0,121821,0.0,07,000768
121320,0,0,0,0,121320,0.0,07,000769
120003,0,0,0,0,120003,0.0,07,000770
118815,0,0,0,0,118815,0.0,07,000771
118589,0,0,0,0,118589,0.0,07,000772
117967,0,0,0,0,117967,0.0,07,000773
118068,0,0,0,0,118068,0.0,07,000774
118373,0,0,0,0,118373,0.0,07,000775
118818,0,0,0,0,118818,0.0,07,000776
119421,0,0,0,0,119421,0.0,07,000777
118942,0,0,0,0,118942,0.0,07,000778
119510,0,0,0,0,119510,0.0,07,000779
119936,0,0,0,0,119936,0.0,07,000780
119679,0,0,0,0,119679,0.0,07,000781
119435,0,0,0,0,119435,0.0,07,000782
118640,0,0,0,0,118640,0.0,07,000783
118173,0,0,0,0,118173,0.0,07,000784
117951,0,0,0,0,117951,0.0,07,000785
117080,0,0,0,0,117080,0.0,07,000786
117019,0,0,0,0,117019,0.0,07,000787
116722,0,0,0,0,116722,0.0,07,000788
116288,0,0,0,0,116288,0.0,07,000789
116213,0,0,0,0,116213,0.0,07,000790
116865,0,0,0,0,116865,0.0,07,000791
116878,0,0,0,0,116878,0.0,07,000792
116510,0,0,0,0,116510,0.0,07,000793
116440,0,0,0,0,116440,0.0,07,000794
117274,0,0,0,0,117274,0.0,07,000795
117246,0,0,0,0,117246,0.0,07,000796
117330,0,0,0,0,117330,0.0,07,000797
117157,0,0,0,0,117157,0.0,07,000798
116467,0,0,0,0,116467,0.0,07,000799
117027,0,0,0,0,117027,0.0,07,000800
117305,0,0,0,0,117305,0.0,07,000801
117105,0,0,0,0,117105,0.0,07,000802
116809,0,0,0,0,116809,0.0,07,000803
117337,0,0,0,0,117337,0.0,07,000804
118637,0,0,0,0,118637,0.0,07,000805
119801,0,0,0,0,119801,0.0,07,000806
120382,0,0,0,0,120382,0.0,07,000807
120566,0,0,0,0,120566,0.0,07,000808
120709,0,0,0,0,120709,0.0,07,000809
120939,0,0,0,0,120939,0.0,07,000810
121021,0,0,0,0,121021,0.0,07,000811
121310,0,0,0,0,121310,0.0,07,000812
121647,0,0,0,0,121647,0.0,07,000813
121830,0,0,0,0,121830,0.0,07,000814
121795,0,0,0,0,121795,0.0,07,000815
121873,0,0,0,0,121873,0.0,07,000816
121448,0,0,0,0,121448,0.0,07,000817
121292,0,0,0,0,121292,0.0,07,000818
121147,0,0,0,0,121147,0.0,07,000819
120636,0,0,0,0,120636,0.0,07,000820
120461,0,0,0,0,120461,0.0,07,000821
120449,0,0,0,0,120449,0.0,07,000822
120195,0,0,0,0,120195,0.0,07,000823
119499,0,0,0,0,119499,0.0,07,000824
118172,0,0,0,0,118172,0.0,07,000825
116712,0,0,0,0,116712,0.0,07,000826
116293,0,0,0,0,116293,0.0,07,000827
115714,0,0,0,0,115714,0.0,07,000828
116060,0,0,0,0,116060,0.0,07,000829
115968,0,0,0,0,115968,0.0,07,000830
116221,0,0,0,0,116221,0.0,07,000831
116579,0,0,0,0,116579,0.0,07,000832
118065,0,0,0,0,118065,0.0,07,000833
118544,0,0,0,0,118544,0.0,07,000834
118271,0,0,0,0,118271,0.0,07,000835
116631,0,0,0,0,116631,0.0,07,000836
116142,0,0,0,0,116142,0.0,07,000837
116299,0,0,0,0,116299,0.0,07,000838
116215,0,0,0,0,116215,0.0,07,000839
115620,0,0,0,0,115620,0.0,07,000840
115790,0,0,0,0,115790,0.0,07,000841
115125,0,0,0,0,115125,0.0,07,000842
114816,0,0,0,0,114816,0.0,07,000843
113800,0,0,0,0,113800,0.0,07,000844
112751,0,0,0,0,112751,0.0,07,000845
112280,0,0,0,0,112280,0.0,07,000846
113164,0,0,0,0,113164,0.0,07,000847
113250,0,0,0,0,113250,0.0,07,000848
113580,0,0,0,0,113580,0.0,07,000849
113397,0,0,0,0,113397,0.0,07,000850
113899,0,0,0,0,113899,0.0,07,000851
114433,0,0,0,0,114433,0.0,07,000852
114743,0,0,0,0,114743,0.0,07,000853
115294,0,0,0,0,115294,0.0,07,000854
115182,0,0,0,0,115182,0.0,07,000855
115705,0,0,0,0,115705,0.0,07,000856
117660,0,0,0,0,117660,0.0,07,000857
117897,0,0,0,0,117897,0.0,07,000858
118573,0,0,0,0,118573,0.0,07,000859
119375,0,0,0,0,119375,0.0,07,000860
119392,0,0,0,0,119392,0.0,07,000861
119836,0,0,0,0,119836,0.0,07,000862
120324,0,0,0,0,120324,0.0,07,000863
121444,0,0,0,0,121444,0.0,07,000864
121026,0,0,0,0,121026,0.0,07,000865
121459,0,0,0,0,121459,0.0,07,000866
121591,0,0,0,0,121591,0.0,07,000867
121654,0,0,0,0,121654,0.0,07,000868
121930,0,0,0,0,121930,0.0,07,000869
122239,0,0,0,0,122239,0.0,07,000870
123010,0,0,0,0,123010,0.0,07,000871
123762,0,0,0,0,123762,0.0,07,000872
123867,0,0,0,0,123867,0.0,07,000873
123873,0,0,0,0,123873,0.0,07,000874
124128,0,0,0,0,124128,0.0,07,000875
124383,0,0,0,0,124383,0.0,07,000876
124646,0,0,0,0,124646,0.0,07,000877
124689,0,0,0,0,124689,0.0,07,000878
124792,0,0,0,0,124792,0.0,07,000879
124801,0,0,0,0,124801,0.0,07,000880
124719,0,0,0,0,124719,0.0,07,000881
124613,0,0,0,0,124613,0.0,07,000882
124328,0,0,0,0,124328,0.0,07,000883
124142,0,0,0,0,124142,0.0,07,000884
123804,0,0,0,0,123804,0.0,07,000885
123641,0,0,0,0,123641,0.0,07,000886
123505,0,0,0,0,123505,0.0,07,000887
123032,0,0,0,0,123032,0.0,07,000888
122921,0,0,0,0,122921,0.0,07,000889
122800,0,0,0,0,122800,0.0,07,000890
122634,0,0,0,0,122634,0.0,07,000891
122352,0,0,0,0,122352,0.0,07,000892
122224,0,0,0,0,122224,0.0,07,000893
121987,0,0,0,0,121987,0.0,07,000894
121875,0,0,0,0,121875,0.0,07,000895
121784,0,0,0,0,121784,0.0,07,000896
121791,0,0,0,0,121791,0.0,07,000897
121607,0,0,0,0,121607,0.0,07,000898
121716,0,0,0,0,121716,0.0,07,000899
121802,0,0,0,0,121802,0.0,07,000900
121981,0,0,0,0,121981,0.0,07,000901
122225,0,0,0,0,122225,0.0,07,000902
122395,0,0,0,0,122395,0.0,07,000903
122309,0,0,0,0,122309,0.0,07,000904
122434,0,0,0,0,122434,0.0,07,000905
122811,0,0,0,0,122811,0.0,07,000906
122898,0,0,0,0,122898,0.0,07,000907
123083,0,0,0,0,123083,0.0,07,000908
123289,0,0,0,0,123289,0.0,07,000909
123479,0,0,0,0,123479,0.0,07,000910
123791,0,0,0,0,123791,0.0,07,000911
123693,0,0,0,0,123693,0.0,07,000912
123823,0,0,0,0,123823,0.0,07,000913
123895,0,0,0,0,123895,0.0,07,000914
124139,0,0,0,0,124139,0.0,07,000915
124043,0,0,0,0,124043,0.0,07,000916
123725,0,0,0,0,123725,0.0,07,000917
123499,0,0,0,0,123499,0.0,07,000918
123653,0,0,0,0,123653,0.0,07,000919
123729,0,0,0,0,123729,0.0,07,000920
123789,0,0,0,0,123789,0.0,07,000921
124204,0,0,0,0,124204,0.0,07,000922
124277,0,0,0,0,124277,0.0,07,000923
124356,0,0,0,0,124356,0.0,07,000924
124310,0,0,0,0,124310,0.0,07,000925
124148,0,0,0,0,124148,0.0,07,000926
123905,0,0,0,0,123905,0.0,07,000927
123668,0,0,0,0,123668,0.0,07,000928
123652,0,0,0,0,123652,0.0,07,000929
122900,0,0,0,0,122900,0.0,07,000930
122161,0,0,0,0,122161,0.0,07,000931
120841,0,0,0,0,120841,0.0,07,000932
119326,0,0,0,0,119326,0.0,07,000933
118273,0,0,0,0,118273,0.0,07,000934
117451,0,0,0,0,117451,0.0,07,000935
116447,0,0,0,0,116447,0.0,07,000936
116051,0,0,0,0,116051,0.0,07,000937
116096,0,0,0,0,116096,0.0,07,000938
116334,0,0,0,0,116334,0.0,07,000939
117237,0,0,0,0,117237,0.0,07,000940
118514,0,0,0,0,118514,0.0,07,000941
118748,0,0,0,0,118748,0.0,07,000942
119866,0,0,0,0,119866,0.0,07,000943
121666,0,0,0,0,121666,0.0,07,000944
122922,0,0,0,0,122922,0.0,07,000945
124234,0,0,0,0,124234,0.0,07,000946
124810,0,0,0,0,124810,0.0,07,000947
125274,0,0,0,0,125274,0.0,07,000948
125474,0,0,0,0,125474,0.0,07,000949
125872,0,0,0,0,125872,0.0,07,000950
125936,0,0,0,0,125936,0.0,07,000951
125905,0,0,0,0,125905,0.0,07,000952
125730,0,0,0,0,125730,0.0,07,000953
125748,0,0,0,0,125748,0.0,07,000954
125647,0,0,0,0,125647,0.0,07,000955
125547,0,0,0,0,125547,0.0,07,000956
125135,0,0,0,0,125135,0.0,07,000957
124750,0,0,0,0,124750,0.0,07,000958
123853,0,0,0,0,123853,0.0,07,000959
122461,0,0,0,0,122461,0.0,07,000960
121674,0,0,0,0,121674,0.0,07,000961
121122,0,0,0,0,121122,0.0,07,000962
120672,0,0,0,0,120672,0.0,07,000963
120485,0,0,0,0,120485,0.0,07,000964
118962,0,0,0,0,118962,0.0,07,000965
117175,0,0,0,0,117175,0.0,07,000966
115749,0,0,0,0,115749,0.0,07,000967
114863,0,0,0,0,114863,0.0,07,000968
114312,0,0,0,0,114312,0.0,07,000969
114217,0,0,0,0,114217,0.0,07,000970
114006,0,0,0,0,114006,0.0,07,000971
114038,0,0,0,0,114038,0.0,07,000972
114551,0,0,0,0,114551,0.0,07,000973
113612,0,0,0,0,113612,0.0,07,000974
112927,0,0,0,0,112927,0.0,07,000975
113339,0,0,0,0,113339,0.0,07,000976
114017,0,0,0,0,114017,0.0,07,000977
114744,0,0,0,0,114744,0.0,07,000978
116344,0,0,0,0,116344,0.0,07,000979
117036,0,0,0,0,117036,0.0,07,000980
117435,0,0,0,0,117435,0.0,07,000981
117813,0,0,0,0,117813,0.0,07,000982
118344,0,0,0,0,118344,0.0,07,000983
119143,0,0,0,0,119143,0.0,07,000984
119571,0,0,0,0,119571,0.0,07,000985
119671,0,0,0,0,119671,0.0,07,000986
119388,0,0,0,0,119388,0.0,07,000987
119169,0,0,0,0,119169,0.0,07,000988
118925,0,0,0,0,118925,0.0,07,000989
118546,0,0,0,0,118546,0.0,07,000990
118674,0,0,0,0,118674,0.0,07,000991
118596,0,0,0,0,118596,0.0,07,000992
117431,0,0,0,0,117431,0.0,07,000993
116655,0,0,0,0,116655,0.0,07,000994
116540,0,0,0,0,116540,0.0,07,000995
115687,0,0,0,0,115687,0.0,07,000996
115638,0,0,0,0,115638,0.0,07,000997
115910,0,0,0,0,115910,0.0,07,000998
115307,0,0,0,0,115307,0.0,07,000999
114852,0,0,0,0,114852,0.0,07,001000
114148,0,0,0,0,114148,0.0,07,001001
113116,0,0,0,0,113116,0.0,07,001002
112153,0,0,0,0,112153,0.0,07,001003
111403,0,0,0,0,111403,0.0,07,001004
110912,0,0,0,0,110912,0.0,07,001005
111026,0,0,0,0,111026,0.0,07,001006
111145,0,0,0,0,111145,0.0,07,001007
110991,0,0,0,0,110991,0.0,07,001008
110819,0,0,0,0,110819,0.0,07,001009
110834,0,0,0,0,110834,0.0,07,001010
110752,0,0,0,0,110752,0.0,07,001011
110710,0,0,0,0,110710,0.0,07,001012
110160,0,0,0,0,110160,0.0,07,001013
109760,0,0,0,0,109760,0.0,07,001014
109588,0,0,0,0,109588,0.0,07,001015
109417,0,0,0,0,109417,0.0,07,001016
109548,0,0,0,0,109548,0.0,07,001017
109675,0,0,0,0,109675,0.0,07,001018
110170,0,0,0,0,110170,0.0,07,001019
110228,0,0,0,0,110228,0.0,07,001020
110163,0,0,0,0,110163,0.0,07,001021
110337,0,0,0,0,110337,0.0,07,001022
110699,0,0,0,0,110699,0.0,07,001023
110858,0,0,0,0,110858,0.0,07,001024
110827,0,0,0,0,110827,0.0,07,001025
110832,0,0,0,0,110832,0.0,07,001026
111105,0,0,0,0,111105,0.0,07,001027
111047,0,0,0,0,111047,0.0,07,001028
111298,0,0,0,0,111298,0.0,07,001029
111383,0,0,0,0,111383,0.0,07,001030
111665,0,0,0,0,111665,0.0,07,001031
111895,0,0,0,0,111895,0.0,07,001032
112323,0,0,0,0,112323,0.0,07,001033
112633,0,0,0,0,112633,0.0,07,001034
112684,0,0,0,0,112684,0.0,07,001035
112578,0,0,0,0,112578,0.0,07,001036
112937,0,0,0,0,112937,0.0,07,001037
113655,0,0,0,0,113655,0.0,07,001038
114110,0,0,0,0,114110,0.0,07,001039
114431,0,0,0,0,114431,0.0,07,001040
114727,0,0,0,0,114727,0.0,07,001041
114929,0,0,0,0,114929,0.0,07,001042
115218,0,0,0,0,115218,0.0,07,001043
115354,0,0,0,0,115354,0.0,07,001044
115279,0,0,0,0,115279,0.0,07,001045
115186,0,0,0,0,115186,0.0,07,001046
115433,0,0,0,0,115433,0.0,07,001047
115960,0,0,0,0,115960,0.0,07,001048
116021,0,0,0,0,116021,0.0,07,001049
116471,0,0,0,0,116471,0.0,07,001050
116891,0,0,0,0,116891,0.0,07,001051
117316,0,0,0,0,117316,0.0,07,001052
117751,0,0,0,0,117751,0.0,07,001053
118040,0,0,0,0,118040,0.0,07,001054
118152,0,0,0,0,118152,0.0,07,001055
118581,0,0,0,0,118581,0.0,07,001056
118641,0,0,0,0,118641,0.0,07,001057
118653,0,0,0,0,118653,0.0,07,001058
118645,0,0,0,0,118645,0.0,07,001059
118728,0,0,0,0,118728,0.0,07,001060
118863,0,0,0,0,118863,0.0,07,001061
118886,0,0,0,0,118886,0.0,07,001062
119179,0,0,0,0,119179,0.0,07,001063
119465,0,0,0,0,119465,0.0,07,001064
119621,0,0,0,0,119621,0.0,07,001065
119795,0,0,0,0,119795,0.0,07,001066
120070,0,0,0,0,120070,0.0,07,001067
119974,0,0,0,0,119974,0.0,07,001068
119858,0,0,0,0,119858,0.0,07,001069
120014,0,0,0,0,120014,0.0,07,001070
120264,0,0,0,0,120264,0.0,07,001071
120271,0,0,0,0,120271,0.0,07,001072
120364,0,0,0,0,120364,0.0,07,001073
120272,0,0,0,0,120272,0.0,07,001074
120190,0,0,0,0,120190,0.0,07,001075
120082,0,0,0,0,120082,0.0,07,001076
120070,0,0,0,0,120070,0.0,07,001077
119969,0,0,0,0,119969,0.0,07,001078
119761,0,0,0,0,119761,0.0,07,001079
119380,0,0,0,0,119380,0.0,07,001080
118822,0,0,0,0,118822,0.0,07,001081
118471,0,0,0,0,118471,0.0,07,001082
117943,0,0,0,0,117943,0.0,07,001083
117408,0,0,0,0,117408,0.0,07,001084
116866,0,0,0,0,116866,0.0,07,001085
116541,0,0,0,0,116541,0.0,07,001086
116353,0,0,0,0,116353,0.0,07,001087
116198,0,0,0,0,116198,0.0,07,001088
116017,0,0,0,0,116017,0.0,07,001089
115986,0,0,0,0,115986,0.0,07,001090
115931,0,0,0,0,115931,0.0,07,001091
115882,0,0,0,0,115882,0.0,07,001092
115857,0,0,0,0,115857,0.0,07,001093
115903,0,0,0,0,115903,0.0,07,001094
116056,0,0,0,0,116056,0.0,07,001095
116081,0,0,0,0,116081,0.0,07,001096
116097,0,0,0,0,116097,0.0,07,001097
116094,0,0,0,0,116094,0.0,07,001098
116080,0,0,0,0,116080,0.0,07,001099
115982,0,0,0,0,115982,0.0,07,001100
126997,0,0,0,0,126997,0.0,09,000000
126939,0,0,0,0,126939,0.0,09,000001
126807,0,0,0,0,126807,0.0,09,000002
126700,0,0,0,0,126700,0.0,09,000003
126702,0,0,0,0,126702,0.0,09,000004
126771,0,0,0,0,126771,0.0,09,000005
126681,0,0,0,0,126681,0.0,09,000006
126568,0,0,0,0,126568,0.0,09,000007
126585,0,0,0,0,126585,0.0,09,000008
126676,0,0,0,0,126676,0.0,09,000009
126720,0,0,0,0,126720,0.0,09,000010
126694,0,0,0,0,126694,0.0,09,000011
126736,0,0,0,0,126736,0.0,09,000012
126763,0,0,0,0,126763,0.0,09,000013
126809,0,0,0,0,126809,0.0,09,000014
126748,0,0,0,0,126748,0.0,09,000015
126805,0,0,0,0,126805,0.0,09,000016
126733,0,0,0,0,126733,0.0,09,000017
126840,0,0,0,0,126840,0.0,09,000018
126802,0,0,0,0,126802,0.0,09,000019
126847,0,0,0,0,126847,0.0,09,000020
126819,0,0,0,0,126819,0.0,09,000021
126736,0,0,0,0,126736,0.0,09,000022
126563,0,0,0,0,126563,0.0,09,000023
126799,0,0,0,0,126799,0.0,09,000024
126606,0,0,0,0,126606,0.0,09,000025
126650,0,0,0,0,126650,0.0,09,000026
126666,0,0,0,0,126666,0.0,09,000027
126584,0,0,0,0,126584,0.0,09,000028
126629,0,0,0,0,126629,0.0,09,000029
126605,0,0,0,0,126605,0.0,09,000030
126699,0,0,0,0,126699,0.0,09,000031
126826,0,0,0,0,126826,0.0,09,000032
126791,0,0,0,0,126791,0.0,09,000033
126823,0,0,0,0,126823,0.0,09,000034
126878,0,0,0,0,126878,0.0,09,000035
126928,0,0,0,0,126928,0.0,09,000036
126923,0,0,0,0,126923,0.0,09,000037
127073,0,0,0,0,127073,0.0,09,000038
126897,0,0,0,0,126897,0.0,09,000039
127014,0,0,0,0,127014,0.0,09,000040
126887,0,0,0,0,126887,0.0,09,000041
126896,0,0,0,0,126896,0.0,09,000042
126984,0,0,0,0,126984,0.0,09,000043
126872,0,0,0,0,126872,0.0,09,000044
126739,0,0,0,0,126739,0.0,09,000045
126514,0,0,0,0,126514,0.0,09,000046
126367,0,0,0,0,126367,0.0,09,000047
126410,0,0,0,0,126410,0.0,09,000048
126276,0,0,0,0,126276,0.0,09,000049
126309,0,0,0,0,126309,0.0,09,000050
126347,0,0,0,0,126347,0.0,09,000051
126195,0,0,0,0,126195,0.0,09,000052
126165,0,0,0,0,126165,0.0,09,000053
126141,0,0,0,0,126141,0.0,09,000054
126040,0,0,0,0,126040,0.0,09,000055
126172,0,0,0,0,126172,0.0,09,000056
126112,0,0,0,0,126112,0.0,09,000057
126085,0,0,0,0,126085,0.0,09,000058
126200,0,0,0,0,126200,0.0,09,000059
126163,0,0,0,0,126163,0.0,09,000060
126255,0,0,0,0,126255,0.0,09,000061
126276,0,0,0,0,126276,0.0,09,000062
126418,0,0,0,0,126418,0.0,09,000063
126427,0,0,0,0,126427,0.0,09,000064
126472,0,0,0,0,126472,0.0,09,000065
126519,0,0,0,0,126519,0.0,09,000066
126449,0,0,0,0,126449,0.0,09,000067
126536,0,0,0,0,126536,0.0,09,000068
126511,0,0,0,0,126511,0.0,09,000069
126447,0,0,0,0,126447,0.0,09,000070
126411,0,0,0,0,126411,0.0,09,000071
126364,0,0,0,0,126364,0.0,09,000072
126454,0,0,0,0,126454,0.0,09,000073
126471,0,0,0,0,126471,0.0,09,000074
126686,0,0,0,0,126686,0.0,09,000075
126717,0,0,0,0,126717,0.0,09,000076
126756,0,0,0,0,126756,0.0,09,000077
126762,0,0,0,0,126762,0.0,09,000078
126771,0,0,0,0,126771,0.0,09,000079
126959,0,0,0,0,126959,0.0,09,000080
126927,0,0,0,0,126927,0.0,09,000081
126925,0,0,0,0,126925,0.0,09,000082
127015,0,0,0,0,127015,0.0,09,000083
126902,0,0,0,0,126902,0.0,09,000084
126876,0,0,0,0,126876,0.0,09,000085
126844,0,0,0,0,126844,0.0,09,000086
126954,0,0,0,0,126954,0.0,09,000087
126856,0,0,0,0,126856,0.0,09,000088
126641,0,0,0,0,126641,0.0,09,000089
126714,0,0,0,0,126714,0.0,09,000090
126737,0,0,0,0,126737,0.0,09,000091
126591,0,0,0,0,126591,0.0,09,000092
126660,0,0,0,0,126660,0.0,09,000093
126800,0,0,0,0,126800,0.0,09,000094
126792,0,0,0,0,126792,0.0,09,000095
126663,0,0,0,0,126663,0.0,09,000096
126732,0,0,0,0,126732,0.0,09,000097
126671,0,0,0,0,126671,0.0,09,000098
126573,0,0,0,0,126573,0.0,09,000099
126659,0,0,0,0,126659,0.0,09,000100
126770,0,0,0,0,126770,0.0,09,000101
126684,0,0,0,0,126684,0.0,09,000102
126718,0,0,0,0,126718,0.0,09,000103
126719,0,0,0,0,126719,0.0,09,000104
126729,0,0,0,0,126729,0.0,09,000105
126900,0,0,0,0,126900,0.0,09,000106
126941,0,0,0,0,126941,0.0,09,000107
126883,0,0,0,0,126883,0.0,09,000108
126971,0,0,0,0,126971,0.0,09,000109
126979,0,0,0,0,126979,0.0,09,000110
127015,0,0,0,0,127015,0.0,09,000111
127049,0,0,0,0,127049,0.0,09,000112
127026,0,0,0,0,127026,0.0,09,000113
126870,0,0,0,0,126870,0.0,09,000114
126931,0,0,0,0,126931,0.0,09,000115
126872,0,0,0,0,126872,0.0,09,000116
126846,0,0,0,0,126846,0.0,09,000117
126845,0,0,0,0,126845,0.0,09,000118
126880,0,0,0,0,126880,0.0,09,000119
126837,0,0,0,0,126837,0.0,09,000120
126958,0,0,0,0,126958,0.0,09,000121
126945,0,0,0,0,126945,0.0,09,000122
127020,0,0,0,0,127020,0.0,09,000123
127061,0,0,0,0,127061,0.0,09,000124
127077,0,0,0,0,127077,0.0,09,000125
127156,0,0,0,0,127156,0.0,09,000126
127029,0,0,0,0,127029,0.0,09,000127
127176,0,0,0,0,127176,0.0,09,000128
127216,0,0,0,0,127216,0.0,09,000129
127220,0,0,0,0,127220,0.0,09,000130
127325,0,0,0,0,127325,0.0,09,000131
127288,0,0,0,0,127288,0.0,09,000132
127323,0,0,0,0,127323,0.0,09,000133
127361,0,0,0,0,127361,0.0,09,000134
127427,0,0,0,0,127427,0.0,09,000135
127423,0,0,0,0,127423,0.0,09,000136
127383,0,0,0,0,127383,0.0,09,000137
127346,0,0,0,0,127346,0.0,09,000138
127287,0,0,0,0,127287,0.0,09,000139
127264,0,0,0,0,127264,0.0,09,000140
127307,0,0,0,0,127307,0.0,09,000141
127298,0,0,0,0,127298,0.0,09,000142
127354,0,0,0,0,127354,0.0,09,000143
127262,0,0,0,0,127262,0.0,09,000144
127153,0,0,0,0,127153,0.0,09,000145
127194,0,0,0,0,127194,0.0,09,000146
127105,0,0,0,0,127105,0.0,09,000147
127143,0,0,0,0,127143,0.0,09,000148
127172,0,0,0,0,127172,0.0,09,000149
127098,0,0,0,0,127098,0.0,09,000150
127166,0,0,0,0,127166,0.0,09,000151
127031,0,0,0,0,127031,0.0,09,000152
127076,0,0,0,0,127076,0.0,09,000153
126881,0,0,0,0,126881,0.0,09,000154
126932,0,0,0,0,126932,0.0,09,000155
126819,0,0,0,0,126819,0.0,09,000156
126780,0,0,0,0,126780,0.0,09,000157
126739,0,0,0,0,126739,0.0,09,000158
126551,0,0,0,0,126551,0.0,09,000159
126548,0,0,0,0,126548,0.0,09,000160
126493,0,0,0,0,126493,0.0,09,000161
126305,0,0,0,0,126305,0.0,09,000162
126209,0,0,0,0,126209,0.0,09,000163
125998,0,0,0,0,125998,0.0,09,000164
125947,0,0,0,0,125947,0.0,09,000165
125735,0,0,0,0,125735,0.0,09,000166
125578,0,0,0,0,125578,0.0,09,000167
125392,0,0,0,0,125392,0.0,09,000168
125103,0,0,0,0,125103,0.0,09,000169
124783,0,0,0,0,124783,0.0,09,000170
124461,0,0,0,0,124461,0.0,09,000171
124212,0,0,0,0,124212,0.0,09,000172
124106,0,0,0,0,124106,0.0,09,000173
123935,0,0,0,0,123935,0.0,09,000174
123791,0,0,0,0,123791,0.0,09,000175
123451,0,0,0,0,123451,0.0,09,000176
123300,0,0,0,0,123300,0.0,09,000177
123233,0,0,0,0,123233,0.0,09,000178
123039,0,0,0,0,123039,0.0,09,000179
122881,0,0,0,0,122881,0.0,09,000180
122695,0,0,0,0,122695,0.0,09,000181
122593,0,0,0,0,122593,0.0,09,000182
122483,0,0,0,0,122483,0.0,09,000183
122272,0,0,0,0,122272,0.0,09,000184
121949,0,0,0,0,121949,0.0,09,000185
121791,0,0,0,0,121791,0.0,09,000186
121676,0,0,0,0,121676,0.0,09,000187
121532,0,0,0,0,121532,0.0,09,000188
121420,0,0,0,0,121420,0.0,09,000189
121276,0,0,0,0,121276,0.0,09,000190
120943,0,0,0,0,120943,0.0,09,000191
120741,0,0,0,0,120741,0.0,09,000192
120603,0,0,0,0,120603,0.0,09,000193
120603,0,0,0,0,120603,0.0,09,000194
120666,0,0,0,0,120666,0.0,09,000195
120620,0,0,0,0,120620,0.0,09,000196
120657,0,0,0,0,120657,0.0,09,000197
120690,0,0,0,0,120690,0.0,09,000198
120718,0,0,0,0,120718,0.0,09,000199
120657,0,0,0,0,120657,0.0,09,000200
120583,0,0,0,0,120583,0.0,09,000201
120682,0,0,0,0,120682,0.0,09,000202
120755,0,0,0,0,120755,0.0,09,000203
120738,0,0,0,0,120738,0.0,09,000204
120466,0,0,0,0,120466,0.0,09,000205
120360,0,0,0,0,120360,0.0,09,000206
120369,0,0,0,0,120369,0.0,09,000207
120495,0,0,0,0,120495,0.0,09,000208
120807,0,0,0,0,120807,0.0,09,000209
120888,0,0,0,0,120888,0.0,09,000210
121049,0,0,0,0,121049,0.0,09,000211
121187,0,0,0,0,121187,0.0,09,000212
121294,0,0,0,0,121294,0.0,09,000213
121320,0,0,0,0,121320,0.0,09,000214
121447,0,0,0,0,121447,0.0,09,000215
121372,0,0,0,0,121372,0.0,09,000216
121301,0,0,0,0,121301,0.0,09,000217
121261,0,0,0,0,121261,0.0,09,000218
121043,0,0,0,0,121043,0.0,09,000219
121112,0,0,0,0,121112,0.0,09,000220
121217,0,0,0,0,121217,0.0,09,000221
121407,0,0,0,0,121407,0.0,09,000222
121588,0,0,0,0,121588,0.0,09,000223
121612,0,0,0,0,121612,0.0,09,000224
121776,0,0,0,0,121776,0.0,09,000225
122009,0,0,0,0,122009,0.0,09,000226
122098,0,0,0,0,122098,0.0,09,000227
122356,0,0,0,0,122356,0.0,09,000228
122575,0,0,0,0,122575,0.0,09,000229
122662,0,0,0,0,122662,0.0,09,000230
122526,0,0,0,0,122526,0.0,09,000231
122435,0,0,0,0,122435,0.0,09,000232
122359,0,0,0,0,122359,0.0,09,000233
122529,0,0,0,0,122529,0.0,09,000234
122437,0,0,0,0,122437,0.0,09,000235
122427,0,0,0,0,122427,0.0,09,000236
122589,0,0,0,0,122589,0.0,09,000237
122695,0,0,0,0,122695,0.0,09,000238
122952,0,0,0,0,122952,0.0,09,000239
123021,0,0,0,0,123021,0.0,09,000240
123165,0,0,0,0,123165,0.0,09,000241
123203,0,0,0,0,123203,0.0,09,000242
123117,0,0,0,0,123117,0.0,09,000243
122896,0,0,0,0,122896,0.0,09,000244
122834,0,0,0,0,122834,0.0,09,000245
122697,0,0,0,0,122697,0.0,09,000246
122916,0,0,0,0,122916,0.0,09,000247
122962,0,0,0,0,122962,0.0,09,000248
122909,0,0,0,0,122909,0.0,09,000249
122926,0,0,0,0,122926,0.0,09,000250
122767,0,0,0,0,122767,0.0,09,000251
122564,0,0,0,0,122564,0.0,09,000252
122828,0,0,0,0,122828,0.0,09,000253
122857,0,0,0,0,122857,0.0,09,000254
123081,0,0,0,0,123081,0.0,09,000255
123122,0,0,0,0,123122,0.0,09,000256
123058,0,0,0,0,123058,0.0,09,000257
122985,0,0,0,0,122985,0.0,09,000258
122862,0,0,0,0,122862,0.0,09,000259
122977,0,0,0,0,122977,0.0,09,000260
123110,0,0,0,0,123110,0.0,09,000261
123093,0,0,0,0,123093,0.0,09,000262
123195,0,0,0,0,123195,0.0,09,000263
123322,0,0,0,0,123322,0.0,09,000264
123271,0,0,0,0,123271,0.0,09,000265
123098,0,0,0,0,123098,0.0,09,000266
123073,0,0,0,0,123073,0.0,09,000267
123131,0,0,0,0,123131,0.0,09,000268
123205,0,0,0,0,123205,0.0,09,000269
123225,0,0,0,0,123225,0.0,09,000270
123214,0,0,0,0,123214,0.0,09,000271
123244,0,0,0,0,123244,0.0,09,000272
123041,0,0,0,0,123041,0.0,09,000273
122949,0,0,0,0,122949,0.0,09,000274
123294,0,0,0,0,123294,0.0,09,000275
123157,0,0,0,0,123157,0.0,09,000276
123012,0,0,0,0,123012,0.0,09,000277
122822,0,0,0,0,122822,0.0,09,000278
122802,0,0,0,0,122802,0.0,09,000279
122649,0,0,0,0,122649,0.0,09,000280
122427,0,0,0,0,122427,0.0,09,000281
122332,0,0,0,0,122332,0.0,09,000282
122128,0,0,0,0,122128,0.0,09,000283
121794,0,0,0,0,121794,0.0,09,000284
121467,0,0,0,0,121467,0.0,09,000285
121087,0,0,0,0,121087,0.0,09,000286
120916,0,0,0,0,120916,0.0,09,000287
120817,0,0,0,0,120817,0.0,09,000288
120951,0,0,0,0,120951,0.0,09,000289
121221,0,0,0,0,121221,0.0,09,000290
121516,0,0,0,0,121516,0.0,09,000291
121646,0,0,0,0,121646,0.0,09,000292
121474,0,0,0,0,121474,0.0,09,000293
121482,0,0,0,0,121482,0.0,09,000294
121704,0,0,0,0,121704,0.0,09,000295
122506,0,0,0,0,122506,0.0,09,000296
122948,0,0,0,0,122948,0.0,09,000297
122963,0,0,0,0,122963,0.0,09,000298
122668,0,0,0,0,122668,0.0,09,000299
122354,0,0,0,0,122354,0.0,09,000300
121999,0,0,0,0,121999,0.0,09,000301
121714,0,0,0,0,121714,0.0,09,000302
122180,0,0,0,0,122180,0.0,09,000303
122279,0,0,0,0,122279,0.0,09,000304
122403,0,0,0,0,122403,0.0,09,000305
122714,0,0,0,0,122714,0.0,09,000306
122829,0,0,0,0,122829,0.0,09,000307
122528,0,0,0,0,122528,0.0,09,000308
122279,0,0,0,0,122279,0.0,09,000309
122197,0,0,0,0,122197,0.0,09,000310
122665,0,0,0,0,122665,0.0,09,000311
122852,0,0,0,0,122852,0.0,09,000312
122655,0,0,0,0,122655,0.0,09,000313
123167,0,0,0,0,123167,0.0,09,000314
123575,0,0,0,0,123575,0.0,09,000315
123639,0,0,0,0,123639,0.0,09,000316
123917,0,0,0,0,123917,0.0,09,000317
123805,0,0,0,0,123805,0.0,09,000318
123471,0,0,0,0,123471,0.0,09,000319
123461,0,0,0,0,123461,0.0,09,000320
123585,0,0,0,0,123585,0.0,09,000321
123482,0,0,0,0,123482,0.0,09,000322
123407,0,0,0,0,123407,0.0,09,000323
123225,0,0,0,0,123225,0.0,09,000324
123329,0,0,0,0,123329,0.0,09,000325
124563,0,0,0,0,124563,0.0,09,000326
125166,0,0,0,0,125166,0.0,09,000327
125143,0,0,0,0,125143,0.0,09,000328
125142,0,0,0,0,125142,0.0,09,000329
125412,0,0,0,0,125412,0.0,09,000330
125059,0,0,0,0,125059,0.0,09,000331
124394,0,0,0,0,124394,0.0,09,000332
123775,0,0,0,0,123775,0.0,09,000333
123710,0,0,0,0,123710,0.0,09,000334
123917,0,0,0,0,123917,0.0,09,000335
124067,0,0,0,0,124067,0.0,09,000336
123923,0,0,0,0,123923,0.0,09,000337
123710,0,0,0,0,123710,0.0,09,000338
123500,0,0,0,0,123500,0.0,09,000339
123873,0,0,0,0,123873,0.0,09,000340
124542,0,0,0,0,124542,0.0,09,000341
124724,0,0,0,0,124724,0.0,09,000342
123965,0,0,0,0,123965,0.0,09,000343
123563,0,0,0,0,123563,0.0,09,000344
123414,0,0,0,0,123414,0.0,09,000345
124098,0,0,0,0,124098,0.0,09,000346
124298,0,0,0,0,124298,0.0,09,000347
124754,0,0,0,0,124754,0.0,09,000348
125032,0,0,0,0,125032,0.0,09,000349
124912,0,0,0,0,124912,0.0,09,000350
125449,0,0,0,0,125449,0.0,09,000351
125945,0,0,0,0,125945,0.0,09,000352
126038,0,0,0,0,126038,0.0,09,000353
126080,0,0,0,0,126080,0.0,09,000354
126127,0,0,0,0,126127,0.0,09,000355
125968,0,0,0,0,125968,0.0,09,000356
125600,0,0,0,0,125600,0.0,09,000357
125735,0,0,0,0,125735,0.0,09,000358
125555,0,0,0,0,125555,0.0,09,000359
125286,0,0,0,0,125286,0.0,09,000360
124971,0,0,0,0,124971,0.0,09,000361
124814,0,0,0,0,124814,0.0,09,000362
124701,0,0,0,0,124701,0.0,09,000363
124410,0,0,0,0,124410,0.0,09,000364
124330,0,0,0,0,124330,0.0,09,000365
124406,0,0,0,0,124406,0.0,09,000366
124519,0,0,0,0,124519,0.0,09,000367
124360,0,0,0,0,124360,0.0,09,000368
124187,0,0,0,0,124187,0.0,09,000369
124189,0,0,0,0,124189,0.0,09,000370
124311,0,0,0,0,124311,0.0,09,000371
124164,0,0,0,0,124164,0.0,09,000372
124041,0,0,0,0,124041,0.0,09,000373
124141,0,0,0,0,124141,0.0,09,000374
124591,0,0,0,0,124591,0.0,09,000375
124843,0,0,0,0,124843,0.0,09,000376
125203,0,0,0,0,125203,0.0,09,000377
125397,0,0,0,0,125397,0.0,09,000378
125466,0,0,0,0,125466,0.0,09,000379
125588,0,0,0,0,125588,0.0,09,000380
125660,0,0,0,0,125660,0.0,09,000381
125624,0,0,0,0,125624,0.0,09,000382
125403,0,0,0,0,125403,0.0,09,000383
125411,0,0,0,0,125411,0.0,09,000384
125440,0,0,0,0,125440,0.0,09,000385
125477,0,0,0,0,125477,0.0,09,000386
125442,0,0,0,0,125442,0.0,09,000387
125554,0,0,0,0,125554,0.0,09,000388
125699,0,0,0,0,125699,0.0,09,000389
125730,0,0,0,0,125730,0.0,09,000390
125812,0,0,0,0,125812,0.0,09,000391
125791,0,0,0,0,125791,0.0,09,000392
125628,0,0,0,0,125628,0.0,09,000393
125538,0,0,0,0,125538,0.0,09,000394
125547,0,0,0,0,125547,0.0,09,000395
125379,0,0,0,0,125379,0.0,09,000396
125364,0,0,0,0,125364,0.0,09,000397
125247,0,0,0,0,125247,0.0,09,000398
125063,0,0,0,0,125063,0.0,09,000399
124799,0,0,0,0,124799,0.0,09,000400
124620,0,0,0,0,124620,0.0,09,000401
125090,0,0,0,0,125090,0.0,09,000402
124560,0,0,0,0,124560,0.0,09,000403
124113,0,0,0,0,124113,0.0,09,000404
123776,0,0,0,0,123776,0.0,09,000405
123420,0,0,0,0,123420,0.0,09,000406
123459,0,0,0,0,123459,0.0,09,000407
123274,0,0,0,0,123274,0.0,09,000408
123308,0,0,0,0,123308,0.0,09,000409
122975,0,0,0,0,122975,0.0,09,000410
123185,0,0,0,0,123185,0.0,09,000411
123908,0,0,0,0,123908,0.0,09,000412
123721,0,0,0,0,123721,0.0,09,000413
124839,0,0,0,0,124839,0.0,09,000414
125234,0,0,0,0,125234,0.0,09,000415
125455,0,0,0,0,125455,0.0,09,000416
125698,0,0,0,0,125698,0.0,09,000417
125890,0,0,0,0,125890,0.0,09,000418
125961,0,0,0,0,125961,0.0,09,000419
126096,0,0,0,0,126096,0.0,09,000420
126182,0,0,0,0,126182,0.0,09,000421
126235,0,0,0,0,126235,0.0,09,000422
126135,0,0,0,0,126135,0.0,09,000423
126137,0,0,0,0,126137,0.0,09,000424
126045,0,0,0,0,126045,0.0,09,000425
125975,0,0,0,0,125975,0.0,09,000426
125824,0,0,0,0,125824,0.0,09,000427
125469,0,0,0,0,125469,0.0,09,000428
124890,0,0,0,0,124890,0.0,09,000429
124650,0,0,0,0,124650,0.0,09,000430
123856,0,0,0,0,123856,0.0,09,000431
123300,0,0,0,0,123300,0.0,09,000432
122979,0,0,0,0,122979,0.0,09,000433
122388,0,0,0,0,122388,0.0,09,000434
122371,0,0,0,0,122371,0.0,09,000435
122826,0,0,0,0,122826,0.0,09,000436
123021,0,0,0,0,123021,0.0,09,000437
122991,0,0,0,0,122991,0.0,09,000438
122412,0,0,0,0,122412,0.0,09,000439
122566,0,0,0,0,122566,0.0,09,000440
123052,0,0,0,0,123052,0.0,09,000441
123262,0,0,0,0,123262,0.0,09,000442
123498,0,0,0,0,123498,0.0,09,000443
123583,0,0,0,0,123583,0.0,09,000444
124083,0,0,0,0,124083,0.0,09,000445
124313,0,0,0,0,124313,0.0,09,000446
124296,0,0,0,0,124296,0.0,09,000447
124409,0,0,0,0,124409,0.0,09,000448
124439,0,0,0,0,124439,0.0,09,000449
124481,0,0,0,0,124481,0.0,09,000450
124391,0,0,0,0,124391,0.0,09,000451
124300,0,0,0,0,124300,0.0,09,000452
124159,0,0,0,0,124159,0.0,09,000453
124382,0,0,0,0,124382,0.0,09,000454
124456,0,0,0,0,124456,0.0,09,000455
124073,0,0,0,0,124073,0.0,09,000456
123799,0,0,0,0,123799,0.0,09,000457
123558,0,0,0,0,123558,0.0,09,000458
123241,0,0,0,0,123241,0.0,09,000459
123042,0,0,0,0,123042,0.0,09,000460
122987,0,0,0,0,122987,0.0,09,000461
122884,0,0,0,0,122884,0.0,09,000462
122537,0,0,0,0,122537,0.0,09,000463
121428,0,0,0,0,121428,0.0,09,000464
120170,0,0,0,0,120170,0.0,09,000465
118576,0,0,0,0,118576,0.0,09,000466
116549,0,0,0,0,116549,0.0,09,000467
114299,0,0,0,0,114299,0.0,09,000468
113376,0,0,0,0,113376,0.0,09,000469
114358,0,0,0,0,114358,0.0,09,000470
115293,0,0,0,0,115293,0.0,09,000471
118240,0,0,0,0,118240,0.0,09,000472
120667,0,0,0,0,120667,0.0,09,000473
122291,0,0,0,0,122291,0.0,09,000474
123314,0,0,0,0,123314,0.0,09,000475
124163,0,0,0,0,124163,0.0,09,000476
124704,0,0,0,0,124704,0.0,09,000477
125226,0,0,0,0,125226,0.0,09,000478
125902,0,0,0,0,125902,0.0,09,000479
126229,0,0,0,0,126229,0.0,09,000480
126436,0,0,0,0,126436,0.0,09,000481
126693,0,0,0,0,126693,0.0,09,000482
126772,0,0,0,0,126772,0.0,09,000483
126756,0,0,0,0,126756,0.0,09,000484
126392,0,0,0,0,126392,0.0,09,000485
126535,0,0,0,0,126535,0.0,09,000486
126663,0,0,0,0,126663,0.0,09,000487
126878,0,0,0,0,126878,0.0,09,000488
126886,0,0,0,0,126886,0.0,09,000489
127146,0,0,0,0,127146,0.0,09,000490
127159,0,0,0,0,127159,0.0,09,000491
127192,0,0,0,0,127192,0.0,09,000492
127204,0,0,0,0,127204,0.0,09,000493
127295,0,0,0,0,127295,0.0,09,000494
127084,0,0,0,0,127084,0.0,09,000495
127038,0,0,0,0,127038,0.0,09,000496
126836,0,0,0,0,126836,0.0,09,000497
126478,0,0,0,0,126478,0.0,09,000498
126100,0,0,0,0,126100,0.0,09,000499
125586,0,0,0,0,125586,0.0,09,000500
125144,0,0,0,0,125144,0.0,09,000501
124760,0,0,0,0,124760,0.0,09,000502
124261,0,0,0,0,124261,0.0,09,000503
122967,0,0,0,0,122967,0.0,09,000504
121990,0,0,0,0,121990,0.0,09,000505
121466,0,0,0,0,121466,0.0,09,000506
120140,0,0,0,0,120140,0.0,09,000507
118724,0,0,0,0,118724,0.0,09,000508
118074,0,0,0,0,118074,0.0,09,000509
118384,0,0,0,0,118384,0.0,09,000510
119218,0,0,0,0,119218,0.0,09,000511
120075,0,0,0,0,120075,0.0,09,000512
120922,0,0,0,0,120922,0.0,09,000513
121584,0,0,0,0,121584,0.0,09,000514
122292,0,0,0,0,122292,0.0,09,000515
122986,0,0,0,0,122986,0.0,09,000516
123356,0,0,0,0,123356,0.0,09,000517
124129,0,0,0,0,124129,0.0,09,000518
124293,0,0,0,0,124293,0.0,09,000519
125014,0,0,0,0,125014,0.0,09,000520
125561,0,0,0,0,125561,0.0,09,000521
125927,0,0,0,0,125927,0.0,09,000522
126127,0,0,0,0,126127,0.0,09,000523
126036,0,0,0,0,126036,0.0,09,000524
125784,0,0,0,0,125784,0.0,09,000525
125239,0,0,0,0,125239,0.0,09,000526
124927,0,0,0,0,124927,0.0,09,000527
124087,0,0,0,0,124087,0.0,09,000528
123336,0,0,0,0,123336,0.0,09,000529
122393,0,0,0,0,122393,0.0,09,000530
122841,0,0,0,0,122841,0.0,09,000531
123684,0,0,0,0,123684,0.0,09,000532
124270,0,0,0,0,124270,0.0,09,000533
124331,0,0,0,0,124331,0.0,09,000534
124492,0,0,0,0,124492,0.0,09,000535
124542,0,0,0,0,124542,0.0,09,000536
123731,0,0,0,0,123731,0.0,09,000537
122352,0,0,0,0,122352,0.0,09,000538
121042,0,0,0,0,121042,0.0,09,000539
119859,0,0,0,0,119859,0.0,09,000540
118280,0,0,0,0,118280,0.0,09,000541
117562,0,0,0,0,117562,0.0,09,000542
117700,0,0,0,0,117700,0.0,09,000543
117093,0,0,0,0,117093,0.0,09,000544
117416,0,0,0,0,117416,0.0,09,000545
118998,0,0,0,0,118998,0.0,09,000546
121173,0,0,0,0,121173,0.0,09,000547
122015,0,0,0,0,122015,0.0,09,000548
122402,0,0,0,0,122402,0.0,09,000549
122775,0,0,0,0,122775,0.0,09,000550
122856,0,0,0,0,122856,0.0,09,000551
121994,0,0,0,0,121994,0.0,09,000552
120952,0,0,0,0,120952,0.0,09,000553
119305,0,0,0,0,119305,0.0,09,000554
116750,0,0,0,0,116750,0.0,09,000555
114117,0,0,0,0,114117,0.0,09,000556
112840,0,0,0,0,112840,0.0,09,000557
112502,0,0,0,0,112502,0.0,09,000558
113878,0,0,0,0,113878,0.0,09,000559
113621,0,0,0,0,113621,0.0,09,000560
112580,0,0,0,0,112580,0.0,09,000561
111947,0,0,0,0,111947,0.0,09,000562
112275,0,0,0,0,112275,0.0,09,000563
112208,0,0,0,0,112208,0.0,09,000564
112734,0,0,0,0,112734,0.0,09,000565
113404,0,0,0,0,113404,0.0,09,000566
115131,0,0,0,0,115131,0.0,09,000567
117063,0,0,0,0,117063,0.0,09,000568
117431,0,0,0,0,117431,0.0,09,000569
116649,0,0,0,0,116649,0.0,09,000570
115788,0,0,0,0,115788,0.0,09,000571
116205,0,0,0,0,116205,0.0,09,000572
116531,0,0,0,0,116531,0.0,09,000573
117671,0,0,0,0,117671,0.0,09,000574
117963,0,0,0,0,117963,0.0,09,000575
118952,0,0,0,0,118952,0.0,09,000576
120280,0,0,0,0,120280,0.0,09,000577
120441,0,0,0,0,120441,0.0,09,000578
119923,0,0,0,0,119923,0.0,09,000579
119838,0,0,0,0,119838,0.0,09,000580
119632,0,0,0,0,119632,0.0,09,000581
119597,0,0,0,0,119597,0.0,09,000582
119458,0,0,0,0,119458,0.0,09,000583
120851,0,0,0,0,120851,0.0,09,000584
121880,0,0,0,0,121880,0.0,09,000585
123464,0,0,0,0,123464,0.0,09,000586
123705,0,0,0,0,123705,0.0,09,000587
123480,0,0,0,0,123480,0.0,09,000588
124203,0,0,0,0,124203,0.0,09,000589
123476,0,0,0,0,123476,0.0,09,000590
123374,0,0,0,0,123374,0.0,09,000591
123474,0,0,0,0,123474,0.0,09,000592
123654,0,0,0,0,123654,0.0,09,000593
123161,0,0,0,0,123161,0.0,09,000594
123019,0,0,0,0,123019,0.0,09,000595
122977,0,0,0,0,122977,0.0,09,000596
122416,0,0,0,0,122416,0.0,09,000597
121719,0,0,0,0,121719,0.0,09,000598
120306,0,0,0,0,120306,0.0,09,000599
119196,0,0,0,0,119196,0.0,09,000600
118744,0,0,0,0,118744,0.0,09,000601
118132,0,0,0,0,118132,0.0,09,000602
117848,0,0,0,0,117848,0.0,09,000603
117577,0,0,0,0,117577,0.0,09,000604
117482,0,0,0,0,117482,0.0,09,000605
117807,0,0,0,0,117807,0.0,09,000606
118702,0,0,0,0,118702,0.0,09,000607
118857,0,0,0,0,118857,0.0,09,000608
119231,0,0,0,0,119231,0.0,09,000609
120542,0,0,0,0,120542,0.0,09,000610
121891,0,0,0,0,121891,0.0,09,000611
123020,0,0,0,0,123020,0.0,09,000612
124187,0,0,0,0,124187,0.0,09,000613
125107,0,0,0,0,125107,0.0,09,000614
125449,0,0,0,0,125449,0.0,09,000615
125683,0,0,0,0,125683,0.0,09,000616
125831,0,0,0,0,125831,0.0,09,000617
125868,0,0,0,0,125868,0.0,09,000618
126090,0,0,0,0,126090,0.0,09,000619
126189,0,0,0,0,126189,0.0,09,000620
126191,0,0,0,0,126191,0.0,09,000621
126148,0,0,0,0,126148,0.0,09,000622
126141,0,0,0,0,126141,0.0,09,000623
126084,0,0,0,0,126084,0.0,09,000624
125982,0,0,0,0,125982,0.0,09,000625
125749,0,0,0,0,125749,0.0,09,000626
125573,0,0,0,0,125573,0.0,09,000627
125428,0,0,0,0,125428,0.0,09,000628
124727,0,0,0,0,124727,0.0,09,000629
123912,0,0,0,0,123912,0.0,09,000630
123406,0,0,0,0,123406,0.0,09,000631
122976,0,0,0,0,122976,0.0,09,000632
122352,0,0,0,0,122352,0.0,09,000633
122436,0,0,0,0,122436,0.0,09,000634
122531,0,0,0,0,122531,0.0,09,000635
122724,0,0,0,0,122724,0.0,09,000636
122958,0,0,0,0,122958,0.0,09,000637
123043,0,0,0,0,123043,0.0,09,000638
123210,0,0,0,0,123210,0.0,09,000639
123374,0,0,0,0,123374,0.0,09,000640
123329,0,0,0,0,123329,0.0,09,000641
123659,0,0,0,0,123659,0.0,09,000642
124168,0,0,0,0,124168,0.0,09,000643
124734,0,0,0,0,124734,0.0,09,000644
125077,0,0,0,0,125077,0.0,09,000645
125534,0,0,0,0,125534,0.0,09,000646
125661,0,0,0,0,125661,0.0,09,000647
125998,0,0,0,0,125998,0.0,09,000648
126105,0,0,0,0,126105,0.0,09,000649
126148,0,0,0,0,126148,0.0,09,000650
126252,0,0,0,0,126252,0.0,09,000651
126026,0,0,0,0,126026,0.0,09,000652
125661,0,0,0,0,125661,0.0,09,000653
125449,0,0,0,0,125449,0.0,09,000654
125324,0,0,0,0,125324,0.0,09,000655
125187,0,0,0,0,125187,0.0,09,000656
124764,0,0,0,0,124764,0.0,09,000657
124096,0,0,0,0,124096,0.0,09,000658
123219,0,0,0,0,123219,0.0,09,000659
122095,0,0,0,0,122095,0.0,09,000660
120672,0,0,0,0,120672,0.0,09,000661
119163,0,0,0,0,119163,0.0,09,000662
117780,0,0,0,0,117780,0.0,09,000663
116830,0,0,0,0,116830,0.0,09,000664
115927,0,0,0,0,115927,0.0,09,000665
116018,0,0,0,0,116018,0.0,09,000666
116044,0,0,0,0,116044,0.0,09,000667
116452,0,0,0,0,116452,0.0,09,000668
118163,0,0,0,0,118163,0.0,09,000669
120006,0,0,0,0,120006,0.0,09,000670
121747,0,0,0,0,121747,0.0,09,000671
122986,0,0,0,0,122986,0.0,09,000672
124031,0,0,0,0,124031,0.0,09,000673
124640,0,0,0,0,124640,0.0,09,000674
125017,0,0,0,0,125017,0.0,09,000675
125174,0,0,0,0,125174,0.0,09,000676
125159,0,0,0,0,125159,0.0,09,000677
125020,0,0,0,0,125020,0.0,09,000678
124791,0,0,0,0,124791,0.0,09,000679
124954,0,0,0,0,124954,0.0,09,000680
124541,0,0,0,0,124541,0.0,09,000681
123909,0,0,0,0,123909,0.0,09,000682
123270,0,0,0,0,123270,0.0,09,000683
122575,0,0,0,0,122575,0.0,09,000684
122817,0,0,0,0,122817,0.0,09,000685
123139,0,0,0,0,123139,0.0,09,000686
122673,0,0,0,0,122673,0.0,09,000687
121930,0,0,0,0,121930,0.0,09,000688
122562,0,0,0,0,122562,0.0,09,000689
122930,0,0,0,0,122930,0.0,09,000690
123375,0,0,0,0,123375,0.0,09,000691
123619,0,0,0,0,123619,0.0,09,000692
122984,0,0,0,0,122984,0.0,09,000693
123823,0,0,0,0,123823,0.0,09,000694
123804,0,0,0,0,123804,0.0,09,000695
122947,0,0,0,0,122947,0.0,09,000696
123253,0,0,0,0,123253,0.0,09,000697
123718,0,0,0,0,123718,0.0,09,000698
123859,0,0,0,0,123859,0.0,09,000699
123979,0,0,0,0,123979,0.0,09,000700
123625,0,0,0,0,123625,0.0,09,000701
123487,0,0,0,0,123487,0.0,09,000702
123262,0,0,0,0,123262,0.0,09,000703
122289,0,0,0,0,122289,0.0,09,000704
121253,0,0,0,0,121253,0.0,09,000705
120038,0,0,0,0,120038,0.0,09,000706
120201,0,0,0,0,120201,0.0,09,000707
120754,0,0,0,0,120754,0.0,09,000708
121790,0,0,0,0,121790,0.0,09,000709
121704,0,0,0,0,121704,0.0,09,000710
121958,0,0,0,0,121958,0.0,09,000711
122719,0,0,0,0,122719,0.0,09,000712
123514,0,0,0,0,123514,0.0,09,000713
124267,0,0,0,0,124267,0.0,09,000714
124759,0,0,0,0,124759,0.0,09,000715
125101,0,0,0,0,125101,0.0,09,000716
125171,0,0,0,0,125171,0.0,09,000717
125188,0,0,0,0,125188,0.0,09,000718
125230,0,0,0,0,125230,0.0,09,000719
125316,0,0,0,0,125316,0.0,09,000720
125385,0,0,0,0,125385,0.0,09,000721
125578,0,0,0,0,125578,0.0,09,000722
125778,0,0,0,0,125778,0.0,09,000723
125999,0,0,0,0,125999,0.0,09,000724
126271,0,0,0,0,126271,0.0,09,000725
126409,0,0,0,0,126409,0.0,09,000726
126547,0,0,0,0,126547,0.0,09,000727
126688,0,0,0,0,126688,0.0,09,000728
126735,0,0,0,0,126735,0.0,09,000729
126991,0,0,0,0,126991,0.0,09,000730
127117,0,0,0,0,127117,0.0,09,000731
127019,0,0,0,0,127019,0.0,09,000732
126856,0,0,0,0,126856,0.0,09,000733
126761,0,0,0,0,126761,0.0,09,000734
126597,0,0,0,0,126597,0.0,09,000735
126516,0,0,0,0,126516,0.0,09,000736
126454,0,0,0,0,126454,0.0,09,000737
126359,0,0,0,0,126359,0.0,09,000738
126422,0,0,0,0,126422,0.0,09,000739
126620,0,0,0,0,126620,0.0,09,000740
126765,0,0,0,0,126765,0.0,09,000741
126865,0,0,0,0,126865,0.0,09,000742
126976,0,0,0,0,126976,0.0,09,000743
127098,0,0,0,0,127098,0.0,09,000744
127008,0,0,0,0,127008,0.0,09,000745
127002,0,0,0,0,127002,0.0,09,000746
127000,0,0,0,0,127000,0.0,09,000747
126884,0,0,0,0,126884,0.0,09,000748
126832,0,0,0,0,126832,0.0,09,000749
126820,0,0,0,0,126820,0.0,09,000750
126775,0,0,0,0,126775,0.0,09,000751
126705,0,0,0,0,126705,0.0,09,000752
126568,0,0,0,0,126568,0.0,09,000753
126416,0,0,0,0,126416,0.0,09,000754
126294,0,0,0,0,126294,0.0,09,000755
125979,0,0,0,0,125979,0.0,09,000756
125547,0,0,0,0,125547,0.0,09,000757
125093,0,0,0,0,125093,0.0,09,000758
124389,0,0,0,0,124389,0.0,09,000759
123717,0,0,0,0,123717,0.0,09,000760
123225,0,0,0,0,123225,0.0,09,000761
122789,0,0,0,0,122789,0.0,09,000762
121620,0,0,0,0,121620,0.0,09,000763
120689,0,0,0,0,120689,0.0,09,000764
119509,0,0,0,0,119509,0.0,09,000765
117999,0,0,0,0,117999,0.0,09,000766
116188,0,0,0,0,116188,0.0,09,000767
113984,0,0,0,0,113984,0.0,09,000768
112257,0,0,0,0,112257,0.0,09,000769
112336,0,0,0,0,112336,0.0,09,000770
114229,0,0,0,0,114229,0.0,09,000771
115625,0,0,0,0,115625,0.0,09,000772
116773,0,0,0,0,116773,0.0,09,000773
116460,0,0,0,0,116460,0.0,09,000774
117822,0,0,0,0,117822,0.0,09,000775
119830,0,0,0,0,119830,0.0,09,000776
120813,0,0,0,0,120813,0.0,09,000777
120384,0,0,0,0,120384,0.0,09,000778
119986,0,0,0,0,119986,0.0,09,000779
119751,0,0,0,0,119751,0.0,09,000780
120197,0,0,0,0,120197,0.0,09,000781
121290,0,0,0,0,121290,0.0,09,000782
122879,0,0,0,0,122879,0.0,09,000783
124585,0,0,0,0,124585,0.0,09,000784
125295,0,0,0,0,125295,0.0,09,000785
125765,0,0,0,0,125765,0.0,09,000786
125976,0,0,0,0,125976,0.0,09,000787
126074,0,0,0,0,126074,0.0,09,000788
125881,0,0,0,0,125881,0.0,09,000789
125687,0,0,0,0,125687,0.0,09,000790
125485,0,0,0,0,125485,0.0,09,000791
124853,0,0,0,0,124853,0.0,09,000792
124624,0,0,0,0,124624,0.0,09,000793
123860,0,0,0,0,123860,0.0,09,000794
122837,0,0,0,0,122837,0.0,09,000795
122088,0,0,0,0,122088,0.0,09,000796
121878,0,0,0,0,121878,0.0,09,000797
121583,0,0,0,0,121583,0.0,09,000798
121638,0,0,0,0,121638,0.0,09,000799
121861,0,0,0,0,121861,0.0,09,000800
122349,0,0,0,0,122349,0.0,09,000801
123236,0,0,0,0,123236,0.0,09,000802
124309,0,0,0,0,124309,0.0,09,000803
124561,0,0,0,0,124561,0.0,09,000804
124526,0,0,0,0,124526,0.0,09,000805
124236,0,0,0,0,124236,0.0,09,000806
124394,0,0,0,0,124394,0.0,09,000807
124548,0,0,0,0,124548,0.0,09,000808
124343,0,0,0,0,124343,0.0,09,000809
123375,0,0,0,0,123375,0.0,09,000810
122790,0,0,0,0,122790,0.0,09,000811
122982,0,0,0,0,122982,0.0,09,000812
123850,0,0,0,0,123850,0.0,09,000813
123829,0,0,0,0,123829,0.0,09,000814
124179,0,0,0,0,124179,0.0,09,000815
125060,0,0,0,0,125060,0.0,09,000816
125531,0,0,0,0,125531,0.0,09,000817
125380,0,0,0,0,125380,0.0,09,000818
125197,0,0,0,0,125197,0.0,09,000819
125219,0,0,0,0,125219,0.0,09,000820
124610,0,0,0,0,124610,0.0,09,000821
124364,0,0,0,0,124364,0.0,09,000822
124826,0,0,0,0,124826,0.0,09,000823
124491,0,0,0,0,124491,0.0,09,000824
124234,0,0,0,0,124234,0.0,09,000825
124962,0,0,0,0,124962,0.0,09,000826
125909,0,0,0,0,125909,0.0,09,000827
126284,0,0,0,0,126284,0.0,09,000828
126489,0,0,0,0,126489,0.0,09,000829
126797,0,0,0,0,126797,0.0,09,000830
127036,0,0,0,0,127036,0.0,09,000831
127138,0,0,0,0,127138,0.0,09,000832
127227,0,0,0,0,127227,0.0,09,000833
127226,0,0,0,0,127226,0.0,09,000834
127177,0,0,0,0,127177,0.0,09,000835
126980,0,0,0,0,126980,0.0,09,000836
126934,0,0,0,0,126934,0.0,09,000837
126961,0,0,0,0,126961,0.0,09,000838
126943,0,0,0,0,126943,0.0,09,000839
126858,0,0,0,0,126858,0.0,09,000840
126790,0,0,0,0,126790,0.0,09,000841
126751,0,0,0,0,126751,0.0,09,000842
126739,0,0,0,0,126739,0.0,09,000843
126794,0,0,0,0,126794,0.0,09,000844
126504,0,0,0,0,126504,0.0,09,000845
126284,0,0,0,0,126284,0.0,09,000846
126027,0,0,0,0,126027,0.0,09,000847
125788,0,0,0,0,125788,0.0,09,000848
125448,0,0,0,0,125448,0.0,09,000849
125052,0,0,0,0,125052,0.0,09,000850
124386,0,0,0,0,124386,0.0,09,000851
124196,0,0,0,0,124196,0.0,09,000852
124112,0,0,0,0,124112,0.0,09,000853
123866,0,0,0,0,123866,0.0,09,000854
123644,0,0,0,0,123644,0.0,09,000855
123188,0,0,0,0,123188,0.0,09,000856
122630,0,0,0,0,122630,0.0,09,000857
122237,0,0,0,0,122237,0.0,09,000858
121922,0,0,0,0,121922,0.0,09,000859
121426,0,0,0,0,121426,0.0,09,000860
120905,0,0,0,0,120905,0.0,09,000861
121014,0,0,0,0,121014,0.0,09,000862
121308,0,0,0,0,121308,0.0,09,000863
122336,0,0,0,0,122336,0.0,09,000864
122738,0,0,0,0,122738,0.0,09,000865
122695,0,0,0,0,122695,0.0,09,000866
122857,0,0,0,0,122857,0.0,09,000867
123136,0,0,0,0,123136,0.0,09,000868
123743,0,0,0,0,123743,0.0,09,000869
124590,0,0,0,0,124590,0.0,09,000870
125028,0,0,0,0,125028,0.0,09,000871
125332,0,0,0,0,125332,0.0,09,000872
125748,0,0,0,0,125748,0.0,09,000873
126032,0,0,0,0,126032,0.0,09,000874
126402,0,0,0,0,126402,0.0,09,000875
126574,0,0,0,0,126574,0.0,09,000876
126886,0,0,0,0,126886,0.0,09,000877
126979,0,0,0,0,126979,0.0,09,000878
126806,0,0,0,0,126806,0.0,09,000879
126811,0,0,0,0,126811,0.0,09,000880
126660,0,0,0,0,126660,0.0,09,000881
126380,0,0,0,0,126380,0.0,09,000882
125893,0,0,0,0,125893,0.0,09,000883
125277,0,0,0,0,125277,0.0,09,000884
124428,0,0,0,0,124428,0.0,09,000885
123888,0,0,0,0,123888,0.0,09,000886
123364,0,0,0,0,123364,0.0,09,000887
122879,0,0,0,0,122879,0.0,09,000888
122011,0,0,0,0,122011,0.0,09,000889
121690,0,0,0,0,121690,0.0,09,000890
121332,0,0,0,0,121332,0.0,09,000891
120987,0,0,0,0,120987,0.0,09,000892
120704,0,0,0,0,120704,0.0,09,000893
119971,0,0,0,0,119971,0.0,09,000894
118982,0,0,0,0,118982,0.0,09,000895
117526,0,0,0,0,117526,0.0,09,000896
116871,0,0,0,0,116871,0.0,09,000897
116207,0,0,0,0,116207,0.0,09,000898
116643,0,0,0,0,116643,0.0,09,000899
116197,0,0,0,0,116197,0.0,09,000900
115209,0,0,0,0,115209,0.0,09,000901
114146,0,0,0,0,114146,0.0,09,000902
113467,0,0,0,0,113467,0.0,09,000903
113586,0,0,0,0,113586,0.0,09,000904
113583,0,0,0,0,113583,0.0,09,000905
113544,0,0,0,0,113544,0.0,09,000906
114574,0,0,0,0,114574,0.0,09,000907
115928,0,0,0,0,115928,0.0,09,000908
116762,0,0,0,0,116762,0.0,09,000909
117167,0,0,0,0,117167,0.0,09,000910
117542,0,0,0,0,117542,0.0,09,000911
118146,0,0,0,0,118146,0.0,09,000912
118095,0,0,0,0,118095,0.0,09,000913
117982,0,0,0,0,117982,0.0,09,000914
118079,0,0,0,0,118079,0.0,09,000915
118624,0,0,0,0,118624,0.0,09,000916
120168,0,0,0,0,120168,0.0,09,000917
121858,0,0,0,0,121858,0.0,09,000918
123558,0,0,0,0,123558,0.0,09,000919
124461,0,0,0,0,124461,0.0,09,000920
125275,0,0,0,0,125275,0.0,09,000921
125664,0,0,0,0,125664,0.0,09,000922
125698,0,0,0,0,125698,0.0,09,000923
125892,0,0,0,0,125892,0.0,09,000924
126329,0,0,0,0,126329,0.0,09,000925
126647,0,0,0,0,126647,0.0,09,000926
126745,0,0,0,0,126745,0.0,09,000927
126967,0,0,0,0,126967,0.0,09,000928
126961,0,0,0,0,126961,0.0,09,000929
127036,0,0,0,0,127036,0.0,09,000930
127098,0,0,0,0,127098,0.0,09,000931
127189,0,0,0,0,127189,0.0,09,000932
127117,0,0,0,0,127117,0.0,09,000933
127129,0,0,0,0,127129,0.0,09,000934
126929,0,0,0,0,126929,0.0,09,000935
126729,0,0,0,0,126729,0.0,09,000936
126597,0,0,0,0,126597,0.0,09,000937
126270,0,0,0,0,126270,0.0,09,000938
125956,0,0,0,0,125956,0.0,09,000939
125814,0,0,0,0,125814,0.0,09,000940
125897,0,0,0,0,125897,0.0,09,000941
125651,0,0,0,0,125651,0.0,09,000942
125507,0,0,0,0,125507,0.0,09,000943
125594,0,0,0,0,125594,0.0,09,000944
125575,0,0,0,0,125575,0.0,09,000945
125649,0,0,0,0,125649,0.0,09,000946
125617,0,0,0,0,125617,0.0,09,000947
125704,0,0,0,0,125704,0.0,09,000948
125643,0,0,0,0,125643,0.0,09,000949
125862,0,0,0,0,125862,0.0,09,000950
126266,0,0,0,0,126266,0.0,09,000951
126305,0,0,0,0,126305,0.0,09,000952
126164,0,0,0,0,126164,0.0,09,000953
126186,0,0,0,0,126186,0.0,09,000954
126237,0,0,0,0,126237,0.0,09,000955
126227,0,0,0,0,126227,0.0,09,000956
126397,0,0,0,0,126397,0.0,09,000957
126575,0,0,0,0,126575,0.0,09,000958
126861,0,0,0,0,126861,0.0,09,000959
126923,0,0,0,0,126923,0.0,09,000960
127010,0,0,0,0,127010,0.0,09,000961
126972,0,0,0,0,126972,0.0,09,000962
127182,0,0,0,0,127182,0.0,09,000963
127219,0,0,0,0,127219,0.0,09,000964
127266,0,0,0,0,127266,0.0,09,000965
127449,0,0,0,0,127449,0.0,09,000966
127370,0,0,0,0,127370,0.0,09,000967
127445,0,0,0,0,127445,0.0,09,000968
127473,0,0,0,0,127473,0.0,09,000969
127526,0,0,0,0,127526,0.0,09,000970
127436,0,0,0,0,127436,0.0,09,000971
127269,0,0,0,0,127269,0.0,09,000972
127170,0,0,0,0,127170,0.0,09,000973
127026,0,0,0,0,127026,0.0,09,000974
127052,0,0,0,0,127052,0.0,09,000975
127035,0,0,0,0,127035,0.0,09,000976
127009,0,0,0,0,127009,0.0,09,000977
127169,0,0,0,0,127169,0.0,09,000978
127048,0,0,0,0,127048,0.0,09,000979
127042,0,0,0,0,127042,0.0,09,000980
126943,0,0,0,0,126943,0.0,09,000981
126899,0,0,0,0,126899,0.0,09,000982
126934,0,0,0,0,126934,0.0,09,000983
126691,0,0,0,0,126691,0.0,09,000984
126499,0,0,0,0,126499,0.0,09,000985
126277,0,0,0,0,126277,0.0,09,000986
126279,0,0,0,0,126279,0.0,09,000987
126176,0,0,0,0,126176,0.0,09,000988
126211,0,0,0,0,126211,0.0,09,000989
126352,0,0,0,0,126352,0.0,09,000990
126330,0,0,0,0,126330,0.0,09,000991
126124,0,0,0,0,126124,0.0,09,000992
125999,0,0,0,0,125999,0.0,09,000993
125919,0,0,0,0,125919,0.0,09,000994
125925,0,0,0,0,125925,0.0,09,000995
125824,0,0,0,0,125824,0.0,09,000996
125813,0,0,0,0,125813,0.0,09,000997
125920,0,0,0,0,125920,0.0,09,000998
125838,0,0,0,0,125838,0.0,09,000999
126011,0,0,0,0,126011,0.0,09,001000
126210,0,0,0,0,126210,0.0,09,001001
126328,0,0,0,0,126328,0.0,09,001002
126524,0,0,0,0,126524,0.0,09,001003
126743,0,0,0,0,126743,0.0,09,001004
126953,0,0,0,0,126953,0.0,09,001005
127048,0,0,0,0,127048,0.0,09,001006
127110,0,0,0,0,127110,0.0,09,001007
127139,0,0,0,0,127139,0.0,09,001008
127025,0,0,0,0,127025,0.0,09,001009
126867,0,0,0,0,126867,0.0,09,001010
126818,0,0,0,0,126818,0.0,09,001011
126278,0,0,0,0,126278,0.0,09,001012
125718,0,0,0,0,125718,0.0,09,001013
125293,0,0,0,0,125293,0.0,09,001014
124900,0,0,0,0,124900,0.0,09,001015
124562,0,0,0,0,124562,0.0,09,001016
124420,0,0,0,0,124420,0.0,09,001017
124367,0,0,0,0,124367,0.0,09,001018
123882,0,0,0,0,123882,0.0,09,001019
123652,0,0,0,0,123652,0.0,09,001020
123687,0,0,0,0,123687,0.0,09,001021
123806,0,0,0,0,123806,0.0,09,001022
123517,0,0,0,0,123517,0.0,09,001023
123861,0,0,0,0,123861,0.0,09,001024
124046,0,0,0,0,124046,0.0,09,001025
124442,0,0,0,0,124442,0.0,09,001026
125036,0,0,0,0,125036,0.0,09,001027
125262,0,0,0,0,125262,0.0,09,001028
125789,0,0,0,0,125789,0.0,09,001029
126073,0,0,0,0,126073,0.0,09,001030
126060,0,0,0,0,126060,0.0,09,001031
125983,0,0,0,0,125983,0.0,09,001032
125699,0,0,0,0,125699,0.0,09,001033
125059,0,0,0,0,125059,0.0,09,001034
124317,0,0,0,0,124317,0.0,09,001035
123589,0,0,0,0,123589,0.0,09,001036
123105,0,0,0,0,123105,0.0,09,001037
122604,0,0,0,0,122604,0.0,09,001038
122184,0,0,0,0,122184,0.0,09,001039
122363,0,0,0,0,122363,0.0,09,001040
123525,0,0,0,0,123525,0.0,09,001041
124273,0,0,0,0,124273,0.0,09,001042
124217,0,0,0,0,124217,0.0,09,001043
123886,0,0,0,0,123886,0.0,09,001044
123861,0,0,0,0,123861,0.0,09,001045
124219,0,0,0,0,124219,0.0,09,001046
124339,0,0,0,0,124339,0.0,09,001047
124707,0,0,0,0,124707,0.0,09,001048
125071,0,0,0,0,125071,0.0,09,001049
125573,0,0,0,0,125573,0.0,09,001050
125839,0,0,0,0,125839,0.0,09,001051
125925,0,0,0,0,125925,0.0,09,001052
126058,0,0,0,0,126058,0.0,09,001053
125983,0,0,0,0,125983,0.0,09,001054
125727,0,0,0,0,125727,0.0,09,001055
125449,0,0,0,0,125449,0.0,09,001056
125080,0,0,0,0,125080,0.0,09,001057
124647,0,0,0,0,124647,0.0,09,001058
123935,0,0,0,0,123935,0.0,09,001059
123216,0,0,0,0,123216,0.0,09,001060
122816,0,0,0,0,122816,0.0,09,001061
122691,0,0,0,0,122691,0.0,09,001062
123004,0,0,0,0,123004,0.0,09,001063
123105,0,0,0,0,123105,0.0,09,001064
122852,0,0,0,0,122852,0.0,09,001065
123361,0,0,0,0,123361,0.0,09,001066
124036,0,0,0,0,124036,0.0,09,001067
124722,0,0,0,0,124722,0.0,09,001068
125190,0,0,0,0,125190,0.0,09,001069
125529,0,0,0,0,125529,0.0,09,001070
125741,0,0,0,0,125741,0.0,09,001071
126157,0,0,0,0,126157,0.0,09,001072
126335,0,0,0,0,126335,0.0,09,001073
126581,0,0,0,0,126581,0.0,09,001074
126542,0,0,0,0,126542,0.0,09,001075
126596,0,0,0,0,126596,0.0,09,001076
126633,0,0,0,0,126633,0.0,09,001077
125955,0,0,0,0,125955,0.0,09,001078
126109,0,0,0,0,126109,0.0,09,001079
125922,0,0,0,0,125922,0.0,09,001080
125656,0,0,0,0,125656,0.0,09,001081
125429,0,0,0,0,125429,0.0,09,001082
125238,0,0,0,0,125238,0.0,09,001083
125171,0,0,0,0,125171,0.0,09,001084
125162,0,0,0,0,125162,0.0,09,001085
125569,0,0,0,0,125569,0.0,09,001086
125952,0,0,0,0,125952,0.0,09,001087
126106,0,0,0,0,126106,0.0,09,001088
125974,0,0,0,0,125974,0.0,09,001089
125655,0,0,0,0,125655,0.0,09,001090
125536,0,0,0,0,125536,0.0,09,001091
125407,0,0,0,0,125407,0.0,09,001092
125459,0,0,0,0,125459,0.0,09,001093
125649,0,0,0,0,125649,0.0,09,001094
125738,0,0,0,0,125738,0.0,09,001095
125796,0,0,0,0,125796,0.0,09,001096
126010,0,0,0,0,126010,0.0,09,001097
126327,0,0,0,0,126327,0.0,09,001098
126600,0,0,0,0,126600,0.0,09,001099
126589,0,0,0,0,126589,0.0,09,001100
126535,0,0,0,0,126535,0.0,09,001101
126750,0,0,0,0,126750,0.0,09,001102
126810,0,0,0,0,126810,0.0,09,001103
126973,0,0,0,0,126973,0.0,09,001104
126781,0,0,0,0,126781,0.0,09,001105
126834,0,0,0,0,126834,0.0,09,001106
126948,0,0,0,0,126948,0.0,09,001107
126908,0,0,0,0,126908,0.0,09,001108
126835,0,0,0,0,126835,0.0,09,001109
126539,0,0,0,0,126539,0.0,09,001110
126396,0,0,0,0,126396,0.0,09,001111
126249,0,0,0,0,126249,0.0,09,001112
126375,0,0,0,0,126375,0.0,09,001113
126545,0,0,0,0,126545,0.0,09,001114
126541,0,0,0,0,126541,0.0,09,001115
126639,0,0,0,0,126639,0.0,09,001116
126794,0,0,0,0,126794,0.0,09,001117
127004,0,0,0,0,127004,0.0,09,001118
127278,0,0,0,0,127278,0.0,09,001119
127178,0,0,0,0,127178,0.0,09,001120
126857,0,0,0,0,126857,0.0,09,001121
126632,0,0,0,0,126632,0.0,09,001122
126331,0,0,0,0,126331,0.0,09,001123
126462,0,0,0,0,126462,0.0,09,001124
126212,0,0,0,0,126212,0.0,09,001125
126236,0,0,0,0,126236,0.0,09,001126
126197,0,0,0,0,126197,0.0,09,001127
126064,0,0,0,0,126064,0.0,09,001128
126100,0,0,0,0,126100,0.0,09,001129
126253,0,0,0,0,126253,0.0,09,001130
126331,0,0,0,0,126331,0.0,09,001131
126291,0,0,0,0,126291,0.0,09,001132
126259,0,0,0,0,126259,0.0,09,001133
126287,0,0,0,0,126287,0.0,09,001134
126057,0,0,0,0,126057,0.0,09,001135
126005,0,0,0,0,126005,0.0,09,001136
125982,0,0,0,0,125982,0.0,09,001137
126035,0,0,0,0,126035,0.0,09,001138
125933,0,0,0,0,125933,0.0,09,001139
125925,0,0,0,0,125925,0.0,09,001140
126106,0,0,0,0,126106,0.0,09,001141
126079,0,0,0,0,126079,0.0,09,001142
125858,0,0,0,0,125858,0.0,09,001143
125788,0,0,0,0,125788,0.0,09,001144
125923,0,0,0,0,125923,0.0,09,001145
125819,0,0,0,0,125819,0.0,09,001146
125846,0,0,0,0,125846,0.0,09,001147
125917,0,0,0,0,125917,0.0,09,001148
125942,0,0,0,0,125942,0.0,09,001149
125958,0,0,0,0,125958,0.0,09,001150
125924,0,0,0,0,125924,0.0,09,001151
126031,0,0,0,0,126031,0.0,09,001152
126146,0,0,0,0,126146,0.0,09,001153
126086,0,0,0,0,126086,0.0,09,001154
126160,0,0,0,0,126160,0.0,09,001155
126060,0,0,0,0,126060,0.0,09,001156
126043,0,0,0,0,126043,0.0,09,001157
126169,0,0,0,0,126169,0.0,09,001158
126118,0,0,0,0,126118,0.0,09,001159
126134,0,0,0,0,126134,0.0,09,001160
126136,0,0,0,0,126136,0.0,09,001161
126300,0,0,0,0,126300,0.0,09,001162
126230,0,0,0,0,126230,0.0,09,001163
126114,0,0,0,0,126114,0.0,09,001164
126045,0,0,0,0,126045,0.0,09,001165
125918,0,0,0,0,125918,0.0,09,001166
125820,0,0,0,0,125820,0.0,09,001167
125612,0,0,0,0,125612,0.0,09,001168
125479,0,0,0,0,125479,0.0,09,001169
125261,0,0,0,0,125261,0.0,09,001170
124788,0,0,0,0,124788,0.0,09,001171
124312,0,0,0,0,124312,0.0,09,001172
123781,0,0,0,0,123781,0.0,09,001173
123627,0,0,0,0,123627,0.0,09,001174
122891,0,0,0,0,122891,0.0,09,001175
122102,0,0,0,0,122102,0.0,09,001176
121896,0,0,0,0,121896,0.0,09,001177
121102,0,0,0,0,121102,0.0,09,001178
120040,0,0,0,0,120040,0.0,09,001179
118250,0,0,0,0,118250,0.0,09,001180
116896,0,0,0,0,116896,0.0,09,001181
115534,0,0,0,0,115534,0.0,09,001182
112744,0,0,0,0,112744,0.0,09,001183
110169,0,0,0,0,110169,0.0,09,001184
106668,0,0,0,0,106668,0.0,09,001185
102813,0,0,0,0,102813,0.0,09,001186
104478,0,0,0,0,104478,0.0,09,001187
107946,0,0,0,0,107946,0.0,09,001188
109370,0,0,0,0,109370,0.0,09,001189
111748,0,0,0,0,111748,0.0,09,001190
114826,0,0,0,0,114826,0.0,09,001191
118432,0,0,0,0,118432,0.0,09,001192
121221,0,0,0,0,121221,0.0,09,001193
123206,0,0,0,0,123206,0.0,09,001194
123564,0,0,0,0,123564,0.0,09,001195
124293,0,0,0,0,124293,0.0,09,001196
124275,0,0,0,0,124275,0.0,09,001197
124003,0,0,0,0,124003,0.0,09,001198
123417,0,0,0,0,123417,0.0,09,001199
123160,0,0,0,0,123160,0.0,09,001200
122913,0,0,0,0,122913,0.0,09,001201
122874,0,0,0,0,122874,0.0,09,001202
123618,0,0,0,0,123618,0.0,09,001203
123694,0,0,0,0,123694,0.0,09,001204
124041,0,0,0,0,124041,0.0,09,001205
124608,0,0,0,0,124608,0.0,09,001206
125061,0,0,0,0,125061,0.0,09,001207
125657,0,0,0,0,125657,0.0,09,001208
125971,0,0,0,0,125971,0.0,09,001209
126249,0,0,0,0,126249,0.0,09,001210
126333,0,0,0,0,126333,0.0,09,001211
126349,0,0,0,0,126349,0.0,09,001212
126200,0,0,0,0,126200,0.0,09,001213
126272,0,0,0,0,126272,0.0,09,001214
126101,0,0,0,0,126101,0.0,09,001215
125964,0,0,0,0,125964,0.0,09,001216
125775,0,0,0,0,125775,0.0,09,001217
125175,0,0,0,0,125175,0.0,09,001218
125009,0,0,0,0,125009,0.0,09,001219
124992,0,0,0,0,124992,0.0,09,001220
125395,0,0,0,0,125395,0.0,09,001221
125704,0,0,0,0,125704,0.0,09,001222
125569,0,0,0,0,125569,0.0,09,001223
125379,0,0,0,0,125379,0.0,09,001224
125403,0,0,0,0,125403,0.0,09,001225
125458,0,0,0,0,125458,0.0,09,001226
125488,0,0,0,0,125488,0.0,09,001227
125945,0,0,0,0,125945,0.0,09,001228
126014,0,0,0,0,126014,0.0,09,001229
126040,0,0,0,0,126040,0.0,09,001230
126064,0,0,0,0,126064,0.0,09,001231
125892,0,0,0,0,125892,0.0,09,001232
125835,0,0,0,0,125835,0.0,09,001233
125854,0,0,0,0,125854,0.0,09,001234
125821,0,0,0,0,125821,0.0,09,001235
125889,0,0,0,0,125889,0.0,09,001236
125615,0,0,0,0,125615,0.0,09,001237
125628,0,0,0,0,125628,0.0,09,001238
125675,0,0,0,0,125675,0.0,09,001239
125970,0,0,0,0,125970,0.0,09,001240
126257,0,0,0,0,126257,0.0,09,001241
126196,0,0,0,0,126196,0.0,09,001242
126211,0,0,0,0,126211,0.0,09,001243
126189,0,0,0,0,126189,0.0,09,001244
126202,0,0,0,0,126202,0.0,09,001245
126195,0,0,0,0,126195,0.0,09,001246
126251,0,0,0,0,126251,0.0,09,001247
126322,0,0,0,0,126322,0.0,09,001248
126288,0,0,0,0,126288,0.0,09,001249
126426,0,0,0,0,126426,0.0,09,001250
126255,0,0,0,0,126255,0.0,09,001251
126201,0,0,0,0,126201,0.0,09,001252
126187,0,0,0,0,126187,0.0,09,001253
126181,0,0,0,0,126181,0.0,09,001254
126060,0,0,0,0,126060,0.0,09,001255
125992,0,0,0,0,125992,0.0,09,001256
125830,0,0,0,0,125830,0.0,09,001257
125767,0,0,0,0,125767,0.0,09,001258
125878,0,0,0,0,125878,0.0,09,001259
126152,0,0,0,0,126152,0.0,09,001260
126538,0,0,0,0,126538,0.0,09,001261
126402,0,0,0,0,126402,0.0,09,001262
126570,0,0,0,0,126570,0.0,09,001263
126405,0,0,0,0,126405,0.0,09,001264
126462,0,0,0,0,126462,0.0,09,001265
126272,0,0,0,0,126272,0.0,09,001266
125925,0,0,0,0,125925,0.0,09,001267
125755,0,0,0,0,125755,0.0,09,001268
125421,0,0,0,0,125421,0.0,09,001269
125570,0,0,0,0,125570,0.0,09,001270
125629,0,0,0,0,125629,0.0,09,001271
125488,0,0,0,0,125488,0.0,09,001272
125110,0,0,0,0,125110,0.0,09,001273
124753,0,0,0,0,124753,0.0,09,001274
124637,0,0,0,0,124637,0.0,09,001275
124726,0,0,0,0,124726,0.0,09,001276
124958,0,0,0,0,124958,0.0,09,001277
125293,0,0,0,0,125293,0.0,09,001278
125657,0,0,0,0,125657,0.0,09,001279
125408,0,0,0,0,125408,0.0,09,001280
125352,0,0,0,0,125352,0.0,09,001281
125540,0,0,0,0,125540,0.0,09,001282
125667,0,0,0,0,125667,0.0,09,001283
125806,0,0,0,0,125806,0.0,09,001284
125840,0,0,0,0,125840,0.0,09,001285
125486,0,0,0,0,125486,0.0,09,001286
124803,0,0,0,0,124803,0.0,09,001287
123919,0,0,0,0,123919,0.0,09,001288
122934,0,0,0,0,122934,0.0,09,001289
122934,0,0,0,0,122934,0.0,09,001290
122512,0,0,0,0,122512,0.0,09,001291
121675,0,0,0,0,121675,0.0,09,001292
122063,0,0,0,0,122063,0.0,09,001293
123126,0,0,0,0,123126,0.0,09,001294
123895,0,0,0,0,123895,0.0,09,001295
123792,0,0,0,0,123792,0.0,09,001296
123919,0,0,0,0,123919,0.0,09,001297
124432,0,0,0,0,124432,0.0,09,001298
124551,0,0,0,0,124551,0.0,09,001299
124370,0,0,0,0,124370,0.0,09,001300
124499,0,0,0,0,124499,0.0,09,001301
124272,0,0,0,0,124272,0.0,09,001302
124710,0,0,0,0,124710,0.0,09,001303
124724,0,0,0,0,124724,0.0,09,001304
124445,0,0,0,0,124445,0.0,09,001305
124520,0,0,0,0,124520,0.0,09,001306
124794,0,0,0,0,124794,0.0,09,001307
124671,0,0,0,0,124671,0.0,09,001308
125098,0,0,0,0,125098,0.0,09,001309
125318,0,0,0,0,125318,0.0,09,001310
125697,0,0,0,0,125697,0.0,09,001311
126002,0,0,0,0,126002,0.0,09,001312
126338,0,0,0,0,126338,0.0,09,001313
126589,0,0,0,0,126589,0.0,09,001314
126590,0,0,0,0,126590,0.0,09,001315
126481,0,0,0,0,126481,0.0,09,001316
126118,0,0,0,0,126118,0.0,09,001317
126212,0,0,0,0,126212,0.0,09,001318
126746,0,0,0,0,126746,0.0,09,001319
126644,0,0,0,0,126644,0.0,09,001320
126296,0,0,0,0,126296,0.0,09,001321
126675,0,0,0,0,126675,0.0,09,001322
126991,0,0,0,0,126991,0.0,09,001323
126729,0,0,0,0,126729,0.0,09,001324
126408,0,0,0,0,126408,0.0,09,001325
126126,0,0,0,0,126126,0.0,09,001326
126055,0,0,0,0,126055,0.0,09,001327
126010,0,0,0,0,126010,0.0,09,001328
125847,0,0,0,0,125847,0.0,09,001329
125938,0,0,0,0,125938,0.0,09,001330
125821,0,0,0,0,125821,0.0,09,001331
126268,0,0,0,0,126268,0.0,09,001332
126357,0,0,0,0,126357,0.0,09,001333
126318,0,0,0,0,126318,0.0,09,001334
126438,0,0,0,0,126438,0.0,09,001335
126709,0,0,0,0,126709,0.0,09,001336
126754,0,0,0,0,126754,0.0,09,001337
127018,0,0,0,0,127018,0.0,09,001338
127130,0,0,0,0,127130,0.0,09,001339
127148,0,0,0,0,127148,0.0,09,001340
127055,0,0,0,0,127055,0.0,09,001341
126951,0,0,0,0,126951,0.0,09,001342
126863,0,0,0,0,126863,0.0,09,001343
126820,0,0,0,0,126820,0.0,09,001344
126679,0,0,0,0,126679,0.0,09,001345
126548,0,0,0,0,126548,0.0,09,001346
126148,0,0,0,0,126148,0.0,09,001347
125858,0,0,0,0,125858,0.0,09,001348
125437,0,0,0,0,125437,0.0,09,001349
125052,0,0,0,0,125052,0.0,09,001350
124820,0,0,0,0,124820,0.0,09,001351
124459,0,0,0,0,124459,0.0,09,001352
124414,0,0,0,0,124414,0.0,09,001353
124275,0,0,0,0,124275,0.0,09,001354
124343,0,0,0,0,124343,0.0,09,001355
124555,0,0,0,0,124555,0.0,09,001356
124913,0,0,0,0,124913,0.0,09,001357
124777,0,0,0,0,124777,0.0,09,001358
124090,0,0,0,0,124090,0.0,09,001359
123177,0,0,0,0,123177,0.0,09,001360
122342,0,0,0,0,122342,0.0,09,001361
122732,0,0,0,0,122732,0.0,09,001362
122995,0,0,0,0,122995,0.0,09,001363
123902,0,0,0,0,123902,0.0,09,001364
123497,0,0,0,0,123497,0.0,09,001365
124001,0,0,0,0,124001,0.0,09,001366
124029,0,0,0,0,124029,0.0,09,001367
123858,0,0,0,0,123858,0.0,09,001368
123557,0,0,0,0,123557,0.0,09,001369
123188,0,0,0,0,123188,0.0,09,001370
123174,0,0,0,0,123174,0.0,09,001371
123365,0,0,0,0,123365,0.0,09,001372
123632,0,0,0,0,123632,0.0,09,001373
124153,0,0,0,0,124153,0.0,09,001374
124566,0,0,0,0,124566,0.0,09,001375
124695,0,0,0,0,124695,0.0,09,001376
125026,0,0,0,0,125026,0.0,09,001377
125252,0,0,0,0,125252,0.0,09,001378
125713,0,0,0,0,125713,0.0,09,001379
125504,0,0,0,0,125504,0.0,09,001380
125259,0,0,0,0,125259,0.0,09,001381
124359,0,0,0,0,124359,0.0,09,001382
122743,0,0,0,0,122743,0.0,09,001383
121619,0,0,0,0,121619,0.0,09,001384
122002,0,0,0,0,122002,0.0,09,001385
123856,0,0,0,0,123856,0.0,09,001386
124412,0,0,0,0,124412,0.0,09,001387
124663,0,0,0,0,124663,0.0,09,001388
123840,0,0,0,0,123840,0.0,09,001389
122795,0,0,0,0,122795,0.0,09,001390
121936,0,0,0,0,121936,0.0,09,001391
121515,0,0,0,0,121515,0.0,09,001392
122163,0,0,0,0,122163,0.0,09,001393
121350,0,0,0,0,121350,0.0,09,001394
122555,0,0,0,0,122555,0.0,09,001395
123609,0,0,0,0,123609,0.0,09,001396
124387,0,0,0,0,124387,0.0,09,001397
124902,0,0,0,0,124902,0.0,09,001398
124947,0,0,0,0,124947,0.0,09,001399
125033,0,0,0,0,125033,0.0,09,001400
124931,0,0,0,0,124931,0.0,09,001401
125167,0,0,0,0,125167,0.0,09,001402
125148,0,0,0,0,125148,0.0,09,001403
125160,0,0,0,0,125160,0.0,09,001404
125148,0,0,0,0,125148,0.0,09,001405
125527,0,0,0,0,125527,0.0,09,001406
125778,0,0,0,0,125778,0.0,09,001407
126032,0,0,0,0,126032,0.0,09,001408
126061,0,0,0,0,126061,0.0,09,001409
126105,0,0,0,0,126105,0.0,09,001410
126371,0,0,0,0,126371,0.0,09,001411
126441,0,0,0,0,126441,0.0,09,001412
126490,0,0,0,0,126490,0.0,09,001413
126594,0,0,0,0,126594,0.0,09,001414
126610,0,0,0,0,126610,0.0,09,001415
126727,0,0,0,0,126727,0.0,09,001416
126738,0,0,0,0,126738,0.0,09,001417
126698,0,0,0,0,126698,0.0,09,001418
126593,0,0,0,0,126593,0.0,09,001419
126624,0,0,0,0,126624,0.0,09,001420
126549,0,0,0,0,126549,0.0,09,001421
126480,0,0,0,0,126480,0.0,09,001422
126502,0,0,0,0,126502,0.0,09,001423
126431,0,0,0,0,126431,0.0,09,001424
126452,0,0,0,0,126452,0.0,09,001425
126300,0,0,0,0,126300,0.0,09,001426
126045,0,0,0,0,126045,0.0,09,001427
125733,0,0,0,0,125733,0.0,09,001428
125502,0,0,0,0,125502,0.0,09,001429
125351,0,0,0,0,125351,0.0,09,001430
125184,0,0,0,0,125184,0.0,09,001431
125021,0,0,0,0,125021,0.0,09,001432
124872,0,0,0,0,124872,0.0,09,001433
124911,0,0,0,0,124911,0.0,09,001434
125088,0,0,0,0,125088,0.0,09,001435
125144,0,0,0,0,125144,0.0,09,001436
124930,0,0,0,0,124930,0.0,09,001437
123634,0,0,0,0,123634,0.0,09,001438
120786,0,0,0,0,120786,0.0,09,001439
116753,0,0,0,0,116753,0.0,09,001440
121797,0,0,0,0,121797,0.0,09,001441
125239,0,0,0,0,125239,0.0,09,001442
126183,0,0,0,0,126183,0.0,09,001443
126713,0,0,0,0,126713,0.0,09,001444
126802,0,0,0,0,126802,0.0,09,001445
126755,0,0,0,0,126755,0.0,09,001446
126765,0,0,0,0,126765,0.0,09,001447
126735,0,0,0,0,126735,0.0,09,001448
126633,0,0,0,0,126633,0.0,09,001449
126620,0,0,0,0,126620,0.0,09,001450
126583,0,0,0,0,126583,0.0,09,001451
126294,0,0,0,0,126294,0.0,09,001452
125893,0,0,0,0,125893,0.0,09,001453
124612,0,0,0,0,124612,0.0,09,001454
121055,0,0,0,0,121055,0.0,09,001455
118438,0,0,0,0,118438,0.0,09,001456
119615,0,0,0,0,119615,0.0,09,001457
121575,0,0,0,0,121575,0.0,09,001458
124663,0,0,0,0,124663,0.0,09,001459
125792,0,0,0,0,125792,0.0,09,001460
126368,0,0,0,0,126368,0.0,09,001461
126616,0,0,0,0,126616,0.0,09,001462
126738,0,0,0,0,126738,0.0,09,001463
126833,0,0,0,0,126833,0.0,09,001464
126826,0,0,0,0,126826,0.0,09,001465
126923,0,0,0,0,126923,0.0,09,001466
126885,0,0,0,0,126885,0.0,09,001467
127026,0,0,0,0,127026,0.0,09,001468
127014,0,0,0,0,127014,0.0,09,001469
127179,0,0,0,0,127179,0.0,09,001470
127012,0,0,0,0,127012,0.0,09,001471
126937,0,0,0,0,126937,0.0,09,001472
126832,0,0,0,0,126832,0.0,09,001473
126761,0,0,0,0,126761,0.0,09,001474
126760,0,0,0,0,126760,0.0,09,001475
126705,0,0,0,0,126705,0.0,09,001476
126702,0,0,0,0,126702,0.0,09,001477
126823,0,0,0,0,126823,0.0,09,001478
126735,0,0,0,0,126735,0.0,09,001479
126683,0,0,0,0,126683,0.0,09,001480
126760,0,0,0,0,126760,0.0,09,001481
126804,0,0,0,0,126804,0.0,09,001482
126843,0,0,0,0,126843,0.0,09,001483
126909,0,0,0,0,126909,0.0,09,001484
126949,0,0,0,0,126949,0.0,09,001485
126953,0,0,0,0,126953,0.0,09,001486
126926,0,0,0,0,126926,0.0,09,001487
126965,0,0,0,0,126965,0.0,09,001488
127123,0,0,0,0,127123,0.0,09,001489
127104,0,0,0,0,127104,0.0,09,001490
127154,0,0,0,0,127154,0.0,09,001491
127119,0,0,0,0,127119,0.0,09,001492
127077,0,0,0,0,127077,0.0,09,001493
127012,0,0,0,0,127012,0.0,09,001494
126917,0,0,0,0,126917,0.0,09,001495
126756,0,0,0,0,126756,0.0,09,001496
126713,0,0,0,0,126713,0.0,09,001497
126536,0,0,0,0,126536,0.0,09,001498
126520,0,0,0,0,126520,0.0,09,001499
126440,0,0,0,0,126440,0.0,09,001500
126439,0,0,0,0,126439,0.0,09,001501
126417,0,0,0,0,126417,0.0,09,001502
126388,0,0,0,0,126388,0.0,09,001503
126392,0,0,0,0,126392,0.0,09,001504
126308,0,0,0,0,126308,0.0,09,001505
126362,0,0,0,0,126362,0.0,09,001506
126519,0,0,0,0,126519,0.0,09,001507
126524,0,0,0,0,126524,0.0,09,001508
126435,0,0,0,0,126435,0.0,09,001509
126593,0,0,0,0,126593,0.0,09,001510
126466,0,0,0,0,126466,0.0,09,001511
126404,0,0,0,0,126404,0.0,09,001512
126377,0,0,0,0,126377,0.0,09,001513
126388,0,0,0,0,126388,0.0,09,001514
126380,0,0,0,0,126380,0.0,09,001515
126258,0,0,0,0,126258,0.0,09,001516
126311,0,0,0,0,126311,0.0,09,001517
126252,0,0,0,0,126252,0.0,09,001518
126103,0,0,0,0,126103,0.0,09,001519
126142,0,0,0,0,126142,0.0,09,001520
126109,0,0,0,0,126109,0.0,09,001521
126150,0,0,0,0,126150,0.0,09,001522
126153,0,0,0,0,126153,0.0,09,001523
126083,0,0,0,0,126083,0.0,09,001524
126072,0,0,0,0,126072,0.0,09,001525
125920,0,0,0,0,125920,0.0,09,001526
125915,0,0,0,0,125915,0.0,09,001527
125930,0,0,0,0,125930,0.0,09,001528
125935,0,0,0,0,125935,0.0,09,001529
126086,0,0,0,0,126086,0.0,09,001530
126218,0,0,0,0,126218,0.0,09,001531
126151,0,0,0,0,126151,0.0,09,001532
126395,0,0,0,0,126395,0.0,09,001533
126379,0,0,0,0,126379,0.0,09,001534
126340,0,0,0,0,126340,0.0,09,001535
126357,0,0,0,0,126357,0.0,09,001536
126433,0,0,0,0,126433,0.0,09,001537
126164,0,0,0,0,126164,0.0,09,001538
126226,0,0,0,0,126226,0.0,09,001539
126166,0,0,0,0,126166,0.0,09,001540
126278,0,0,0,0,126278,0.0,09,001541
126245,0,0,0,0,126245,0.0,09,001542
126273,0,0,0,0,126273,0.0,09,001543
126339,0,0,0,0,126339,0.0,09,001544
126328,0,0,0,0,126328,0.0,09,001545
126323,0,0,0,0,126323,0.0,09,001546
126494,0,0,0,0,126494,0.0,09,001547
126461,0,0,0,0,126461,0.0,09,001548
126656,0,0,0,0,126656,0.0,09,001549
126724,0,0,0,0,126724,0.0,09,001550
126902,0,0,0,0,126902,0.0,09,001551
127007,0,0,0,0,127007,0.0,09,001552
126891,0,0,0,0,126891,0.0,09,001553
126966,0,0,0,0,126966,0.0,09,001554
127026,0,0,0,0,127026,0.0,09,001555
127075,0,0,0,0,127075,0.0,09,001556
127129,0,0,0,0,127129,0.0,09,001557
127197,0,0,0,0,127197,0.0,09,001558
127124,0,0,0,0,127124,0.0,09,001559
127118,0,0,0,0,127118,0.0,09,001560
127073,0,0,0,0,127073,0.0,09,001561
127015,0,0,0,0,127015,0.0,09,001562
127095,0,0,0,0,127095,0.0,09,001563
127159,0,0,0,0,127159,0.0,09,001564
127007,0,0,0,0,127007,0.0,09,001565
126999,0,0,0,0,126999,0.0,09,001566
127046,0,0,0,0,127046,0.0,09,001567
127044,0,0,0,0,127044,0.0,09,001568
126960,0,0,0,0,126960,0.0,09,001569
126950,0,0,0,0,126950,0.0,09,001570
126889,0,0,0,0,126889,0.0,09,001571
127025,0,0,0,0,127025,0.0,09,001572
126979,0,0,0,0,126979,0.0,09,001573
127058,0,0,0,0,127058,0.0,09,001574
127090,0,0,0,0,127090,0.0,09,001575
126940,0,0,0,0,126940,0.0,09,001576
127007,0,0,0,0,127007,0.0,09,001577
127019,0,0,0,0,127019,0.0,09,001578
126875,0,0,0,0,126875,0.0,09,001579
126766,0,0,0,0,126766,0.0,09,001580
126697,0,0,0,0,126697,0.0,09,001581
126626,0,0,0,0,126626,0.0,09,001582
126640,0,0,0,0,126640,0.0,09,001583
126621,0,0,0,0,126621,0.0,09,001584
126508,0,0,0,0,126508,0.0,09,001585
126438,0,0,0,0,126438,0.0,09,001586
126458,0,0,0,0,126458,0.0,09,001587
126321,0,0,0,0,126321,0.0,09,001588
126372,0,0,0,0,126372,0.0,09,001589
126310,0,0,0,0,126310,0.0,09,001590
121184,0,0,0,0,121184,0.0,10,000000
121208,0,0,0,0,121208,0.0,10,000001
121379,0,0,0,0,121379,0.0,10,000002
121594,0,0,0,0,121594,0.0,10,000003
121914,0,0,0,0,121914,0.0,10,000004
121989,0,0,0,0,121989,0.0,10,000005
121948,0,0,0,0,121948,0.0,10,000006
121983,0,0,0,0,121983,0.0,10,000007
122231,0,0,0,0,122231,0.0,10,000008
122492,0,0,0,0,122492,0.0,10,000009
122473,0,0,0,0,122473,0.0,10,000010
122470,0,0,0,0,122470,0.0,10,000011
122392,0,0,0,0,122392,0.0,10,000012
122521,0,0,0,0,122521,0.0,10,000013
122480,0,0,0,0,122480,0.0,10,000014
122102,0,0,0,0,122102,0.0,10,000015
121818,0,0,0,0,121818,0.0,10,000016
121389,0,0,0,0,121389,0.0,10,000017
121141,0,0,0,0,121141,0.0,10,000018
121052,0,0,0,0,121052,0.0,10,000019
120903,0,0,0,0,120903,0.0,10,000020
120643,0,0,0,0,120643,0.0,10,000021
120436,0,0,0,0,120436,0.0,10,000022
120176,0,0,0,0,120176,0.0,10,000023
120239,0,0,0,0,120239,0.0,10,000024
120018,0,0,0,0,120018,0.0,10,000025
119775,0,0,0,0,119775,0.0,10,000026
119783,0,0,0,0,119783,0.0,10,000027
119946,0,0,0,0,119946,0.0,10,000028
120175,0,0,0,0,120175,0.0,10,000029
120260,0,0,0,0,120260,0.0,10,000030
120486,0,0,0,0,120486,0.0,10,000031
120558,0,0,0,0,120558,0.0,10,000032
120668,0,0,0,0,120668,0.0,10,000033
120764,0,0,0,0,120764,0.0,10,000034
120942,0,0,0,0,120942,0.0,10,000035
120895,0,0,0,0,120895,0.0,10,000036
121024,0,0,0,0,121024,0.0,10,000037
120990,0,0,0,0,120990,0.0,10,000038
120873,0,0,0,0,120873,0.0,10,000039
120839,0,0,0,0,120839,0.0,10,000040
120947,0,0,0,0,120947,0.0,10,000041
121303,0,0,0,0,121303,0.0,10,000042
121480,0,0,0,0,121480,0.0,10,000043
121767,0,0,0,0,121767,0.0,10,000044
122206,0,0,0,0,122206,0.0,10,000045
122456,0,0,0,0,122456,0.0,10,000046
122654,0,0,0,0,122654,0.0,10,000047
122730,0,0,0,0,122730,0.0,10,000048
122880,0,0,0,0,122880,0.0,10,000049
122993,0,0,0,0,122993,0.0,10,000050
123336,0,0,0,0,123336,0.0,10,000051
123556,0,0,0,0,123556,0.0,10,000052
123869,0,0,0,0,123869,0.0,10,000053
124212,0,0,0,0,124212,0.0,10,000054
124418,0,0,0,0,124418,0.0,10,000055
124522,0,0,0,0,124522,0.0,10,000056
124915,0,0,0,0,124915,0.0,10,000057
125536,0,0,0,0,125536,0.0,10,000058
126092,0,0,0,0,126092,0.0,10,000059
126747,0,0,0,0,126747,0.0,10,000060
127220,0,0,0,0,127220,0.0,10,000061
127110,0,0,0,0,127110,0.0,10,000062
126964,0,0,0,0,126964,0.0,10,000063
126809,0,0,0,0,126809,0.0,10,000064
126668,0,0,0,0,126668,0.0,10,000065
126561,0,0,0,0,126561,0.0,10,000066
126692,0,0,0,0,126692,0.0,10,000067
126653,0,0,0,0,126653,0.0,10,000068
126902,0,0,0,0,126902,0.0,10,000069
126971,0,0,0,0,126971,0.0,10,000070
126974,0,0,0,0,126974,0.0,10,000071
126946,0,0,0,0,126946,0.0,10,000072
127020,0,0,0,0,127020,0.0,10,000073
126983,0,0,0,0,126983,0.0,10,000074
126947,0,0,0,0,126947,0.0,10,000075
127040,0,0,0,0,127040,0.0,10,000076
127206,0,0,0,0,127206,0.0,10,000077
127387,0,0,0,0,127387,0.0,10,000078
127427,0,0,0,0,127427,0.0,10,000079
127434,0,0,0,0,127434,0.0,10,000080
127487,0,0,0,0,127487,0.0,10,000081
127389,0,0,0,0,127389,0.0,10,000082
127494,0,0,0,0,127494,0.0,10,000083
127489,0,0,0,0,127489,0.0,10,000084
127530,0,0,0,0,127530,0.0,10,000085
127698,0,0,0,0,127698,0.0,10,000086
127870,0,0,0,0,127870,0.0,10,000087
128036,0,0,0,0,128036,0.0,10,000088
127948,0,0,0,0,127948,0.0,10,000089
128169,0,0,0,0,128169,0.0,10,000090
127998,0,0,0,0,127998,0.0,10,000091
128014,0,0,0,0,128014,0.0,10,000092
128049,0,0,0,0,128049,0.0,10,000093
128112,0,0,0,0,128112,0.0,10,000094
127901,0,0,0,0,127901,0.0,10,000095
128050,0,0,0,0,128050,0.0,10,000096
128048,0,0,0,0,128048,0.0,10,000097
127998,0,0,0,0,127998,0.0,10,000098
127967,0,0,0,0,127967,0.0,10,000099
127871,0,0,0,0,127871,0.0,10,000100
127848,0,0,0,0,127848,0.0,10,000101
127832,0,0,0,0,127832,0.0,10,000102
127840,0,0,0,0,127840,0.0,10,000103
127883,0,0,0,0,127883,0.0,10,000104
127880,0,0,0,0,127880,0.0,10,000105
127926,0,0,0,0,127926,0.0,10,000106
127855,0,0,0,0,127855,0.0,10,000107
127833,0,0,0,0,127833,0.0,10,000108
127668,0,0,0,0,127668,0.0,10,000109
127589,0,0,0,0,127589,0.0,10,000110
127433,0,0,0,0,127433,0.0,10,000111
127318,0,0,0,0,127318,0.0,10,000112
127264,0,0,0,0,127264,0.0,10,000113
127028,0,0,0,0,127028,0.0,10,000114
126871,0,0,0,0,126871,0.0,10,000115
127279,0,0,0,0,127279,0.0,10,000116
127401,0,0,0,0,127401,0.0,10,000117
127346,0,0,0,0,127346,0.0,10,000118
127412,0,0,0,0,127412,0.0,10,000119
126943,0,0,0,0,126943,0.0,10,000120
126555,0,0,0,0,126555,0.0,10,000121
126695,0,0,0,0,126695,0.0,10,000122
126503,0,0,0,0,126503,0.0,10,000123
126450,0,0,0,0,126450,0.0,10,000124
126830,0,0,0,0,126830,0.0,10,000125
126864,0,0,0,0,126864,0.0,10,000126
126358,0,0,0,0,126358,0.0,10,000127
126186,0,0,0,0,126186,0.0,10,000128
126270,0,0,0,0,126270,0.0,10,000129
126499,0,0,0,0,126499,0.0,10,000130
126927,0,0,0,0,126927,0.0,10,000131
127059,0,0,0,0,127059,0.0,10,000132
127255,0,0,0,0,127255,0.0,10,000133
127321,0,0,0,0,127321,0.0,10,000134
127270,0,0,0,0,127270,0.0,10,000135
127213,0,0,0,0,127213,0.0,10,000136
127373,0,0,0,0,127373,0.0,10,000137
127538,0,0,0,0,127538,0.0,10,000138
127683,0,0,0,0,127683,0.0,10,000139
127690,0,0,0,0,127690,0.0,10,000140
127796,0,0,0,0,127796,0.0,10,000141
127814,0,0,0,0,127814,0.0,10,000142
127884,0,0,0,0,127884,0.0,10,000143
127879,0,0,0,0,127879,0.0,10,000144
127811,0,0,0,0,127811,0.0,10,000145
127954,0,0,0,0,127954,0.0,10,000146
127971,0,0,0,0,127971,0.0,10,000147
127949,0,0,0,0,127949,0.0,10,000148
127855,0,0,0,0,127855,0.0,10,000149
127459,0,0,0,0,127459,0.0,10,000150
127256,0,0,0,0,127256,0.0,10,000151
127159,0,0,0,0,127159,0.0,10,000152
127158,0,0,0,0,127158,0.0,10,000153
127268,0,0,0,0,127268,0.0,10,000154
127353,0,0,0,0,127353,0.0,10,000155
127507,0,0,0,0,127507,0.0,10,000156
127712,0,0,0,0,127712,0.0,10,000157
127875,0,0,0,0,127875,0.0,10,000158
128034,0,0,0,0,128034,0.0,10,000159
128142,0,0,0,0,128142,0.0,10,000160
128265,0,0,0,0,128265,0.0,10,000161
128255,0,0,0,0,128255,0.0,10,000162
128147,0,0,0,0,128147,0.0,10,000163
127949,0,0,0,0,127949,0.0,10,000164
127915,0,0,0,0,127915,0.0,10,000165
128001,0,0,0,0,128001,0.0,10,000166
128001,0,0,0,0,128001,0.0,10,000167
127882,0,0,0,0,127882,0.0,10,000168
127959,0,0,0,0,127959,0.0,10,000169
127946,0,0,0,0,127946,0.0,10,000170
127900,0,0,0,0,127900,0.0,10,000171
127931,0,0,0,0,127931,0.0,10,000172
127995,0,0,0,0,127995,0.0,10,000173
127902,0,0,0,0,127902,0.0,10,000174
127922,0,0,0,0,127922,0.0,10,000175
127845,0,0,0,0,127845,0.0,10,000176
127770,0,0,0,0,127770,0.0,10,000177
127815,0,0,0,0,127815,0.0,10,000178
127903,0,0,0,0,127903,0.0,10,000179
127925,0,0,0,0,127925,0.0,10,000180
127843,0,0,0,0,127843,0.0,10,000181
127605,0,0,0,0,127605,0.0,10,000182
127246,0,0,0,0,127246,0.0,10,000183
127100,0,0,0,0,127100,0.0,10,000184
127492,0,0,0,0,127492,0.0,10,000185
127949,0,0,0,0,127949,0.0,10,000186
128114,0,0,0,0,128114,0.0,10,000187
128476,0,0,0,0,128476,0.0,10,000188
128184,0,0,0,0,128184,0.0,10,000189
127650,0,0,0,0,127650,0.0,10,000190
128114,0,0,0,0,128114,0.0,10,000191
128787,0,0,0,0,128787,0.0,10,000192
129017,0,0,0,0,129017,0.0,10,000193
129149,0,0,0,0,129149,0.0,10,000194
129172,0,0,0,0,129172,0.0,10,000195
129195,0,0,0,0,129195,0.0,10,000196
129174,0,0,0,0,129174,0.0,10,000197
129261,0,0,0,0,129261,0.0,10,000198
129244,0,0,0,0,129244,0.0,10,000199
129217,0,0,0,0,129217,0.0,10,000200
129241,0,0,0,0,129241,0.0,10,000201
129271,0,0,0,0,129271,0.0,10,000202
129335,0,0,0,0,129335,0.0,10,000203
129277,0,0,0,0,129277,0.0,10,000204
129310,0,0,0,0,129310,0.0,10,000205
129392,0,0,0,0,129392,0.0,10,000206
129318,0,0,0,0,129318,0.0,10,000207
129211,0,0,0,0,129211,0.0,10,000208
128951,0,0,0,0,128951,0.0,10,000209
128617,0,0,0,0,128617,0.0,10,000210
128556,0,0,0,0,128556,0.0,10,000211
128233,0,0,0,0,128233,0.0,10,000212
127901,0,0,0,0,127901,0.0,10,000213
127996,0,0,0,0,127996,0.0,10,000214
127983,0,0,0,0,127983,0.0,10,000215
128093,0,0,0,0,128093,0.0,10,000216
127607,0,0,0,0,127607,0.0,10,000217
126356,0,0,0,0,126356,0.0,10,000218
125072,0,0,0,0,125072,0.0,10,000219
124724,0,0,0,0,124724,0.0,10,000220
124597,0,0,0,0,124597,0.0,10,000221
124673,0,0,0,0,124673,0.0,10,000222
124886,0,0,0,0,124886,0.0,10,000223
125223,0,0,0,0,125223,0.0,10,000224
125609,0,0,0,0,125609,0.0,10,000225
126152,0,0,0,0,126152,0.0,10,000226
126644,0,0,0,0,126644,0.0,10,000227
126827,0,0,0,0,126827,0.0,10,000228
126799,0,0,0,0,126799,0.0,10,000229
126661,0,0,0,0,126661,0.0,10,000230
126641,0,0,0,0,126641,0.0,10,000231
126593,0,0,0,0,126593,0.0,10,000232
126642,0,0,0,0,126642,0.0,10,000233
126831,0,0,0,0,126831,0.0,10,000234
126991,0,0,0,0,126991,0.0,10,000235
127135,0,0,0,0,127135,0.0,10,000236
127372,0,0,0,0,127372,0.0,10,000237
127425,0,0,0,0,127425,0.0,10,000238
127510,0,0,0,0,127510,0.0,10,000239
127512,0,0,0,0,127512,0.0,10,000240
127503,0,0,0,0,127503,0.0,10,000241
127351,0,0,0,0,127351,0.0,10,000242
127359,0,0,0,0,127359,0.0,10,000243
127550,0,0,0,0,127550,0.0,10,000244
127353,0,0,0,0,127353,0.0,10,000245
127189,0,0,0,0,127189,0.0,10,000246
126915,0,0,0,0,126915,0.0,10,000247
126420,0,0,0,0,126420,0.0,10,000248
125983,0,0,0,0,125983,0.0,10,000249
125769,0,0,0,0,125769,0.0,10,000250
125391,0,0,0,0,125391,0.0,10,000251
124556,0,0,0,0,124556,0.0,10,000252
123861,0,0,0,0,123861,0.0,10,000253
123328,0,0,0,0,123328,0.0,10,000254
122369,0,0,0,0,122369,0.0,10,000255
121470,0,0,0,0,121470,0.0,10,000256
120491,0,0,0,0,120491,0.0,10,000257
119802,0,0,0,0,119802,0.0,10,000258
119428,0,0,0,0,119428,0.0,10,000259
119248,0,0,0,0,119248,0.0,10,000260
119109,0,0,0,0,119109,0.0,10,000261
119057,0,0,0,0,119057,0.0,10,000262
119287,0,0,0,0,119287,0.0,10,000263
120111,0,0,0,0,120111,0.0,10,000264
120602,0,0,0,0,120602,0.0,10,000265
121371,0,0,0,0,121371,0.0,10,000266
121727,0,0,0,0,121727,0.0,10,000267
122259,0,0,0,0,122259,0.0,10,000268
122597,0,0,0,0,122597,0.0,10,000269
122740,0,0,0,0,122740,0.0,10,000270
122785,0,0,0,0,122785,0.0,10,000271
122930,0,0,0,0,122930,0.0,10,000272
123005,0,0,0,0,123005,0.0,10,000273
123043,0,0,0,0,123043,0.0,10,000274
122810,0,0,0,0,122810,0.0,10,000275
122422,0,0,0,0,122422,0.0,10,000276
122197,0,0,0,0,122197,0.0,10,000277
121990,0,0,0,0,121990,0.0,10,000278
121239,0,0,0,0,121239,0.0,10,000279
120775,0,0,0,0,120775,0.0,10,000280
120020,0,0,0,0,120020,0.0,10,000281
118820,0,0,0,0,118820,0.0,10,000282
117299,0,0,0,0,117299,0.0,10,000283
115246,0,0,0,0,115246,0.0,10,000284
114148,0,0,0,0,114148,0.0,10,000285
112647,0,0,0,0,112647,0.0,10,000286
110105,0,0,0,0,110105,0.0,10,000287
109813,0,0,0,0,109813,0.0,10,000288
112542,0,0,0,0,112542,0.0,10,000289
114249,0,0,0,0,114249,0.0,10,000290
115332,0,0,0,0,115332,0.0,10,000291
117036,0,0,0,0,117036,0.0,10,000292
118970,0,0,0,0,118970,0.0,10,000293
120611,0,0,0,0,120611,0.0,10,000294
122064,0,0,0,0,122064,0.0,10,000295
123313,0,0,0,0,123313,0.0,10,000296
123971,0,0,0,0,123971,0.0,10,000297
124309,0,0,0,0,124309,0.0,10,000298
124438,0,0,0,0,124438,0.0,10,000299
124583,0,0,0,0,124583,0.0,10,000300
124471,0,0,0,0,124471,0.0,10,000301
124555,0,0,0,0,124555,0.0,10,000302
124618,0,0,0,0,124618,0.0,10,000303
124748,0,0,0,0,124748,0.0,10,000304
125422,0,0,0,0,125422,0.0,10,000305
126137,0,0,0,0,126137,0.0,10,000306
126816,0,0,0,0,126816,0.0,10,000307
126752,0,0,0,0,126752,0.0,10,000308
126942,0,0,0,0,126942,0.0,10,000309
127417,0,0,0,0,127417,0.0,10,000310
127533,0,0,0,0,127533,0.0,10,000311
127596,0,0,0,0,127596,0.0,10,000312
127556,0,0,0,0,127556,0.0,10,000313
127563,0,0,0,0,127563,0.0,10,000314
127501,0,0,0,0,127501,0.0,10,000315
127463,0,0,0,0,127463,0.0,10,000316
127480,0,0,0,0,127480,0.0,10,000317
127324,0,0,0,0,127324,0.0,10,000318
127273,0,0,0,0,127273,0.0,10,000319
127152,0,0,0,0,127152,0.0,10,000320
127171,0,0,0,0,127171,0.0,10,000321
127198,0,0,0,0,127198,0.0,10,000322
127140,0,0,0,0,127140,0.0,10,000323
127111,0,0,0,0,127111,0.0,10,000324
127173,0,0,0,0,127173,0.0,10,000325
127242,0,0,0,0,127242,0.0,10,000326
127233,0,0,0,0,127233,0.0,10,000327
126986,0,0,0,0,126986,0.0,10,000328
126762,0,0,0,0,126762,0.0,10,000329
126464,0,0,0,0,126464,0.0,10,000330
126241,0,0,0,0,126241,0.0,10,000331
126176,0,0,0,0,126176,0.0,10,000332
126648,0,0,0,0,126648,0.0,10,000333
126744,0,0,0,0,126744,0.0,10,000334
126783,0,0,0,0,126783,0.0,10,000335
126350,0,0,0,0,126350,0.0,10,000336
125880,0,0,0,0,125880,0.0,10,000337
125385,0,0,0,0,125385,0.0,10,000338
125074,0,0,0,0,125074,0.0,10,000339
124979,0,0,0,0,124979,0.0,10,000340
125055,0,0,0,0,125055,0.0,10,000341
125032,0,0,0,0,125032,0.0,10,000342
125034,0,0,0,0,125034,0.0,10,000343
125157,0,0,0,0,125157,0.0,10,000344
125396,0,0,0,0,125396,0.0,10,000345
125644,0,0,0,0,125644,0.0,10,000346
125631,0,0,0,0,125631,0.0,10,000347
125368,0,0,0,0,125368,0.0,10,000348
125395,0,0,0,0,125395,0.0,10,000349
125636,0,0,0,0,125636,0.0,10,000350
125187,0,0,0,0,125187,0.0,10,000351
124682,0,0,0,0,124682,0.0,10,000352
124681,0,0,0,0,124681,0.0,10,000353
124629,0,0,0,0,124629,0.0,10,000354
124464,0,0,0,0,124464,0.0,10,000355
124439,0,0,0,0,124439,0.0,10,000356
124359,0,0,0,0,124359,0.0,10,000357
124115,0,0,0,0,124115,0.0,10,000358
123879,0,0,0,0,123879,0.0,10,000359
123320,0,0,0,0,123320,0.0,10,000360
122405,0,0,0,0,122405,0.0,10,000361
121600,0,0,0,0,121600,0.0,10,000362
120922,0,0,0,0,120922,0.0,10,000363
120637,0,0,0,0,120637,0.0,10,000364
121328,0,0,0,0,121328,0.0,10,000365
120267,0,0,0,0,120267,0.0,10,000366
120405,0,0,0,0,120405,0.0,10,000367
120408,0,0,0,0,120408,0.0,10,000368
120713,0,0,0,0,120713,0.0,10,000369
121370,0,0,0,0,121370,0.0,10,000370
121718,0,0,0,0,121718,0.0,10,000371
122628,0,0,0,0,122628,0.0,10,000372
122999,0,0,0,0,122999,0.0,10,000373
123678,0,0,0,0,123678,0.0,10,000374
125536,0,0,0,0,125536,0.0,10,000375
125014,0,0,0,0,125014,0.0,10,000376
125390,0,0,0,0,125390,0.0,10,000377
127032,0,0,0,0,127032,0.0,10,000378
126696,0,0,0,0,126696,0.0,10,000379
126517,0,0,0,0,126517,0.0,10,000380
126541,0,0,0,0,126541,0.0,10,000381
126329,0,0,0,0,126329,0.0,10,000382
125979,0,0,0,0,125979,0.0,10,000383
126177,0,0,0,0,126177,0.0,10,000384
126362,0,0,0,0,126362,0.0,10,000385
126695,0,0,0,0,126695,0.0,10,000386
126697,0,0,0,0,126697,0.0,10,000387
126556,0,0,0,0,126556,0.0,10,000388
126439,0,0,0,0,126439,0.0,10,000389
126437,0,0,0,0,126437,0.0,10,000390
126299,0,0,0,0,126299,0.0,10,000391
126238,0,0,0,0,126238,0.0,10,000392
126141,0,0,0,0,126141,0.0,10,000393
126141,0,0,0,0,126141,0.0,10,000394
126139,0,0,0,0,126139,0.0,10,000395
126262,0,0,0,0,126262,0.0,10,000396
126149,0,0,0,0,126149,0.0,10,000397
125907,0,0,0,0,125907,0.0,10,000398
125656,0,0,0,0,125656,0.0,10,000399
125605,0,0,0,0,125605,0.0,10,000400
125493,0,0,0,0,125493,0.0,10,000401
125405,0,0,0,0,125405,0.0,10,000402
125116,0,0,0,0,125116,0.0,10,000403
124733,0,0,0,0,124733,0.0,10,000404
124240,0,0,0,0,124240,0.0,10,000405
123451,0,0,0,0,123451,0.0,10,000406
122492,0,0,0,0,122492,0.0,10,000407
121922,0,0,0,0,121922,0.0,10,000408
121268,0,0,0,0,121268,0.0,10,000409
120597,0,0,0,0,120597,0.0,10,000410
120363,0,0,0,0,120363,0.0,10,000411
119883,0,0,0,0,119883,0.0,10,000412
120077,0,0,0,0,120077,0.0,10,000413
120521,0,0,0,0,120521,0.0,10,000414
120665,0,0,0,0,120665,0.0,10,000415
121068,0,0,0,0,121068,0.0,10,000416
120857,0,0,0,0,120857,0.0,10,000417
121272,0,0,0,0,121272,0.0,10,000418
122168,0,0,0,0,122168,0.0,10,000419
122638,0,0,0,0,122638,0.0,10,000420
123371,0,0,0,0,123371,0.0,10,000421
123827,0,0,0,0,123827,0.0,10,000422
124621,0,0,0,0,124621,0.0,10,000423
125173,0,0,0,0,125173,0.0,10,000424
125410,0,0,0,0,125410,0.0,10,000425
125792,0,0,0,0,125792,0.0,10,000426
126201,0,0,0,0,126201,0.0,10,000427
126466,0,0,0,0,126466,0.0,10,000428
126573,0,0,0,0,126573,0.0,10,000429
126640,0,0,0,0,126640,0.0,10,000430
126661,0,0,0,0,126661,0.0,10,000431
126729,0,0,0,0,126729,0.0,10,000432
126582,0,0,0,0,126582,0.0,10,000433
126522,0,0,0,0,126522,0.0,10,000434
126180,0,0,0,0,126180,0.0,10,000435
125605,0,0,0,0,125605,0.0,10,000436
125072,0,0,0,0,125072,0.0,10,000437
124642,0,0,0,0,124642,0.0,10,000438
124014,0,0,0,0,124014,0.0,10,000439
123598,0,0,0,0,123598,0.0,10,000440
123487,0,0,0,0,123487,0.0,10,000441
122713,0,0,0,0,122713,0.0,10,000442
122086,0,0,0,0,122086,0.0,10,000443
121225,0,0,0,0,121225,0.0,10,000444
120048,0,0,0,0,120048,0.0,10,000445
119741,0,0,0,0,119741,0.0,10,000446
119197,0,0,0,0,119197,0.0,10,000447
119111,0,0,0,0,119111,0.0,10,000448
119150,0,0,0,0,119150,0.0,10,000449
119286,0,0,0,0,119286,0.0,10,000450
118513,0,0,0,0,118513,0.0,10,000451
119635,0,0,0,0,119635,0.0,10,000452
121122,0,0,0,0,121122,0.0,10,000453
122605,0,0,0,0,122605,0.0,10,000454
123665,0,0,0,0,123665,0.0,10,000455
124149,0,0,0,0,124149,0.0,10,000456
124097,0,0,0,0,124097,0.0,10,000457
124313,0,0,0,0,124313,0.0,10,000458
124298,0,0,0,0,124298,0.0,10,000459
124770,0,0,0,0,124770,0.0,10,000460
125336,0,0,0,0,125336,0.0,10,000461
125645,0,0,0,0,125645,0.0,10,000462
125544,0,0,0,0,125544,0.0,10,000463
125439,0,0,0,0,125439,0.0,10,000464
125398,0,0,0,0,125398,0.0,10,000465
125558,0,0,0,0,125558,0.0,10,000466
125702,0,0,0,0,125702,0.0,10,000467
125978,0,0,0,0,125978,0.0,10,000468
126121,0,0,0,0,126121,0.0,10,000469
126232,0,0,0,0,126232,0.0,10,000470
126127,0,0,0,0,126127,0.0,10,000471
126352,0,0,0,0,126352,0.0,10,000472
126593,0,0,0,0,126593,0.0,10,000473
126701,0,0,0,0,126701,0.0,10,000474
126732,0,0,0,0,126732,0.0,10,000475
126784,0,0,0,0,126784,0.0,10,000476
126748,0,0,0,0,126748,0.0,10,000477
126684,0,0,0,0,126684,0.0,10,000478
126752,0,0,0,0,126752,0.0,10,000479
126900,0,0,0,0,126900,0.0,10,000480
126943,0,0,0,0,126943,0.0,10,000481
126938,0,0,0,0,126938,0.0,10,000482
126811,0,0,0,0,126811,0.0,10,000483
127054,0,0,0,0,127054,0.0,10,000484
127027,0,0,0,0,127027,0.0,10,000485
126994,0,0,0,0,126994,0.0,10,000486
127190,0,0,0,0,127190,0.0,10,000487
127052,0,0,0,0,127052,0.0,10,000488
127333,0,0,0,0,127333,0.0,10,000489
127265,0,0,0,0,127265,0.0,10,000490
127269,0,0,0,0,127269,0.0,10,000491
127515,0,0,0,0,127515,0.0,10,000492
127471,0,0,0,0,127471,0.0,10,000493
127551,0,0,0,0,127551,0.0,10,000494
127706,0,0,0,0,127706,0.0,10,000495
127617,0,0,0,0,127617,0.0,10,000496
127664,0,0,0,0,127664,0.0,10,000497
127505,0,0,0,0,127505,0.0,10,000498
127440,0,0,0,0,127440,0.0,10,000499
126878,0,0,0,0,126878,0.0,10,000500
126321,0,0,0,0,126321,0.0,10,000501
126105,0,0,0,0,126105,0.0,10,000502
125954,0,0,0,0,125954,0.0,10,000503
125877,0,0,0,0,125877,0.0,10,000504
125760,0,0,0,0,125760,0.0,10,000505
125750,0,0,0,0,125750,0.0,10,000506
126021,0,0,0,0,126021,0.0,10,000507
126207,0,0,0,0,126207,0.0,10,000508
126619,0,0,0,0,126619,0.0,10,000509
126762,0,0,0,0,126762,0.0,10,000510
127092,0,0,0,0,127092,0.0,10,000511
127139,0,0,0,0,127139,0.0,10,000512
127194,0,0,0,0,127194,0.0,10,000513
127245,0,0,0,0,127245,0.0,10,000514
127281,0,0,0,0,127281,0.0,10,000515
127459,0,0,0,0,127459,0.0,10,000516
127737,0,0,0,0,127737,0.0,10,000517
127890,0,0,0,0,127890,0.0,10,000518
128079,0,0,0,0,128079,0.0,10,000519
128078,0,0,0,0,128078,0.0,10,000520
128180,0,0,0,0,128180,0.0,10,000521
128077,0,0,0,0,128077,0.0,10,000522
128009,0,0,0,0,128009,0.0,10,000523
127966,0,0,0,0,127966,0.0,10,000524
127872,0,0,0,0,127872,0.0,10,000525
127892,0,0,0,0,127892,0.0,10,000526
127936,0,0,0,0,127936,0.0,10,000527
127984,0,0,0,0,127984,0.0,10,000528
127828,0,0,0,0,127828,0.0,10,000529
127633,0,0,0,0,127633,0.0,10,000530
127400,0,0,0,0,127400,0.0,10,000531
127298,0,0,0,0,127298,0.0,10,000532
127432,0,0,0,0,127432,0.0,10,000533
127408,0,0,0,0,127408,0.0,10,000534
126852,0,0,0,0,126852,0.0,10,000535
126227,0,0,0,0,126227,0.0,10,000536
125220,0,0,0,0,125220,0.0,10,000537
124746,0,0,0,0,124746,0.0,10,000538
123769,0,0,0,0,123769,0.0,10,000539
123973,0,0,0,0,123973,0.0,10,000540
124030,0,0,0,0,124030,0.0,10,000541
122319,0,0,0,0,122319,0.0,10,000542
121417,0,0,0,0,121417,0.0,10,000543
122277,0,0,0,0,122277,0.0,10,000544
123729,0,0,0,0,123729,0.0,10,000545
124643,0,0,0,0,124643,0.0,10,000546
125192,0,0,0,0,125192,0.0,10,000547
125710,0,0,0,0,125710,0.0,10,000548
125945,0,0,0,0,125945,0.0,10,000549
126265,0,0,0,0,126265,0.0,10,000550
126355,0,0,0,0,126355,0.0,10,000551
126683,0,0,0,0,126683,0.0,10,000552
126853,0,0,0,0,126853,0.0,10,000553
126924,0,0,0,0,126924,0.0,10,000554
127317,0,0,0,0,127317,0.0,10,000555
127627,0,0,0,0,127627,0.0,10,000556
127674,0,0,0,0,127674,0.0,10,000557
127856,0,0,0,0,127856,0.0,10,000558
127881,0,0,0,0,127881,0.0,10,000559
127791,0,0,0,0,127791,0.0,10,000560
127867,0,0,0,0,127867,0.0,10,000561
127702,0,0,0,0,127702,0.0,10,000562
127527,0,0,0,0,127527,0.0,10,000563
127510,0,0,0,0,127510,0.0,10,000564
127392,0,0,0,0,127392,0.0,10,000565
127355,0,0,0,0,127355,0.0,10,000566
127382,0,0,0,0,127382,0.0,10,000567
127034,0,0,0,0,127034,0.0,10,000568
126774,0,0,0,0,126774,0.0,10,000569
126156,0,0,0,0,126156,0.0,10,000570
124919,0,0,0,0,124919,0.0,10,000571
124377,0,0,0,0,124377,0.0,10,000572
124286,0,0,0,0,124286,0.0,10,000573
124543,0,0,0,0,124543,0.0,10,000574
123072,0,0,0,0,123072,0.0,10,000575
122672,0,0,0,0,122672,0.0,10,000576
124716,0,0,0,0,124716,0.0,10,000577
126095,0,0,0,0,126095,0.0,10,000578
126831,0,0,0,0,126831,0.0,10,000579
127173,0,0,0,0,127173,0.0,10,000580
127318,0,0,0,0,127318,0.0,10,000581
127349,0,0,0,0,127349,0.0,10,000582
127301,0,0,0,0,127301,0.0,10,000583
127376,0,0,0,0,127376,0.0,10,000584
127534,0,0,0,0,127534,0.0,10,000585
127649,0,0,0,0,127649,0.0,10,000586
127906,0,0,0,0,127906,0.0,10,000587
127912,0,0,0,0,127912,0.0,10,000588
127671,0,0,0,0,127671,0.0,10,000589
127566,0,0,0,0,127566,0.0,10,000590
127575,0,0,0,0,127575,0.0,10,000591
127856,0,0,0,0,127856,0.0,10,000592
128061,0,0,0,0,128061,0.0,10,000593
128014,0,0,0,0,128014,0.0,10,000594
128247,0,0,0,0,128247,0.0,10,000595
128449,0,0,0,0,128449,0.0,10,000596
128353,0,0,0,0,128353,0.0,10,000597
128302,0,0,0,0,128302,0.0,10,000598
128019,0,0,0,0,128019,0.0,10,000599
127990,0,0,0,0,127990,0.0,10,000600
128080,0,0,0,0,128080,0.0,10,000601
128237,0,0,0,0,128237,0.0,10,000602
128278,0,0,0,0,128278,0.0,10,000603
128285,0,0,0,0,128285,0.0,10,000604
128336,0,0,0,0,128336,0.0,10,000605
128123,0,0,0,0,128123,0.0,10,000606
127848,0,0,0,0,127848,0.0,10,000607
127636,0,0,0,0,127636,0.0,10,000608
127508,0,0,0,0,127508,0.0,10,000609
127460,0,0,0,0,127460,0.0,10,000610
127457,0,0,0,0,127457,0.0,10,000611
127284,0,0,0,0,127284,0.0,10,000612
126956,0,0,0,0,126956,0.0,10,000613
126628,0,0,0,0,126628,0.0,10,000614
126528,0,0,0,0,126528,0.0,10,000615
126394,0,0,0,0,126394,0.0,10,000616
126226,0,0,0,0,126226,0.0,10,000617
126177,0,0,0,0,126177,0.0,10,000618
125980,0,0,0,0,125980,0.0,10,000619
126084,0,0,0,0,126084,0.0,10,000620
126205,0,0,0,0,126205,0.0,10,000621
126217,0,0,0,0,126217,0.0,10,000622
126137,0,0,0,0,126137,0.0,10,000623
126265,0,0,0,0,126265,0.0,10,000624
126250,0,0,0,0,126250,0.0,10,000625
126334,0,0,0,0,126334,0.0,10,000626
126361,0,0,0,0,126361,0.0,10,000627
126228,0,0,0,0,126228,0.0,10,000628
126221,0,0,0,0,126221,0.0,10,000629
126199,0,0,0,0,126199,0.0,10,000630
126198,0,0,0,0,126198,0.0,10,000631
126190,0,0,0,0,126190,0.0,10,000632
126176,0,0,0,0,126176,0.0,10,000633
126346,0,0,0,0,126346,0.0,10,000634
126224,0,0,0,0,126224,0.0,10,000635
126267,0,0,0,0,126267,0.0,10,000636
126235,0,0,0,0,126235,0.0,10,000637
126144,0,0,0,0,126144,0.0,10,000638
126155,0,0,0,0,126155,0.0,10,000639
125938,0,0,0,0,125938,0.0,10,000640
126040,0,0,0,0,126040,0.0,10,000641
126017,0,0,0,0,126017,0.0,10,000642
125984,0,0,0,0,125984,0.0,10,000643
125962,0,0,0,0,125962,0.0,10,000644
125955,0,0,0,0,125955,0.0,10,000645
125950,0,0,0,0,125950,0.0,10,000646
125924,0,0,0,0,125924,0.0,10,000647
125896,0,0,0,0,125896,0.0,10,000648
125869,0,0,0,0,125869,0.0,10,000649
125873,0,0,0,0,125873,0.0,10,000650
125918,0,0,0,0,125918,0.0,10,000651
125948,0,0,0,0,125948,0.0,10,000652
125865,0,0,0,0,125865,0.0,10,000653
126053,0,0,0,0,126053,0.0,10,000654
126065,0,0,0,0,126065,0.0,10,000655
125978,0,0,0,0,125978,0.0,10,000656
126121,0,0,0,0,126121,0.0,10,000657
126060,0,0,0,0,126060,0.0,10,000658
126159,0,0,0,0,126159,0.0,10,000659
126185,0,0,0,0,126185,0.0,10,000660
126280,0,0,0,0,126280,0.0,10,000661
126312,0,0,0,0,126312,0.0,10,000662
126461,0,0,0,0,126461,0.0,10,000663
126438,0,0,0,0,126438,0.0,10,000664
126491,0,0,0,0,126491,0.0,10,000665
126618,0,0,0,0,126618,0.0,10,000666
126500,0,0,0,0,126500,0.0,10,000667
126526,0,0,0,0,126526,0.0,10,000668
126443,0,0,0,0,126443,0.0,10,000669
126319,0,0,0,0,126319,0.0,10,000670
126310,0,0,0,0,126310,0.0,10,000671
126266,0,0,0,0,126266,0.0,10,000672
126269,0,0,0,0,126269,0.0,10,000673
126296,0,0,0,0,126296,0.0,10,000674
126229,0,0,0,0,126229,0.0,10,000675
126249,0,0,0,0,126249,0.0,10,000676
126277,0,0,0,0,126277,0.0,10,000677
126385,0,0,0,0,126385,0.0,10,000678
126313,0,0,0,0,126313,0.0,10,000679
126221,0,0,0,0,126221,0.0,10,000680
126214,0,0,0,0,126214,0.0,10,000681
126107,0,0,0,0,126107,0.0,10,000682
125993,0,0,0,0,125993,0.0,10,000683
125714,0,0,0,0,125714,0.0,10,000684
125447,0,0,0,0,125447,0.0,10,000685
125324,0,0,0,0,125324,0.0,10,000686
124922,0,0,0,0,124922,0.0,10,000687
124715,0,0,0,0,124715,0.0,10,000688
124466,0,0,0,0,124466,0.0,10,000689
124395,0,0,0,0,124395,0.0,10,000690
124697,0,0,0,0,124697,0.0,10,000691
125147,0,0,0,0,125147,0.0,10,000692
125238,0,0,0,0,125238,0.0,10,000693
125353,0,0,0,0,125353,0.0,10,000694
125392,0,0,0,0,125392,0.0,10,000695
125490,0,0,0,0,125490,0.0,10,000696
125815,0,0,0,0,125815,0.0,10,000697
125936,0,0,0,0,125936,0.0,10,000698
126044,0,0,0,0,126044,0.0,10,000699
126046,0,0,0,0,126046,0.0,10,000700
125988,0,0,0,0,125988,0.0,10,000701
126066,0,0,0,0,126066,0.0,10,000702
126251,0,0,0,0,126251,0.0,10,000703
126349,0,0,0,0,126349,0.0,10,000704
126265,0,0,0,0,126265,0.0,10,000705
126181,0,0,0,0,126181,0.0,10,000706
126397,0,0,0,0,126397,0.0,10,000707
126472,0,0,0,0,126472,0.0,10,000708
126618,0,0,0,0,126618,0.0,10,000709
126660,0,0,0,0,126660,0.0,10,000710
126772,0,0,0,0,126772,0.0,10,000711
126800,0,0,0,0,126800,0.0,10,000712
126721,0,0,0,0,126721,0.0,10,000713
126461,0,0,0,0,126461,0.0,10,000714
126137,0,0,0,0,126137,0.0,10,000715
125982,0,0,0,0,125982,0.0,10,000716
126011,0,0,0,0,126011,0.0,10,000717
125833,0,0,0,0,125833,0.0,10,000718
126424,0,0,0,0,126424,0.0,10,000719
126232,0,0,0,0,126232,0.0,10,000720
126021,0,0,0,0,126021,0.0,10,000721
125773,0,0,0,0,125773,0.0,10,000722
125839,0,0,0,0,125839,0.0,10,000723
125910,0,0,0,0,125910,0.0,10,000724
125808,0,0,0,0,125808,0.0,10,000725
125889,0,0,0,0,125889,0.0,10,000726
125936,0,0,0,0,125936,0.0,10,000727
125825,0,0,0,0,125825,0.0,10,000728
125735,0,0,0,0,125735,0.0,10,000729
125279,0,0,0,0,125279,0.0,10,000730
124492,0,0,0,0,124492,0.0,10,000731
122318,0,0,0,0,122318,0.0,10,000732
122204,0,0,0,0,122204,0.0,10,000733
122537,0,0,0,0,122537,0.0,10,000734
122284,0,0,0,0,122284,0.0,10,000735
123955,0,0,0,0,123955,0.0,10,000736
125365,0,0,0,0,125365,0.0,10,000737
125973,0,0,0,0,125973,0.0,10,000738
126397,0,0,0,0,126397,0.0,10,000739
126590,0,0,0,0,126590,0.0,10,000740
126735,0,0,0,0,126735,0.0,10,000741
126782,0,0,0,0,126782,0.0,10,000742
126854,0,0,0,0,126854,0.0,10,000743
126880,0,0,0,0,126880,0.0,10,000744
126749,0,0,0,0,126749,0.0,10,000745
126795,0,0,0,0,126795,0.0,10,000746
126765,0,0,0,0,126765,0.0,10,000747
126940,0,0,0,0,126940,0.0,10,000748
126996,0,0,0,0,126996,0.0,10,000749
127073,0,0,0,0,127073,0.0,10,000750
127077,0,0,0,0,127077,0.0,10,000751
127055,0,0,0,0,127055,0.0,10,000752
126977,0,0,0,0,126977,0.0,10,000753
127211,0,0,0,0,127211,0.0,10,000754
127039,0,0,0,0,127039,0.0,10,000755
127199,0,0,0,0,127199,0.0,10,000756
127088,0,0,0,0,127088,0.0,10,000757
126935,0,0,0,0,126935,0.0,10,000758
127045,0,0,0,0,127045,0.0,10,000759
126857,0,0,0,0,126857,0.0,10,000760
126894,0,0,0,0,126894,0.0,10,000761
126654,0,0,0,0,126654,0.0,10,000762
126615,0,0,0,0,126615,0.0,10,000763
126319,0,0,0,0,126319,0.0,10,000764
125997,0,0,0,0,125997,0.0,10,000765
125603,0,0,0,0,125603,0.0,10,000766
125199,0,0,0,0,125199,0.0,10,000767
124966,0,0,0,0,124966,0.0,10,000768
125920,0,0,0,0,125920,0.0,10,000769
124873,0,0,0,0,124873,0.0,10,000770
123551,0,0,0,0,123551,0.0,10,000771
122927,0,0,0,0,122927,0.0,10,000772
123557,0,0,0,0,123557,0.0,10,000773
124119,0,0,0,0,124119,0.0,10,000774
124518,0,0,0,0,124518,0.0,10,000775
125119,0,0,0,0,125119,0.0,10,000776
125587,0,0,0,0,125587,0.0,10,000777
125794,0,0,0,0,125794,0.0,10,000778
125796,0,0,0,0,125796,0.0,10,000779
125522,0,0,0,0,125522,0.0,10,000780
125206,0,0,0,0,125206,0.0,10,000781
124702,0,0,0,0,124702,0.0,10,000782
124002,0,0,0,0,124002,0.0,10,000783
122922,0,0,0,0,122922,0.0,10,000784
122556,0,0,0,0,122556,0.0,10,000785
122561,0,0,0,0,122561,0.0,10,000786
122102,0,0,0,0,122102,0.0,10,000787
123524,0,0,0,0,123524,0.0,10,000788
125036,0,0,0,0,125036,0.0,10,000789
125768,0,0,0,0,125768,0.0,10,000790
126299,0,0,0,0,126299,0.0,10,000791
126614,0,0,0,0,126614,0.0,10,000792
126773,0,0,0,0,126773,0.0,10,000793
127011,0,0,0,0,127011,0.0,10,000794
127099,0,0,0,0,127099,0.0,10,000795
127174,0,0,0,0,127174,0.0,10,000796
127166,0,0,0,0,127166,0.0,10,000797
127166,0,0,0,0,127166,0.0,10,000798
127122,0,0,0,0,127122,0.0,10,000799
127069,0,0,0,0,127069,0.0,10,000800
127072,0,0,0,0,127072,0.0,10,000801
127124,0,0,0,0,127124,0.0,10,000802
127117,0,0,0,0,127117,0.0,10,000803
127093,0,0,0,0,127093,0.0,10,000804
127150,0,0,0,0,127150,0.0,10,000805
127170,0,0,0,0,127170,0.0,10,000806
127189,0,0,0,0,127189,0.0,10,000807
127293,0,0,0,0,127293,0.0,10,000808
127400,0,0,0,0,127400,0.0,10,000809
127305,0,0,0,0,127305,0.0,10,000810
127301,0,0,0,0,127301,0.0,10,000811
127289,0,0,0,0,127289,0.0,10,000812
127324,0,0,0,0,127324,0.0,10,000813
127279,0,0,0,0,127279,0.0,10,000814
127272,0,0,0,0,127272,0.0,10,000815
127287,0,0,0,0,127287,0.0,10,000816
127241,0,0,0,0,127241,0.0,10,000817
127259,0,0,0,0,127259,0.0,10,000818
127347,0,0,0,0,127347,0.0,10,000819
127167,0,0,0,0,127167,0.0,10,000820
127214,0,0,0,0,127214,0.0,10,000821
127061,0,0,0,0,127061,0.0,10,000822
127131,0,0,0,0,127131,0.0,10,000823
127056,0,0,0,0,127056,0.0,10,000824
127035,0,0,0,0,127035,0.0,10,000825
126789,0,0,0,0,126789,0.0,10,000826
126649,0,0,0,0,126649,0.0,10,000827
126490,0,0,0,0,126490,0.0,10,000828
126536,0,0,0,0,126536,0.0,10,000829
126569,0,0,0,0,126569,0.0,10,000830
126637,0,0,0,0,126637,0.0,10,000831
126649,0,0,0,0,126649,0.0,10,000832
126785,0,0,0,0,126785,0.0,10,000833
126801,0,0,0,0,126801,0.0,10,000834
126814,0,0,0,0,126814,0.0,10,000835
126942,0,0,0,0,126942,0.0,10,000836
126915,0,0,0,0,126915,0.0,10,000837
126881,0,0,0,0,126881,0.0,10,000838
126849,0,0,0,0,126849,0.0,10,000839
126869,0,0,0,0,126869,0.0,10,000840
126928,0,0,0,0,126928,0.0,10,000841
126907,0,0,0,0,126907,0.0,10,000842
126890,0,0,0,0,126890,0.0,10,000843
126917,0,0,0,0,126917,0.0,10,000844
126956,0,0,0,0,126956,0.0,10,000845
126917,0,0,0,0,126917,0.0,10,000846
127011,0,0,0,0,127011,0.0,10,000847
127062,0,0,0,0,127062,0.0,10,000848
127180,0,0,0,0,127180,0.0,10,000849
127324,0,0,0,0,127324,0.0,10,000850
127382,0,0,0,0,127382,0.0,10,000851
127495,0,0,0,0,127495,0.0,10,000852
127613,0,0,0,0,127613,0.0,10,000853
127674,0,0,0,0,127674,0.0,10,000854
127760,0,0,0,0,127760,0.0,10,000855
127734,0,0,0,0,127734,0.0,10,000856
127806,0,0,0,0,127806,0.0,10,000857
127849,0,0,0,0,127849,0.0,10,000858
127843,0,0,0,0,127843,0.0,10,000859
127786,0,0,0,0,127786,0.0,10,000860
127879,0,0,0,0,127879,0.0,10,000861
127849,0,0,0,0,127849,0.0,10,000862
127784,0,0,0,0,127784,0.0,10,000863
127837,0,0,0,0,127837,0.0,10,000864
127892,0,0,0,0,127892,0.0,10,000865
127972,0,0,0,0,127972,0.0,10,000866
127892,0,0,0,0,127892,0.0,10,000867
127655,0,0,0,0,127655,0.0,10,000868
127645,0,0,0,0,127645,0.0,10,000869
127680,0,0,0,0,127680,0.0,10,000870
127636,0,0,0,0,127636,0.0,10,000871
127549,0,0,0,0,127549,0.0,10,000872
127567,0,0,0,0,127567,0.0,10,000873
127594,0,0,0,0,127594,0.0,10,000874
127529,0,0,0,0,127529,0.0,10,000875
127484,0,0,0,0,127484,0.0,10,000876
127360,0,0,0,0,127360,0.0,10,000877
127471,0,0,0,0,127471,0.0,10,000878
127352,0,0,0,0,127352,0.0,10,000879
127383,0,0,0,0,127383,0.0,10,000880
127321,0,0,0,0,127321,0.0,10,000881
127349,0,0,0,0,127349,0.0,10,000882
127258,0,0,0,0,127258,0.0,10,000883
127113,0,0,0,0,127113,0.0,10,000884
127109,0,0,0,0,127109,0.0,10,000885
127156,0,0,0,0,127156,0.0,10,000886
127099,0,0,0,0,127099,0.0,10,000887
127218,0,0,0,0,127218,0.0,10,000888
127216,0,0,0,0,127216,0.0,10,000889
127421,0,0,0,0,127421,0.0,10,000890
127632,0,0,0,0,127632,0.0,10,000891
127801,0,0,0,0,127801,0.0,10,000892
127901,0,0,0,0,127901,0.0,10,000893
127919,0,0,0,0,127919,0.0,10,000894
128035,0,0,0,0,128035,0.0,10,000895
128138,0,0,0,0,128138,0.0,10,000896
128167,0,0,0,0,128167,0.0,10,000897
128248,0,0,0,0,128248,0.0,10,000898
128247,0,0,0,0,128247,0.0,10,000899
128309,0,0,0,0,128309,0.0,10,000900
128383,0,0,0,0,128383,0.0,10,000901
128312,0,0,0,0,128312,0.0,10,000902
128336,0,0,0,0,128336,0.0,10,000903
128534,0,0,0,0,128534,0.0,10,000904
128442,0,0,0,0,128442,0.0,10,000905
128521,0,0,0,0,128521,0.0,10,000906
128665,0,0,0,0,128665,0.0,10,000907
128806,0,0,0,0,128806,0.0,10,000908
128694,0,0,0,0,128694,0.0,10,000909
128673,0,0,0,0,128673,0.0,10,000910
128545,0,0,0,0,128545,0.0,10,000911
128386,0,0,0,0,128386,0.0,10,000912
128485,0,0,0,0,128485,0.0,10,000913
128355,0,0,0,0,128355,0.0,10,000914
128234,0,0,0,0,128234,0.0,10,000915
128271,0,0,0,0,128271,0.0,10,000916
128376,0,0,0,0,128376,0.0,10,000917
128323,0,0,0,0,128323,0.0,10,000918
128301,0,0,0,0,128301,0.0,10,000919
128323,0,0,0,0,128323,0.0,10,000920
128529,0,0,0,0,128529,0.0,10,000921
128721,0,0,0,0,128721,0.0,10,000922
128667,0,0,0,0,128667,0.0,10,000923
128678,0,0,0,0,128678,0.0,10,000924
128682,0,0,0,0,128682,0.0,10,000925
128552,0,0,0,0,128552,0.0,10,000926
128408,0,0,0,0,128408,0.0,10,000927
128289,0,0,0,0,128289,0.0,10,000928
128167,0,0,0,0,128167,0.0,10,000929
127879,0,0,0,0,127879,0.0,10,000930
127432,0,0,0,0,127432,0.0,10,000931
126656,0,0,0,0,126656,0.0,10,000932
126405,0,0,0,0,126405,0.0,10,000933
126634,0,0,0,0,126634,0.0,10,000934
126969,0,0,0,0,126969,0.0,10,000935
126667,0,0,0,0,126667,0.0,10,000936
126362,0,0,0,0,126362,0.0,10,000937
126080,0,0,0,0,126080,0.0,10,000938
126135,0,0,0,0,126135,0.0,10,000939
126610,0,0,0,0,126610,0.0,10,000940
126636,0,0,0,0,126636,0.0,10,000941
126706,0,0,0,0,126706,0.0,10,000942
126443,0,0,0,0,126443,0.0,10,000943
125705,0,0,0,0,125705,0.0,10,000944
125683,0,0,0,0,125683,0.0,10,000945
126169,0,0,0,0,126169,0.0,10,000946
126895,0,0,0,0,126895,0.0,10,000947
127196,0,0,0,0,127196,0.0,10,000948
126930,0,0,0,0,126930,0.0,10,000949
126448,0,0,0,0,126448,0.0,10,000950
126348,0,0,0,0,126348,0.0,10,000951
126204,0,0,0,0,126204,0.0,10,000952
126294,0,0,0,0,126294,0.0,10,000953
126539,0,0,0,0,126539,0.0,10,000954
126621,0,0,0,0,126621,0.0,10,000955
126659,0,0,0,0,126659,0.0,10,000956
126640,0,0,0,0,126640,0.0,10,000957
126559,0,0,0,0,126559,0.0,10,000958
126481,0,0,0,0,126481,0.0,10,000959
126533,0,0,0,0,126533,0.0,10,000960
126617,0,0,0,0,126617,0.0,10,000961
126672,0,0,0,0,126672,0.0,10,000962
126892,0,0,0,0,126892,0.0,10,000963
126841,0,0,0,0,126841,0.0,10,000964
126908,0,0,0,0,126908,0.0,10,000965
127015,0,0,0,0,127015,0.0,10,000966
127083,0,0,0,0,127083,0.0,10,000967
127046,0,0,0,0,127046,0.0,10,000968
126999,0,0,0,0,126999,0.0,10,000969
126982,0,0,0,0,126982,0.0,10,000970
126866,0,0,0,0,126866,0.0,10,000971
126834,0,0,0,0,126834,0.0,10,000972
126862,0,0,0,0,126862,0.0,10,000973
126878,0,0,0,0,126878,0.0,10,000974
126848,0,0,0,0,126848,0.0,10,000975
126953,0,0,0,0,126953,0.0,10,000976
126954,0,0,0,0,126954,0.0,10,000977
126835,0,0,0,0,126835,0.0,10,000978
126872,0,0,0,0,126872,0.0,10,000979
126842,0,0,0,0,126842,0.0,10,000980
126917,0,0,0,0,126917,0.0,10,000981
126921,0,0,0,0,126921,0.0,10,000982
126860,0,0,0,0,126860,0.0,10,000983
126728,0,0,0,0,126728,0.0,10,000984
126716,0,0,0,0,126716,0.0,10,000985
126621,0,0,0,0,126621,0.0,10,000986
126716,0,0,0,0,126716,0.0,10,000987
126651,0,0,0,0,126651,0.0,10,000988
126476,0,0,0,0,126476,0.0,10,000989
126386,0,0,0,0,126386,0.0,10,000990
126355,0,0,0,0,126355,0.0,10,000991
126152,0,0,0,0,126152,0.0,10,000992
126025,0,0,0,0,126025,0.0,10,000993
125911,0,0,0,0,125911,0.0,10,000994
125830,0,0,0,0,125830,0.0,10,000995
125957,0,0,0,0,125957,0.0,10,000996
125919,0,0,0,0,125919,0.0,10,000997
125767,0,0,0,0,125767,0.0,10,000998
125652,0,0,0,0,125652,0.0,10,000999
125462,0,0,0,0,125462,0.0,10,001000
125378,0,0,0,0,125378,0.0,10,001001
124951,0,0,0,0,124951,0.0,10,001002
124807,0,0,0,0,124807,0.0,10,001003
124582,0,0,0,0,124582,0.0,10,001004
124432,0,0,0,0,124432,0.0,10,001005
124398,0,0,0,0,124398,0.0,10,001006
124342,0,0,0,0,124342,0.0,10,001007
124183,0,0,0,0,124183,0.0,10,001008
124019,0,0,0,0,124019,0.0,10,001009
123954,0,0,0,0,123954,0.0,10,001010
123828,0,0,0,0,123828,0.0,10,001011
123614,0,0,0,0,123614,0.0,10,001012
123490,0,0,0,0,123490,0.0,10,001013
123356,0,0,0,0,123356,0.0,10,001014
123502,0,0,0,0,123502,0.0,10,001015
123383,0,0,0,0,123383,0.0,10,001016
123411,0,0,0,0,123411,0.0,10,001017
123315,0,0,0,0,123315,0.0,10,001018
123383,0,0,0,0,123383,0.0,10,001019
123391,0,0,0,0,123391,0.0,10,001020
123648,0,0,0,0,123648,0.0,10,001021
123492,0,0,0,0,123492,0.0,10,001022
123415,0,0,0,0,123415,0.0,10,001023
123009,0,0,0,0,123009,0.0,10,001024
122778,0,0,0,0,122778,0.0,10,001025
123133,0,0,0,0,123133,0.0,10,001026
124009,0,0,0,0,124009,0.0,10,001027
124300,0,0,0,0,124300,0.0,10,001028
124576,0,0,0,0,124576,0.0,10,001029
125115,0,0,0,0,125115,0.0,10,001030
125632,0,0,0,0,125632,0.0,10,001031
126065,0,0,0,0,126065,0.0,10,001032
126145,0,0,0,0,126145,0.0,10,001033
126241,0,0,0,0,126241,0.0,10,001034
126382,0,0,0,0,126382,0.0,10,001035
126086,0,0,0,0,126086,0.0,10,001036
125904,0,0,0,0,125904,0.0,10,001037
125144,0,0,0,0,125144,0.0,10,001038
125334,0,0,0,0,125334,0.0,10,001039
125122,0,0,0,0,125122,0.0,10,001040
124552,0,0,0,0,124552,0.0,10,001041
123399,0,0,0,0,123399,0.0,10,001042
123312,0,0,0,0,123312,0.0,10,001043
122590,0,0,0,0,122590,0.0,10,001044
122534,0,0,0,0,122534,0.0,10,001045
121628,0,0,0,0,121628,0.0,10,001046
120505,0,0,0,0,120505,0.0,10,001047
121598,0,0,0,0,121598,0.0,10,001048
121814,0,0,0,0,121814,0.0,10,001049
122160,0,0,0,0,122160,0.0,10,001050
122523,0,0,0,0,122523,0.0,10,001051
122387,0,0,0,0,122387,0.0,10,001052
122201,0,0,0,0,122201,0.0,10,001053
123240,0,0,0,0,123240,0.0,10,001054
122493,0,0,0,0,122493,0.0,10,001055
122979,0,0,0,0,122979,0.0,10,001056
123905,0,0,0,0,123905,0.0,10,001057
124375,0,0,0,0,124375,0.0,10,001058
124708,0,0,0,0,124708,0.0,10,001059
125274,0,0,0,0,125274,0.0,10,001060
125547,0,0,0,0,125547,0.0,10,001061
125728,0,0,0,0,125728,0.0,10,001062
125629,0,0,0,0,125629,0.0,10,001063
125671,0,0,0,0,125671,0.0,10,001064
125776,0,0,0,0,125776,0.0,10,001065
125905,0,0,0,0,125905,0.0,10,001066
126252,0,0,0,0,126252,0.0,10,001067
126418,0,0,0,0,126418,0.0,10,001068
126341,0,0,0,0,126341,0.0,10,001069
126008,0,0,0,0,126008,0.0,10,001070
125532,0,0,0,0,125532,0.0,10,001071
125121,0,0,0,0,125121,0.0,10,001072
124706,0,0,0,0,124706,0.0,10,001073
124595,0,0,0,0,124595,0.0,10,001074
124799,0,0,0,0,124799,0.0,10,001075
124971,0,0,0,0,124971,0.0,10,001076
124701,0,0,0,0,124701,0.0,10,001077
124267,0,0,0,0,124267,0.0,10,001078
124178,0,0,0,0,124178,0.0,10,001079
124188,0,0,0,0,124188,0.0,10,001080
124313,0,0,0,0,124313,0.0,10,001081
124788,0,0,0,0,124788,0.0,10,001082
125605,0,0,0,0,125605,0.0,10,001083
126036,0,0,0,0,126036,0.0,10,001084
126307,0,0,0,0,126307,0.0,10,001085
126480,0,0,0,0,126480,0.0,10,001086
126518,0,0,0,0,126518,0.0,10,001087
126577,0,0,0,0,126577,0.0,10,001088
126840,0,0,0,0,126840,0.0,10,001089
127081,0,0,0,0,127081,0.0,10,001090
127431,0,0,0,0,127431,0.0,10,001091
127907,0,0,0,0,127907,0.0,10,001092
127741,0,0,0,0,127741,0.0,10,001093
127855,0,0,0,0,127855,0.0,10,001094
128043,0,0,0,0,128043,0.0,10,001095
128062,0,0,0,0,128062,0.0,10,001096
128176,0,0,0,0,128176,0.0,10,001097
128009,0,0,0,0,128009,0.0,10,001098
128125,0,0,0,0,128125,0.0,10,001099
127998,0,0,0,0,127998,0.0,10,001100
128065,0,0,0,0,128065,0.0,10,001101
127999,0,0,0,0,127999,0.0,10,001102
128168,0,0,0,0,128168,0.0,10,001103
128119,0,0,0,0,128119,0.0,10,001104
128119,0,0,0,0,128119,0.0,10,001105
127997,0,0,0,0,127997,0.0,10,001106
128000,0,0,0,0,128000,0.0,10,001107
127992,0,0,0,0,127992,0.0,10,001108
128006,0,0,0,0,128006,0.0,10,001109
127978,0,0,0,0,127978,0.0,10,001110
127714,0,0,0,0,127714,0.0,10,001111
127571,0,0,0,0,127571,0.0,10,001112
127364,0,0,0,0,127364,0.0,10,001113
127351,0,0,0,0,127351,0.0,10,001114
127332,0,0,0,0,127332,0.0,10,001115
127371,0,0,0,0,127371,0.0,10,001116
127372,0,0,0,0,127372,0.0,10,001117
127414,0,0,0,0,127414,0.0,10,001118
127521,0,0,0,0,127521,0.0,10,001119
127654,0,0,0,0,127654,0.0,10,001120
127731,0,0,0,0,127731,0.0,10,001121
127813,0,0,0,0,127813,0.0,10,001122
127651,0,0,0,0,127651,0.0,10,001123
127663,0,0,0,0,127663,0.0,10,001124
127526,0,0,0,0,127526,0.0,10,001125
127541,0,0,0,0,127541,0.0,10,001126
127456,0,0,0,0,127456,0.0,10,001127
127379,0,0,0,0,127379,0.0,10,001128
127359,0,0,0,0,127359,0.0,10,001129
127392,0,0,0,0,127392,0.0,10,001130
127405,0,0,0,0,127405,0.0,10,001131
127315,0,0,0,0,127315,0.0,10,001132
127200,0,0,0,0,127200,0.0,10,001133
127216,0,0,0,0,127216,0.0,10,001134
127101,0,0,0,0,127101,0.0,10,001135
127108,0,0,0,0,127108,0.0,10,001136
127134,0,0,0,0,127134,0.0,10,001137
127195,0,0,0,0,127195,0.0,10,001138
127226,0,0,0,0,127226,0.0,10,001139
127193,0,0,0,0,127193,0.0,10,001140
127205,0,0,0,0,127205,0.0,10,001141
127237,0,0,0,0,127237,0.0,10,001142
127179,0,0,0,0,127179,0.0,10,001143
127186,0,0,0,0,127186,0.0,10,001144
127246,0,0,0,0,127246,0.0,10,001145
127273,0,0,0,0,127273,0.0,10,001146
127273,0,0,0,0,127273,0.0,10,001147
127182,0,0,0,0,127182,0.0,10,001148
127266,0,0,0,0,127266,0.0,10,001149
127230,0,0,0,0,127230,0.0,10,001150
127201,0,0,0,0,127201,0.0,10,001151
127330,0,0,0,0,127330,0.0,10,001152
127258,0,0,0,0,127258,0.0,10,001153
127201,0,0,0,0,127201,0.0,10,001154
127296,0,0,0,0,127296,0.0,10,001155
127285,0,0,0,0,127285,0.0,10,001156
127227,0,0,0,0,127227,0.0,10,001157
127324,0,0,0,0,127324,0.0,10,001158
127203,0,0,0,0,127203,0.0,10,001159
127246,0,0,0,0,127246,0.0,10,001160
127237,0,0,0,0,127237,0.0,10,001161
127227,0,0,0,0,127227,0.0,10,001162
127202,0,0,0,0,127202,0.0,10,001163
127253,0,0,0,0,127253,0.0,10,001164
127277,0,0,0,0,127277,0.0,10,001165
127278,0,0,0,0,127278,0.0,10,001166
127264,0,0,0,0,127264,0.0,10,001167
127295,0,0,0,0,127295,0.0,10,001168
127236,0,0,0,0,127236,0.0,10,001169
127351,0,0,0,0,127351,0.0,10,001170
127296,0,0,0,0,127296,0.0,10,001171
127253,0,0,0,0,127253,0.0,10,001172
127358,0,0,0,0,127358,0.0,10,001173
127248,0,0,0,0,127248,0.0,10,001174
127284,0,0,0,0,127284,0.0,10,001175
127318,0,0,0,0,127318,0.0,10,001176
127297,0,0,0,0,127297,0.0,10,001177
127298,0,0,0,0,127298,0.0,10,001178
127221,0,0,0,0,127221,0.0,10,001179
127310,0,0,0,0,127310,0.0,10,001180
127214,0,0,0,0,127214,0.0,10,001181
127258,0,0,0,0,127258,0.0,10,001182
127275,0,0,0,0,127275,0.0,10,001183
127310,0,0,0,0,127310,0.0,10,001184
127329,0,0,0,0,127329,0.0,10,001185
127263,0,0,0,0,127263,0.0,10,001186
127334,0,0,0,0,127334,0.0,10,001187
127422,0,0,0,0,127422,0.0,10,001188
127501,0,0,0,0,127501,0.0,10,001189
127527,0,0,0,0,127527,0.0,10,001190
127588,0,0,0,0,127588,0.0,10,001191
127578,0,0,0,0,127578,0.0,10,001192
127535,0,0,0,0,127535,0.0,10,001193
127621,0,0,0,0,127621,0.0,10,001194
127568,0,0,0,0,127568,0.0,10,001195
127633,0,0,0,0,127633,0.0,10,001196
127596,0,0,0,0,127596,0.0,10,001197
127682,0,0,0,0,127682,0.0,10,001198
127650,0,0,0,0,127650,0.0,10,001199
127770,0,0,0,0,127770,0.0,10,001200
123389,0,0,0,0,123389,0.0,08,000000
123433,0,0,0,0,123433,0.0,08,000001
123159,0,0,0,0,123159,0.0,08,000002
123069,0,0,0,0,123069,0.0,08,000003
122856,0,0,0,0,122856,0.0,08,000004
122792,0,0,0,0,122792,0.0,08,000005
122942,0,0,0,0,122942,0.0,08,000006
123175,0,0,0,0,123175,0.0,08,000007
123368,0,0,0,0,123368,0.0,08,000008
123445,0,0,0,0,123445,0.0,08,000009
123569,0,0,0,0,123569,0.0,08,000010
123816,0,0,0,0,123816,0.0,08,000011
123853,0,0,0,0,123853,0.0,08,000012
123988,0,0,0,0,123988,0.0,08,000013
124039,0,0,0,0,124039,0.0,08,000014
124057,0,0,0,0,124057,0.0,08,000015
124048,0,0,0,0,124048,0.0,08,000016
123967,0,0,0,0,123967,0.0,08,000017
124074,0,0,0,0,124074,0.0,08,000018
124125,0,0,0,0,124125,0.0,08,000019
124084,0,0,0,0,124084,0.0,08,000020
124032,0,0,0,0,124032,0.0,08,000021
123956,0,0,0,0,123956,0.0,08,000022
123846,0,0,0,0,123846,0.0,08,000023
123839,0,0,0,0,123839,0.0,08,000024
123786,0,0,0,0,123786,0.0,08,000025
123653,0,0,0,0,123653,0.0,08,000026
123611,0,0,0,0,123611,0.0,08,000027
123546,0,0,0,0,123546,0.0,08,000028
123522,0,0,0,0,123522,0.0,08,000029
123401,0,0,0,0,123401,0.0,08,000030
123409,0,0,0,0,123409,0.0,08,000031
123384,0,0,0,0,123384,0.0,08,000032
123196,0,0,0,0,123196,0.0,08,000033
123174,0,0,0,0,123174,0.0,08,000034
123133,0,0,0,0,123133,0.0,08,000035
122974,0,0,0,0,122974,0.0,08,000036
122781,0,0,0,0,122781,0.0,08,000037
122691,0,0,0,0,122691,0.0,08,000038
122467,0,0,0,0,122467,0.0,08,000039
122026,0,0,0,0,122026,0.0,08,000040
121858,0,0,0,0,121858,0.0,08,000041
121578,0,0,0,0,121578,0.0,08,000042
121315,0,0,0,0,121315,0.0,08,000043
120556,0,0,0,0,120556,0.0,08,000044
119913,0,0,0,0,119913,0.0,08,000045
119869,0,0,0,0,119869,0.0,08,000046
119593,0,0,0,0,119593,0.0,08,000047
119813,0,0,0,0,119813,0.0,08,000048
120258,0,0,0,0,120258,0.0,08,000049
120775,0,0,0,0,120775,0.0,08,000050
120925,0,0,0,0,120925,0.0,08,000051
120843,0,0,0,0,120843,0.0,08,000052
121068,0,0,0,0,121068,0.0,08,000053
121261,0,0,0,0,121261,0.0,08,000054
121238,0,0,0,0,121238,0.0,08,000055
121347,0,0,0,0,121347,0.0,08,000056
121644,0,0,0,0,121644,0.0,08,000057
121844,0,0,0,0,121844,0.0,08,000058
122009,0,0,0,0,122009,0.0,08,000059
122253,0,0,0,0,122253,0.0,08,000060
122235,0,0,0,0,122235,0.0,08,000061
122342,0,0,0,0,122342,0.0,08,000062
122235,0,0,0,0,122235,0.0,08,000063
122220,0,0,0,0,122220,0.0,08,000064
122183,0,0,0,0,122183,0.0,08,000065
122128,0,0,0,0,122128,0.0,08,000066
122104,0,0,0,0,122104,0.0,08,000067
122036,0,0,0,0,122036,0.0,08,000068
121945,0,0,0,0,121945,0.0,08,000069
121834,0,0,0,0,121834,0.0,08,000070
121810,0,0,0,0,121810,0.0,08,000071
121777,0,0,0,0,121777,0.0,08,000072
121912,0,0,0,0,121912,0.0,08,000073
122051,0,0,0,0,122051,0.0,08,000074
122093,0,0,0,0,122093,0.0,08,000075
121856,0,0,0,0,121856,0.0,08,000076
121600,0,0,0,0,121600,0.0,08,000077
121428,0,0,0,0,121428,0.0,08,000078
121392,0,0,0,0,121392,0.0,08,000079
121713,0,0,0,0,121713,0.0,08,000080
122195,0,0,0,0,122195,0.0,08,000081
122237,0,0,0,0,122237,0.0,08,000082
121892,0,0,0,0,121892,0.0,08,000083
121846,0,0,0,0,121846,0.0,08,000084
122556,0,0,0,0,122556,0.0,08,000085
123228,0,0,0,0,123228,0.0,08,000086
123618,0,0,0,0,123618,0.0,08,000087
123576,0,0,0,0,123576,0.0,08,000088
123115,0,0,0,0,123115,0.0,08,000089
122458,0,0,0,0,122458,0.0,08,000090
122600,0,0,0,0,122600,0.0,08,000091
122963,0,0,0,0,122963,0.0,08,000092
123395,0,0,0,0,123395,0.0,08,000093
123653,0,0,0,0,123653,0.0,08,000094
124109,0,0,0,0,124109,0.0,08,000095
124503,0,0,0,0,124503,0.0,08,000096
124704,0,0,0,0,124704,0.0,08,000097
124577,0,0,0,0,124577,0.0,08,000098
124664,0,0,0,0,124664,0.0,08,000099
124479,0,0,0,0,124479,0.0,08,000100
124651,0,0,0,0,124651,0.0,08,000101
124499,0,0,0,0,124499,0.0,08,000102
124803,0,0,0,0,124803,0.0,08,000103
124846,0,0,0,0,124846,0.0,08,000104
124708,0,0,0,0,124708,0.0,08,000105
124842,0,0,0,0,124842,0.0,08,000106
124953,0,0,0,0,124953,0.0,08,000107
125133,0,0,0,0,125133,0.0,08,000108
125314,0,0,0,0,125314,0.0,08,000109
125298,0,0,0,0,125298,0.0,08,000110
125508,0,0,0,0,125508,0.0,08,000111
125619,0,0,0,0,125619,0.0,08,000112
125934,0,0,0,0,125934,0.0,08,000113
125924,0,0,0,0,125924,0.0,08,000114
125877,0,0,0,0,125877,0.0,08,000115
126000,0,0,0,0,126000,0.0,08,000116
126150,0,0,0,0,126150,0.0,08,000117
126053,0,0,0,0,126053,0.0,08,000118
125931,0,0,0,0,125931,0.0,08,000119
126043,0,0,0,0,126043,0.0,08,000120
126104,0,0,0,0,126104,0.0,08,000121
125946,0,0,0,0,125946,0.0,08,000122
125773,0,0,0,0,125773,0.0,08,000123
125416,0,0,0,0,125416,0.0,08,000124
125185,0,0,0,0,125185,0.0,08,000125
125119,0,0,0,0,125119,0.0,08,000126
125152,0,0,0,0,125152,0.0,08,000127
124586,0,0,0,0,124586,0.0,08,000128
123948,0,0,0,0,123948,0.0,08,000129
122827,0,0,0,0,122827,0.0,08,000130
122166,0,0,0,0,122166,0.0,08,000131
121916,0,0,0,0,121916,0.0,08,000132
121184,0,0,0,0,121184,0.0,08,000133
121622,0,0,0,0,121622,0.0,08,000134
122048,0,0,0,0,122048,0.0,08,000135
122877,0,0,0,0,122877,0.0,08,000136
123114,0,0,0,0,123114,0.0,08,000137
123326,0,0,0,0,123326,0.0,08,000138
123582,0,0,0,0,123582,0.0,08,000139
123965,0,0,0,0,123965,0.0,08,000140
123914,0,0,0,0,123914,0.0,08,000141
123958,0,0,0,0,123958,0.0,08,000142
123978,0,0,0,0,123978,0.0,08,000143
123647,0,0,0,0,123647,0.0,08,000144
123436,0,0,0,0,123436,0.0,08,000145
123553,0,0,0,0,123553,0.0,08,000146
123177,0,0,0,0,123177,0.0,08,000147
122073,0,0,0,0,122073,0.0,08,000148
121838,0,0,0,0,121838,0.0,08,000149
122181,0,0,0,0,122181,0.0,08,000150
121796,0,0,0,0,121796,0.0,08,000151
121446,0,0,0,0,121446,0.0,08,000152
121260,0,0,0,0,121260,0.0,08,000153
121145,0,0,0,0,121145,0.0,08,000154
120288,0,0,0,0,120288,0.0,08,000155
120563,0,0,0,0,120563,0.0,08,000156
120238,0,0,0,0,120238,0.0,08,000157
120013,0,0,0,0,120013,0.0,08,000158
119603,0,0,0,0,119603,0.0,08,000159
119669,0,0,0,0,119669,0.0,08,000160
118846,0,0,0,0,118846,0.0,08,000161
119014,0,0,0,0,119014,0.0,08,000162
119472,0,0,0,0,119472,0.0,08,000163
119574,0,0,0,0,119574,0.0,08,000164
119788,0,0,0,0,119788,0.0,08,000165
118698,0,0,0,0,118698,0.0,08,000166
117070,0,0,0,0,117070,0.0,08,000167
116696,0,0,0,0,116696,0.0,08,000168
116597,0,0,0,0,116597,0.0,08,000169
116226,0,0,0,0,116226,0.0,08,000170
116381,0,0,0,0,116381,0.0,08,000171
116661,0,0,0,0,116661,0.0,08,000172
117586,0,0,0,0,117586,0.0,08,000173
118974,0,0,0,0,118974,0.0,08,000174
120034,0,0,0,0,120034,0.0,08,000175
121308,0,0,0,0,121308,0.0,08,000176
121727,0,0,0,0,121727,0.0,08,000177
122228,0,0,0,0,122228,0.0,08,000178
122738,0,0,0,0,122738,0.0,08,000179
122948,0,0,0,0,122948,0.0,08,000180
123489,0,0,0,0,123489,0.0,08,000181
123350,0,0,0,0,123350,0.0,08,000182
123380,0,0,0,0,123380,0.0,08,000183
123778,0,0,0,0,123778,0.0,08,000184
123848,0,0,0,0,123848,0.0,08,000185
123834,0,0,0,0,123834,0.0,08,000186
123713,0,0,0,0,123713,0.0,08,000187
123442,0,0,0,0,123442,0.0,08,000188
123186,0,0,0,0,123186,0.0,08,000189
122376,0,0,0,0,122376,0.0,08,000190
122069,0,0,0,0,122069,0.0,08,000191
122357,0,0,0,0,122357,0.0,08,000192
123034,0,0,0,0,123034,0.0,08,000193
123515,0,0,0,0,123515,0.0,08,000194
124293,0,0,0,0,124293,0.0,08,000195
124657,0,0,0,0,124657,0.0,08,000196
125030,0,0,0,0,125030,0.0,08,000197
125219,0,0,0,0,125219,0.0,08,000198
125353,0,0,0,0,125353,0.0,08,000199
125526,0,0,0,0,125526,0.0,08,000200
125811,0,0,0,0,125811,0.0,08,000201
125449,0,0,0,0,125449,0.0,08,000202
125554,0,0,0,0,125554,0.0,08,000203
125475,0,0,0,0,125475,0.0,08,000204
125543,0,0,0,0,125543,0.0,08,000205
125571,0,0,0,0,125571,0.0,08,000206
125508,0,0,0,0,125508,0.0,08,000207
125532,0,0,0,0,125532,0.0,08,000208
125664,0,0,0,0,125664,0.0,08,000209
125756,0,0,0,0,125756,0.0,08,000210
125928,0,0,0,0,125928,0.0,08,000211
125743,0,0,0,0,125743,0.0,08,000212
125951,0,0,0,0,125951,0.0,08,000213
125729,0,0,0,0,125729,0.0,08,000214
125683,0,0,0,0,125683,0.0,08,000215
125442,0,0,0,0,125442,0.0,08,000216
125475,0,0,0,0,125475,0.0,08,000217
125370,0,0,0,0,125370,0.0,08,000218
125055,0,0,0,0,125055,0.0,08,000219
125039,0,0,0,0,125039,0.0,08,000220
124800,0,0,0,0,124800,0.0,08,000221
124766,0,0,0,0,124766,0.0,08,000222
124390,0,0,0,0,124390,0.0,08,000223
124046,0,0,0,0,124046,0.0,08,000224
123734,0,0,0,0,123734,0.0,08,000225
122891,0,0,0,0,122891,0.0,08,000226
121384,0,0,0,0,121384,0.0,08,000227
120051,0,0,0,0,120051,0.0,08,000228
119018,0,0,0,0,119018,0.0,08,000229
118609,0,0,0,0,118609,0.0,08,000230
118187,0,0,0,0,118187,0.0,08,000231
117396,0,0,0,0,117396,0.0,08,000232
117254,0,0,0,0,117254,0.0,08,000233
118543,0,0,0,0,118543,0.0,08,000234
120190,0,0,0,0,120190,0.0,08,000235
121401,0,0,0,0,121401,0.0,08,000236
122407,0,0,0,0,122407,0.0,08,000237
123096,0,0,0,0,123096,0.0,08,000238
123830,0,0,0,0,123830,0.0,08,000239
124174,0,0,0,0,124174,0.0,08,000240
124383,0,0,0,0,124383,0.0,08,000241
124842,0,0,0,0,124842,0.0,08,000242
124888,0,0,0,0,124888,0.0,08,000243
124887,0,0,0,0,124887,0.0,08,000244
124979,0,0,0,0,124979,0.0,08,000245
124597,0,0,0,0,124597,0.0,08,000246
124327,0,0,0,0,124327,0.0,08,000247
124354,0,0,0,0,124354,0.0,08,000248
124331,0,0,0,0,124331,0.0,08,000249
124318,0,0,0,0,124318,0.0,08,000250
124306,0,0,0,0,124306,0.0,08,000251
124329,0,0,0,0,124329,0.0,08,000252
124474,0,0,0,0,124474,0.0,08,000253
124418,0,0,0,0,124418,0.0,08,000254
124477,0,0,0,0,124477,0.0,08,000255
124487,0,0,0,0,124487,0.0,08,000256
124382,0,0,0,0,124382,0.0,08,000257
124327,0,0,0,0,124327,0.0,08,000258
124578,0,0,0,0,124578,0.0,08,000259
124849,0,0,0,0,124849,0.0,08,000260
125102,0,0,0,0,125102,0.0,08,000261
125199,0,0,0,0,125199,0.0,08,000262
125215,0,0,0,0,125215,0.0,08,000263
125149,0,0,0,0,125149,0.0,08,000264
125089,0,0,0,0,125089,0.0,08,000265
125103,0,0,0,0,125103,0.0,08,000266
125093,0,0,0,0,125093,0.0,08,000267
125044,0,0,0,0,125044,0.0,08,000268
125350,0,0,0,0,125350,0.0,08,000269
125311,0,0,0,0,125311,0.0,08,000270
125277,0,0,0,0,125277,0.0,08,000271
125483,0,0,0,0,125483,0.0,08,000272
125382,0,0,0,0,125382,0.0,08,000273
125265,0,0,0,0,125265,0.0,08,000274
125210,0,0,0,0,125210,0.0,08,000275
124979,0,0,0,0,124979,0.0,08,000276
124972,0,0,0,0,124972,0.0,08,000277
125057,0,0,0,0,125057,0.0,08,000278
125188,0,0,0,0,125188,0.0,08,000279
125232,0,0,0,0,125232,0.0,08,000280
125226,0,0,0,0,125226,0.0,08,000281
125232,0,0,0,0,125232,0.0,08,000282
125311,0,0,0,0,125311,0.0,08,000283
125344,0,0,0,0,125344,0.0,08,000284
125211,0,0,0,0,125211,0.0,08,000285
125148,0,0,0,0,125148,0.0,08,000286
125367,0,0,0,0,125367,0.0,08,000287
125449,0,0,0,0,125449,0.0,08,000288
125567,0,0,0,0,125567,0.0,08,000289
125555,0,0,0,0,125555,0.0,08,000290
125616,0,0,0,0,125616,0.0,08,000291
125715,0,0,0,0,125715,0.0,08,000292
125719,0,0,0,0,125719,0.0,08,000293
125753,0,0,0,0,125753,0.0,08,000294
125862,0,0,0,0,125862,0.0,08,000295
125885,0,0,0,0,125885,0.0,08,000296
125697,0,0,0,0,125697,0.0,08,000297
125433,0,0,0,0,125433,0.0,08,000298
125387,0,0,0,0,125387,0.0,08,000299
125519,0,0,0,0,125519,0.0,08,000300
125139,0,0,0,0,125139,0.0,08,000301
125070,0,0,0,0,125070,0.0,08,000302
125195,0,0,0,0,125195,0.0,08,000303
125080,0,0,0,0,125080,0.0,08,000304
125128,0,0,0,0,125128,0.0,08,000305
125447,0,0,0,0,125447,0.0,08,000306
125483,0,0,0,0,125483,0.0,08,000307
125187,0,0,0,0,125187,0.0,08,000308
124758,0,0,0,0,124758,0.0,08,000309
124350,0,0,0,0,124350,0.0,08,000310
123840,0,0,0,0,123840,0.0,08,000311
123522,0,0,0,0,123522,0.0,08,000312
122962,0,0,0,0,122962,0.0,08,000313
122737,0,0,0,0,122737,0.0,08,000314
123001,0,0,0,0,123001,0.0,08,000315
122576,0,0,0,0,122576,0.0,08,000316
122267,0,0,0,0,122267,0.0,08,000317
122003,0,0,0,0,122003,0.0,08,000318
122447,0,0,0,0,122447,0.0,08,000319
122683,0,0,0,0,122683,0.0,08,000320
122536,0,0,0,0,122536,0.0,08,000321
122752,0,0,0,0,122752,0.0,08,000322
123316,0,0,0,0,123316,0.0,08,000323
123310,0,0,0,0,123310,0.0,08,000324
123487,0,0,0,0,123487,0.0,08,000325
124265,0,0,0,0,124265,0.0,08,000326
124936,0,0,0,0,124936,0.0,08,000327
125282,0,0,0,0,125282,0.0,08,000328
125489,0,0,0,0,125489,0.0,08,000329
125697,0,0,0,0,125697,0.0,08,000330
125901,0,0,0,0,125901,0.0,08,000331
126153,0,0,0,0,126153,0.0,08,000332
126095,0,0,0,0,126095,0.0,08,000333
126163,0,0,0,0,126163,0.0,08,000334
125831,0,0,0,0,125831,0.0,08,000335
126218,0,0,0,0,126218,0.0,08,000336
126409,0,0,0,0,126409,0.0,08,000337
126316,0,0,0,0,126316,0.0,08,000338
126253,0,0,0,0,126253,0.0,08,000339
126372,0,0,0,0,126372,0.0,08,000340
126286,0,0,0,0,126286,0.0,08,000341
126297,0,0,0,0,126297,0.0,08,000342
126240,0,0,0,0,126240,0.0,08,000343
126051,0,0,0,0,126051,0.0,08,000344
126040,0,0,0,0,126040,0.0,08,000345
125878,0,0,0,0,125878,0.0,08,000346
125671,0,0,0,0,125671,0.0,08,000347
125455,0,0,0,0,125455,0.0,08,000348
125134,0,0,0,0,125134,0.0,08,000349
125046,0,0,0,0,125046,0.0,08,000350
124869,0,0,0,0,124869,0.0,08,000351
124197,0,0,0,0,124197,0.0,08,000352
123688,0,0,0,0,123688,0.0,08,000353
123819,0,0,0,0,123819,0.0,08,000354
124012,0,0,0,0,124012,0.0,08,000355
123679,0,0,0,0,123679,0.0,08,000356
123677,0,0,0,0,123677,0.0,08,000357
124036,0,0,0,0,124036,0.0,08,000358
123871,0,0,0,0,123871,0.0,08,000359
124074,0,0,0,0,124074,0.0,08,000360
124436,0,0,0,0,124436,0.0,08,000361
124568,0,0,0,0,124568,0.0,08,000362
124826,0,0,0,0,124826,0.0,08,000363
124796,0,0,0,0,124796,0.0,08,000364
125328,0,0,0,0,125328,0.0,08,000365
125075,0,0,0,0,125075,0.0,08,000366
124294,0,0,0,0,124294,0.0,08,000367
124332,0,0,0,0,124332,0.0,08,000368
124442,0,0,0,0,124442,0.0,08,000369
124705,0,0,0,0,124705,0.0,08,000370
124906,0,0,0,0,124906,0.0,08,000371
125418,0,0,0,0,125418,0.0,08,000372
125654,0,0,0,0,125654,0.0,08,000373
125860,0,0,0,0,125860,0.0,08,000374
125946,0,0,0,0,125946,0.0,08,000375
126095,0,0,0,0,126095,0.0,08,000376
126312,0,0,0,0,126312,0.0,08,000377
126475,0,0,0,0,126475,0.0,08,000378
126572,0,0,0,0,126572,0.0,08,000379
126572,0,0,0,0,126572,0.0,08,000380
126584,0,0,0,0,126584,0.0,08,000381
126611,0,0,0,0,126611,0.0,08,000382
126633,0,0,0,0,126633,0.0,08,000383
126627,0,0,0,0,126627,0.0,08,000384
126550,0,0,0,0,126550,0.0,08,000385
126739,0,0,0,0,126739,0.0,08,000386
126657,0,0,0,0,126657,0.0,08,000387
126718,0,0,0,0,126718,0.0,08,000388
126642,0,0,0,0,126642,0.0,08,000389
126674,0,0,0,0,126674,0.0,08,000390
126549,0,0,0,0,126549,0.0,08,000391
126462,0,0,0,0,126462,0.0,08,000392
126750,0,0,0,0,126750,0.0,08,000393
126977,0,0,0,0,126977,0.0,08,000394
126904,0,0,0,0,126904,0.0,08,000395
126881,0,0,0,0,126881,0.0,08,000396
126568,0,0,0,0,126568,0.0,08,000397
126181,0,0,0,0,126181,0.0,08,000398
126012,0,0,0,0,126012,0.0,08,000399
126285,0,0,0,0,126285,0.0,08,000400
126026,0,0,0,0,126026,0.0,08,000401
125733,0,0,0,0,125733,0.0,08,000402
125336,0,0,0,0,125336,0.0,08,000403
124978,0,0,0,0,124978,0.0,08,000404
125003,0,0,0,0,125003,0.0,08,000405
125025,0,0,0,0,125025,0.0,08,000406
125018,0,0,0,0,125018,0.0,08,000407
125108,0,0,0,0,125108,0.0,08,000408
125185,0,0,0,0,125185,0.0,08,000409
125190,0,0,0,0,125190,0.0,08,000410
125313,0,0,0,0,125313,0.0,08,000411
125453,0,0,0,0,125453,0.0,08,000412
125531,0,0,0,0,125531,0.0,08,000413
125533,0,0,0,0,125533,0.0,08,000414
125666,0,0,0,0,125666,0.0,08,000415
125759,0,0,0,0,125759,0.0,08,000416
125585,0,0,0,0,125585,0.0,08,000417
125572,0,0,0,0,125572,0.0,08,000418
125523,0,0,0,0,125523,0.0,08,000419
125621,0,0,0,0,125621,0.0,08,000420
125548,0,0,0,0,125548,0.0,08,000421
125654,0,0,0,0,125654,0.0,08,000422
125914,0,0,0,0,125914,0.0,08,000423
125974,0,0,0,0,125974,0.0,08,000424
125980,0,0,0,0,125980,0.0,08,000425
126041,0,0,0,0,126041,0.0,08,000426
126008,0,0,0,0,126008,0.0,08,000427
126056,0,0,0,0,126056,0.0,08,000428
126042,0,0,0,0,126042,0.0,08,000429
126186,0,0,0,0,126186,0.0,08,000430
126258,0,0,0,0,126258,0.0,08,000431
126248,0,0,0,0,126248,0.0,08,000432
126375,0,0,0,0,126375,0.0,08,000433
126383,0,0,0,0,126383,0.0,08,000434
126227,0,0,0,0,126227,0.0,08,000435
126313,0,0,0,0,126313,0.0,08,000436
126201,0,0,0,0,126201,0.0,08,000437
126100,0,0,0,0,126100,0.0,08,000438
125911,0,0,0,0,125911,0.0,08,000439
125843,0,0,0,0,125843,0.0,08,000440
125650,0,0,0,0,125650,0.0,08,000441
125591,0,0,0,0,125591,0.0,08,000442
125703,0,0,0,0,125703,0.0,08,000443
125532,0,0,0,0,125532,0.0,08,000444
125151,0,0,0,0,125151,0.0,08,000445
124749,0,0,0,0,124749,0.0,08,000446
124614,0,0,0,0,124614,0.0,08,000447
124680,0,0,0,0,124680,0.0,08,000448
124823,0,0,0,0,124823,0.0,08,000449
125050,0,0,0,0,125050,0.0,08,000450
125070,0,0,0,0,125070,0.0,08,000451
125294,0,0,0,0,125294,0.0,08,000452
125003,0,0,0,0,125003,0.0,08,000453
124947,0,0,0,0,124947,0.0,08,000454
125074,0,0,0,0,125074,0.0,08,000455
125196,0,0,0,0,125196,0.0,08,000456
125370,0,0,0,0,125370,0.0,08,000457
124971,0,0,0,0,124971,0.0,08,000458
124234,0,0,0,0,124234,0.0,08,000459
123445,0,0,0,0,123445,0.0,08,000460
123342,0,0,0,0,123342,0.0,08,000461
121900,0,0,0,0,121900,0.0,08,000462
121260,0,0,0,0,121260,0.0,08,000463
121376,0,0,0,0,121376,0.0,08,000464
121889,0,0,0,0,121889,0.0,08,000465
121932,0,0,0,0,121932,0.0,08,000466
121826,0,0,0,0,121826,0.0,08,000467
121104,0,0,0,0,121104,0.0,08,000468
120414,0,0,0,0,120414,0.0,08,000469
120430,0,0,0,0,120430,0.0,08,000470
120800,0,0,0,0,120800,0.0,08,000471
120850,0,0,0,0,120850,0.0,08,000472
120600,0,0,0,0,120600,0.0,08,000473
120102,0,0,0,0,120102,0.0,08,000474
120016,0,0,0,0,120016,0.0,08,000475
121064,0,0,0,0,121064,0.0,08,000476
121825,0,0,0,0,121825,0.0,08,000477
122925,0,0,0,0,122925,0.0,08,000478
123946,0,0,0,0,123946,0.0,08,000479
124741,0,0,0,0,124741,0.0,08,000480
125308,0,0,0,0,125308,0.0,08,000481
125761,0,0,0,0,125761,0.0,08,000482
126001,0,0,0,0,126001,0.0,08,000483
126159,0,0,0,0,126159,0.0,08,000484
126266,0,0,0,0,126266,0.0,08,000485
126436,0,0,0,0,126436,0.0,08,000486
126452,0,0,0,0,126452,0.0,08,000487
126573,0,0,0,0,126573,0.0,08,000488
126702,0,0,0,0,126702,0.0,08,000489
126716,0,0,0,0,126716,0.0,08,000490
126788,0,0,0,0,126788,0.0,08,000491
126748,0,0,0,0,126748,0.0,08,000492
126744,0,0,0,0,126744,0.0,08,000493
126470,0,0,0,0,126470,0.0,08,000494
126304,0,0,0,0,126304,0.0,08,000495
126121,0,0,0,0,126121,0.0,08,000496
125851,0,0,0,0,125851,0.0,08,000497
125309,0,0,0,0,125309,0.0,08,000498
125517,0,0,0,0,125517,0.0,08,000499
125312,0,0,0,0,125312,0.0,08,000500
125146,0,0,0,0,125146,0.0,08,000501
124997,0,0,0,0,124997,0.0,08,000502
124890,0,0,0,0,124890,0.0,08,000503
124690,0,0,0,0,124690,0.0,08,000504
124105,0,0,0,0,124105,0.0,08,000505
123784,0,0,0,0,123784,0.0,08,000506
123837,0,0,0,0,123837,0.0,08,000507
123584,0,0,0,0,123584,0.0,08,000508
123369,0,0,0,0,123369,0.0,08,000509
122935,0,0,0,0,122935,0.0,08,000510
123241,0,0,0,0,123241,0.0,08,000511
123960,0,0,0,0,123960,0.0,08,000512
124701,0,0,0,0,124701,0.0,08,000513
125159,0,0,0,0,125159,0.0,08,000514
125329,0,0,0,0,125329,0.0,08,000515
125366,0,0,0,0,125366,0.0,08,000516
125507,0,0,0,0,125507,0.0,08,000517
125399,0,0,0,0,125399,0.0,08,000518
125267,0,0,0,0,125267,0.0,08,000519
124853,0,0,0,0,124853,0.0,08,000520
124497,0,0,0,0,124497,0.0,08,000521
123743,0,0,0,0,123743,0.0,08,000522
122265,0,0,0,0,122265,0.0,08,000523
121520,0,0,0,0,121520,0.0,08,000524
120860,0,0,0,0,120860,0.0,08,000525
119838,0,0,0,0,119838,0.0,08,000526
119531,0,0,0,0,119531,0.0,08,000527
120106,0,0,0,0,120106,0.0,08,000528
120058,0,0,0,0,120058,0.0,08,000529
120227,0,0,0,0,120227,0.0,08,000530
120225,0,0,0,0,120225,0.0,08,000531
119570,0,0,0,0,119570,0.0,08,000532
118420,0,0,0,0,118420,0.0,08,000533
118462,0,0,0,0,118462,0.0,08,000534
119501,0,0,0,0,119501,0.0,08,000535
121141,0,0,0,0,121141,0.0,08,000536
122620,0,0,0,0,122620,0.0,08,000537
123306,0,0,0,0,123306,0.0,08,000538
123403,0,0,0,0,123403,0.0,08,000539
122426,0,0,0,0,122426,0.0,08,000540
121330,0,0,0,0,121330,0.0,08,000541
121446,0,0,0,0,121446,0.0,08,000542
122733,0,0,0,0,122733,0.0,08,000543
122566,0,0,0,0,122566,0.0,08,000544
122664,0,0,0,0,122664,0.0,08,000545
122832,0,0,0,0,122832,0.0,08,000546
122182,0,0,0,0,122182,0.0,08,000547
121405,0,0,0,0,121405,0.0,08,000548
120575,0,0,0,0,120575,0.0,08,000549
120668,0,0,0,0,120668,0.0,08,000550
120483,0,0,0,0,120483,0.0,08,000551
120692,0,0,0,0,120692,0.0,08,000552
121407,0,0,0,0,121407,0.0,08,000553
121794,0,0,0,0,121794,0.0,08,000554
121743,0,0,0,0,121743,0.0,08,000555
121187,0,0,0,0,121187,0.0,08,000556
119796,0,0,0,0,119796,0.0,08,000557
119156,0,0,0,0,119156,0.0,08,000558
118047,0,0,0,0,118047,0.0,08,000559
115759,0,0,0,0,115759,0.0,08,000560
114840,0,0,0,0,114840,0.0,08,000561
113165,0,0,0,0,113165,0.0,08,000562
110294,0,0,0,0,110294,0.0,08,000563
109877,0,0,0,0,109877,0.0,08,000564
109643,0,0,0,0,109643,0.0,08,000565
109862,0,0,0,0,109862,0.0,08,000566
111100,0,0,0,0,111100,0.0,08,000567
111698,0,0,0,0,111698,0.0,08,000568
113915,0,0,0,0,113915,0.0,08,000569
116253,0,0,0,0,116253,0.0,08,000570
117864,0,0,0,0,117864,0.0,08,000571
119334,0,0,0,0,119334,0.0,08,000572
120812,0,0,0,0,120812,0.0,08,000573
122076,0,0,0,0,122076,0.0,08,000574
121991,0,0,0,0,121991,0.0,08,000575
120977,0,0,0,0,120977,0.0,08,000576
119982,0,0,0,0,119982,0.0,08,000577
119416,0,0,0,0,119416,0.0,08,000578
119848,0,0,0,0,119848,0.0,08,000579
119458,0,0,0,0,119458,0.0,08,000580
119677,0,0,0,0,119677,0.0,08,000581
119937,0,0,0,0,119937,0.0,08,000582
118546,0,0,0,0,118546,0.0,08,000583
116449,0,0,0,0,116449,0.0,08,000584
113057,0,0,0,0,113057,0.0,08,000585
109711,0,0,0,0,109711,0.0,08,000586
106130,0,0,0,0,106130,0.0,08,000587
103145,0,0,0,0,103145,0.0,08,000588
97880,0,0,0,0,97880,0.0,08,000589
97246,0,0,0,0,97246,0.0,08,000590
101725,0,0,0,0,101725,0.0,08,000591
103909,0,0,0,0,103909,0.0,08,000592
105875,0,0,0,0,105875,0.0,08,000593
108347,0,0,0,0,108347,0.0,08,000594
113449,0,0,0,0,113449,0.0,08,000595
116235,0,0,0,0,116235,0.0,08,000596
118259,0,0,0,0,118259,0.0,08,000597
120118,0,0,0,0,120118,0.0,08,000598
121916,0,0,0,0,121916,0.0,08,000599
122842,0,0,0,0,122842,0.0,08,000600
123605,0,0,0,0,123605,0.0,08,000601
124110,0,0,0,0,124110,0.0,08,000602
124315,0,0,0,0,124315,0.0,08,000603
124511,0,0,0,0,124511,0.0,08,000604
124749,0,0,0,0,124749,0.0,08,000605
124706,0,0,0,0,124706,0.0,08,000606
124495,0,0,0,0,124495,0.0,08,000607
123190,0,0,0,0,123190,0.0,08,000608
122054,0,0,0,0,122054,0.0,08,000609
121362,0,0,0,0,121362,0.0,08,000610
120653,0,0,0,0,120653,0.0,08,000611
120072,0,0,0,0,120072,0.0,08,000612
119472,0,0,0,0,119472,0.0,08,000613
119571,0,0,0,0,119571,0.0,08,000614
120477,0,0,0,0,120477,0.0,08,000615
121452,0,0,0,0,121452,0.0,08,000616
122336,0,0,0,0,122336,0.0,08,000617
123596,0,0,0,0,123596,0.0,08,000618
124208,0,0,0,0,124208,0.0,08,000619
123938,0,0,0,0,123938,0.0,08,000620
123747,0,0,0,0,123747,0.0,08,000621
123476,0,0,0,0,123476,0.0,08,000622
123326,0,0,0,0,123326,0.0,08,000623
122877,0,0,0,0,122877,0.0,08,000624
122420,0,0,0,0,122420,0.0,08,000625
122676,0,0,0,0,122676,0.0,08,000626
122341,0,0,0,0,122341,0.0,08,000627
120406,0,0,0,0,120406,0.0,08,000628
118564,0,0,0,0,118564,0.0,08,000629
118247,0,0,0,0,118247,0.0,08,000630
119062,0,0,0,0,119062,0.0,08,000631
120155,0,0,0,0,120155,0.0,08,000632
121047,0,0,0,0,121047,0.0,08,000633
121122,0,0,0,0,121122,0.0,08,000634
121187,0,0,0,0,121187,0.0,08,000635
121164,0,0,0,0,121164,0.0,08,000636
121082,0,0,0,0,121082,0.0,08,000637
119805,0,0,0,0,119805,0.0,08,000638
119786,0,0,0,0,119786,0.0,08,000639
119799,0,0,0,0,119799,0.0,08,000640
119022,0,0,0,0,119022,0.0,08,000641
118351,0,0,0,0,118351,0.0,08,000642
117466,0,0,0,0,117466,0.0,08,000643
117515,0,0,0,0,117515,0.0,08,000644
117870,0,0,0,0,117870,0.0,08,000645
117821,0,0,0,0,117821,0.0,08,000646
118258,0,0,0,0,118258,0.0,08,000647
118508,0,0,0,0,118508,0.0,08,000648
118687,0,0,0,0,118687,0.0,08,000649
119693,0,0,0,0,119693,0.0,08,000650
121094,0,0,0,0,121094,0.0,08,000651
122443,0,0,0,0,122443,0.0,08,000652
123594,0,0,0,0,123594,0.0,08,000653
124283,0,0,0,0,124283,0.0,08,000654
124592,0,0,0,0,124592,0.0,08,000655
124816,0,0,0,0,124816,0.0,08,000656
124723,0,0,0,0,124723,0.0,08,000657
124535,0,0,0,0,124535,0.0,08,000658
124670,0,0,0,0,124670,0.0,08,000659
124588,0,0,0,0,124588,0.0,08,000660
124336,0,0,0,0,124336,0.0,08,000661
123255,0,0,0,0,123255,0.0,08,000662
123195,0,0,0,0,123195,0.0,08,000663
123539,0,0,0,0,123539,0.0,08,000664
123088,0,0,0,0,123088,0.0,08,000665
122412,0,0,0,0,122412,0.0,08,000666
122774,0,0,0,0,122774,0.0,08,000667
124105,0,0,0,0,124105,0.0,08,000668
124695,0,0,0,0,124695,0.0,08,000669
125038,0,0,0,0,125038,0.0,08,000670
125405,0,0,0,0,125405,0.0,08,000671
125741,0,0,0,0,125741,0.0,08,000672
125953,0,0,0,0,125953,0.0,08,000673
126088,0,0,0,0,126088,0.0,08,000674
126281,0,0,0,0,126281,0.0,08,000675
126370,0,0,0,0,126370,0.0,08,000676
126393,0,0,0,0,126393,0.0,08,000677
126318,0,0,0,0,126318,0.0,08,000678
126347,0,0,0,0,126347,0.0,08,000679
126383,0,0,0,0,126383,0.0,08,000680
126358,0,0,0,0,126358,0.0,08,000681
126465,0,0,0,0,126465,0.0,08,000682
126513,0,0,0,0,126513,0.0,08,000683
126483,0,0,0,0,126483,0.0,08,000684
126671,0,0,0,0,126671,0.0,08,000685
126694,0,0,0,0,126694,0.0,08,000686
126694,0,0,0,0,126694,0.0,08,000687
126739,0,0,0,0,126739,0.0,08,000688
126839,0,0,0,0,126839,0.0,08,000689
126907,0,0,0,0,126907,0.0,08,000690
126961,0,0,0,0,126961,0.0,08,000691
126970,0,0,0,0,126970,0.0,08,000692
126982,0,0,0,0,126982,0.0,08,000693
126940,0,0,0,0,126940,0.0,08,000694
126932,0,0,0,0,126932,0.0,08,000695
126864,0,0,0,0,126864,0.0,08,000696
126973,0,0,0,0,126973,0.0,08,000697
126942,0,0,0,0,126942,0.0,08,000698
126872,0,0,0,0,126872,0.0,08,000699
126855,0,0,0,0,126855,0.0,08,000700
126911,0,0,0,0,126911,0.0,08,000701
126917,0,0,0,0,126917,0.0,08,000702
126883,0,0,0,0,126883,0.0,08,000703
126971,0,0,0,0,126971,0.0,08,000704
126823,0,0,0,0,126823,0.0,08,000705
126749,0,0,0,0,126749,0.0,08,000706
126600,0,0,0,0,126600,0.0,08,000707
126660,0,0,0,0,126660,0.0,08,000708
126652,0,0,0,0,126652,0.0,08,000709
126669,0,0,0,0,126669,0.0,08,000710
126645,0,0,0,0,126645,0.0,08,000711
126548,0,0,0,0,126548,0.0,08,000712
126476,0,0,0,0,126476,0.0,08,000713
126472,0,0,0,0,126472,0.0,08,000714
126454,0,0,0,0,126454,0.0,08,000715
126354,0,0,0,0,126354,0.0,08,000716
126432,0,0,0,0,126432,0.0,08,000717
126459,0,0,0,0,126459,0.0,08,000718
126499,0,0,0,0,126499,0.0,08,000719
126661,0,0,0,0,126661,0.0,08,000720
126864,0,0,0,0,126864,0.0,08,000721
127001,0,0,0,0,127001,0.0,08,000722
127019,0,0,0,0,127019,0.0,08,000723
127004,0,0,0,0,127004,0.0,08,000724
127147,0,0,0,0,127147,0.0,08,000725
127112,0,0,0,0,127112,0.0,08,000726
127210,0,0,0,0,127210,0.0,08,000727
127376,0,0,0,0,127376,0.0,08,000728
127282,0,0,0,0,127282,0.0,08,000729
127409,0,0,0,0,127409,0.0,08,000730
127574,0,0,0,0,127574,0.0,08,000731
127561,0,0,0,0,127561,0.0,08,000732
127700,0,0,0,0,127700,0.0,08,000733
127665,0,0,0,0,127665,0.0,08,000734
127614,0,0,0,0,127614,0.0,08,000735
127659,0,0,0,0,127659,0.0,08,000736
127689,0,0,0,0,127689,0.0,08,000737
127630,0,0,0,0,127630,0.0,08,000738
127614,0,0,0,0,127614,0.0,08,000739
127593,0,0,0,0,127593,0.0,08,000740
127621,0,0,0,0,127621,0.0,08,000741
127606,0,0,0,0,127606,0.0,08,000742
127684,0,0,0,0,127684,0.0,08,000743
127714,0,0,0,0,127714,0.0,08,000744
127642,0,0,0,0,127642,0.0,08,000745
127597,0,0,0,0,127597,0.0,08,000746
127682,0,0,0,0,127682,0.0,08,000747
127616,0,0,0,0,127616,0.0,08,000748
127546,0,0,0,0,127546,0.0,08,000749
127570,0,0,0,0,127570,0.0,08,000750
127565,0,0,0,0,127565,0.0,08,000751
127548,0,0,0,0,127548,0.0,08,000752
127479,0,0,0,0,127479,0.0,08,000753
127325,0,0,0,0,127325,0.0,08,000754
127385,0,0,0,0,127385,0.0,08,000755
127372,0,0,0,0,127372,0.0,08,000756
127451,0,0,0,0,127451,0.0,08,000757
127195,0,0,0,0,127195,0.0,08,000758
127187,0,0,0,0,127187,0.0,08,000759
127266,0,0,0,0,127266,0.0,08,000760
127213,0,0,0,0,127213,0.0,08,000761
127091,0,0,0,0,127091,0.0,08,000762
126847,0,0,0,0,126847,0.0,08,000763
126714,0,0,0,0,126714,0.0,08,000764
126638,0,0,0,0,126638,0.0,08,000765
126322,0,0,0,0,126322,0.0,08,000766
126274,0,0,0,0,126274,0.0,08,000767
126203,0,0,0,0,126203,0.0,08,000768
126035,0,0,0,0,126035,0.0,08,000769
125728,0,0,0,0,125728,0.0,08,000770
125546,0,0,0,0,125546,0.0,08,000771
125418,0,0,0,0,125418,0.0,08,000772
125586,0,0,0,0,125586,0.0,08,000773
125440,0,0,0,0,125440,0.0,08,000774
125091,0,0,0,0,125091,0.0,08,000775
125015,0,0,0,0,125015,0.0,08,000776
124960,0,0,0,0,124960,0.0,08,000777
124732,0,0,0,0,124732,0.0,08,000778
124724,0,0,0,0,124724,0.0,08,000779
125028,0,0,0,0,125028,0.0,08,000780
125294,0,0,0,0,125294,0.0,08,000781
125409,0,0,0,0,125409,0.0,08,000782
125444,0,0,0,0,125444,0.0,08,000783
125411,0,0,0,0,125411,0.0,08,000784
125409,0,0,0,0,125409,0.0,08,000785
125548,0,0,0,0,125548,0.0,08,000786
125489,0,0,0,0,125489,0.0,08,000787
125571,0,0,0,0,125571,0.0,08,000788
125415,0,0,0,0,125415,0.0,08,000789
125255,0,0,0,0,125255,0.0,08,000790
125326,0,0,0,0,125326,0.0,08,000791
125361,0,0,0,0,125361,0.0,08,000792
125277,0,0,0,0,125277,0.0,08,000793
125377,0,0,0,0,125377,0.0,08,000794
125407,0,0,0,0,125407,0.0,08,000795
125432,0,0,0,0,125432,0.0,08,000796
125470,0,0,0,0,125470,0.0,08,000797
125528,0,0,0,0,125528,0.0,08,000798
125473,0,0,0,0,125473,0.0,08,000799
125529,0,0,0,0,125529,0.0,08,000800
125631,0,0,0,0,125631,0.0,08,000801
125559,0,0,0,0,125559,0.0,08,000802
125622,0,0,0,0,125622,0.0,08,000803
125716,0,0,0,0,125716,0.0,08,000804
125633,0,0,0,0,125633,0.0,08,000805
125742,0,0,0,0,125742,0.0,08,000806
125818,0,0,0,0,125818,0.0,08,000807
125992,0,0,0,0,125992,0.0,08,000808
126221,0,0,0,0,126221,0.0,08,000809
126553,0,0,0,0,126553,0.0,08,000810
126625,0,0,0,0,126625,0.0,08,000811
126557,0,0,0,0,126557,0.0,08,000812
126500,0,0,0,0,126500,0.0,08,000813
126310,0,0,0,0,126310,0.0,08,000814
126070,0,0,0,0,126070,0.0,08,000815
125835,0,0,0,0,125835,0.0,08,000816
125651,0,0,0,0,125651,0.0,08,000817
125046,0,0,0,0,125046,0.0,08,000818
124178,0,0,0,0,124178,0.0,08,000819
123343,0,0,0,0,123343,0.0,08,000820
122309,0,0,0,0,122309,0.0,08,000821
121014,0,0,0,0,121014,0.0,08,000822
119382,0,0,0,0,119382,0.0,08,000823
118455,0,0,0,0,118455,0.0,08,000824
119858,0,0,0,0,119858,0.0,08,000825
121095,0,0,0,0,121095,0.0,08,000826
121164,0,0,0,0,121164,0.0,08,000827
121945,0,0,0,0,121945,0.0,08,000828
122349,0,0,0,0,122349,0.0,08,000829
122236,0,0,0,0,122236,0.0,08,000830
123022,0,0,0,0,123022,0.0,08,000831
123414,0,0,0,0,123414,0.0,08,000832
123516,0,0,0,0,123516,0.0,08,000833
123638,0,0,0,0,123638,0.0,08,000834
124253,0,0,0,0,124253,0.0,08,000835
124744,0,0,0,0,124744,0.0,08,000836
124948,0,0,0,0,124948,0.0,08,000837
124973,0,0,0,0,124973,0.0,08,000838
124694,0,0,0,0,124694,0.0,08,000839
124465,0,0,0,0,124465,0.0,08,000840
124405,0,0,0,0,124405,0.0,08,000841
124100,0,0,0,0,124100,0.0,08,000842
123520,0,0,0,0,123520,0.0,08,000843
123141,0,0,0,0,123141,0.0,08,000844
123388,0,0,0,0,123388,0.0,08,000845
123297,0,0,0,0,123297,0.0,08,000846
123323,0,0,0,0,123323,0.0,08,000847
122926,0,0,0,0,122926,0.0,08,000848
123603,0,0,0,0,123603,0.0,08,000849
124536,0,0,0,0,124536,0.0,08,000850
125060,0,0,0,0,125060,0.0,08,000851
125570,0,0,0,0,125570,0.0,08,000852
125687,0,0,0,0,125687,0.0,08,000853
125738,0,0,0,0,125738,0.0,08,000854
125552,0,0,0,0,125552,0.0,08,000855
125342,0,0,0,0,125342,0.0,08,000856
125530,0,0,0,0,125530,0.0,08,000857
125215,0,0,0,0,125215,0.0,08,000858
124648,0,0,0,0,124648,0.0,08,000859
123248,0,0,0,0,123248,0.0,08,000860
121428,0,0,0,0,121428,0.0,08,000861
119386,0,0,0,0,119386,0.0,08,000862
118300,0,0,0,0,118300,0.0,08,000863
116983,0,0,0,0,116983,0.0,08,000864
114409,0,0,0,0,114409,0.0,08,000865
111029,0,0,0,0,111029,0.0,08,000866
106259,0,0,0,0,106259,0.0,08,000867
101719,0,0,0,0,101719,0.0,08,000868
96998,0,0,0,0,96998,0.0,08,000869
92476,0,0,0,0,92476,0.0,08,000870
93892,0,0,0,0,93892,0.0,08,000871
98986,0,0,0,0,98986,0.0,08,000872
101696,0,0,0,0,101696,0.0,08,000873
104100,0,0,0,0,104100,0.0,08,000874
106225,0,0,0,0,106225,0.0,08,000875
107181,0,0,0,0,107181,0.0,08,000876
107854,0,0,0,0,107854,0.0,08,000877
108704,0,0,0,0,108704,0.0,08,000878
109346,0,0,0,0,109346,0.0,08,000879
110008,0,0,0,0,110008,0.0,08,000880
109753,0,0,0,0,109753,0.0,08,000881
109273,0,0,0,0,109273,0.0,08,000882
111105,0,0,0,0,111105,0.0,08,000883
112203,0,0,0,0,112203,0.0,08,000884
112875,0,0,0,0,112875,0.0,08,000885
111676,0,0,0,0,111676,0.0,08,000886
111872,0,0,0,0,111872,0.0,08,000887
113159,0,0,0,0,113159,0.0,08,000888
114000,0,0,0,0,114000,0.0,08,000889
116159,0,0,0,0,116159,0.0,08,000890
117645,0,0,0,0,117645,0.0,08,000891
118617,0,0,0,0,118617,0.0,08,000892
118848,0,0,0,0,118848,0.0,08,000893
118698,0,0,0,0,118698,0.0,08,000894
118049,0,0,0,0,118049,0.0,08,000895
118333,0,0,0,0,118333,0.0,08,000896
119126,0,0,0,0,119126,0.0,08,000897
118848,0,0,0,0,118848,0.0,08,000898
118678,0,0,0,0,118678,0.0,08,000899
118707,0,0,0,0,118707,0.0,08,000900
119807,0,0,0,0,119807,0.0,08,000901
121987,0,0,0,0,121987,0.0,08,000902
123285,0,0,0,0,123285,0.0,08,000903
123722,0,0,0,0,123722,0.0,08,000904
124152,0,0,0,0,124152,0.0,08,000905
124201,0,0,0,0,124201,0.0,08,000906
124569,0,0,0,0,124569,0.0,08,000907
124384,0,0,0,0,124384,0.0,08,000908
124556,0,0,0,0,124556,0.0,08,000909
124567,0,0,0,0,124567,0.0,08,000910
124436,0,0,0,0,124436,0.0,08,000911
124040,0,0,0,0,124040,0.0,08,000912
123909,0,0,0,0,123909,0.0,08,000913
123798,0,0,0,0,123798,0.0,08,000914
123804,0,0,0,0,123804,0.0,08,000915
123909,0,0,0,0,123909,0.0,08,000916
123629,0,0,0,0,123629,0.0,08,000917
123528,0,0,0,0,123528,0.0,08,000918
123315,0,0,0,0,123315,0.0,08,000919
122793,0,0,0,0,122793,0.0,08,000920
122592,0,0,0,0,122592,0.0,08,000921
122850,0,0,0,0,122850,0.0,08,000922
122662,0,0,0,0,122662,0.0,08,000923
121942,0,0,0,0,121942,0.0,08,000924
120948,0,0,0,0,120948,0.0,08,000925
120404,0,0,0,0,120404,0.0,08,000926
120081,0,0,0,0,120081,0.0,08,000927
119286,0,0,0,0,119286,0.0,08,000928
118437,0,0,0,0,118437,0.0,08,000929
117315,0,0,0,0,117315,0.0,08,000930
117510,0,0,0,0,117510,0.0,08,000931
116857,0,0,0,0,116857,0.0,08,000932
115258,0,0,0,0,115258,0.0,08,000933
113477,0,0,0,0,113477,0.0,08,000934
111817,0,0,0,0,111817,0.0,08,000935
111883,0,0,0,0,111883,0.0,08,000936
109272,0,0,0,0,109272,0.0,08,000937
108011,0,0,0,0,108011,0.0,08,000938
108362,0,0,0,0,108362,0.0,08,000939
108482,0,0,0,0,108482,0.0,08,000940
107788,0,0,0,0,107788,0.0,08,000941
108204,0,0,0,0,108204,0.0,08,000942
107539,0,0,0,0,107539,0.0,08,000943
107570,0,0,0,0,107570,0.0,08,000944
108563,0,0,0,0,108563,0.0,08,000945
109172,0,0,0,0,109172,0.0,08,000946
110403,0,0,0,0,110403,0.0,08,000947
112211,0,0,0,0,112211,0.0,08,000948
112487,0,0,0,0,112487,0.0,08,000949
113138,0,0,0,0,113138,0.0,08,000950
114211,0,0,0,0,114211,0.0,08,000951
116511,0,0,0,0,116511,0.0,08,000952
117490,0,0,0,0,117490,0.0,08,000953
118028,0,0,0,0,118028,0.0,08,000954
119378,0,0,0,0,119378,0.0,08,000955
121038,0,0,0,0,121038,0.0,08,000956
122663,0,0,0,0,122663,0.0,08,000957
124189,0,0,0,0,124189,0.0,08,000958
124671,0,0,0,0,124671,0.0,08,000959
125294,0,0,0,0,125294,0.0,08,000960
125749,0,0,0,0,125749,0.0,08,000961
126130,0,0,0,0,126130,0.0,08,000962
126348,0,0,0,0,126348,0.0,08,000963
126393,0,0,0,0,126393,0.0,08,000964
126310,0,0,0,0,126310,0.0,08,000965
126337,0,0,0,0,126337,0.0,08,000966
126607,0,0,0,0,126607,0.0,08,000967
126809,0,0,0,0,126809,0.0,08,000968
126934,0,0,0,0,126934,0.0,08,000969
126980,0,0,0,0,126980,0.0,08,000970
127187,0,0,0,0,127187,0.0,08,000971
127158,0,0,0,0,127158,0.0,08,000972
127243,0,0,0,0,127243,0.0,08,000973
127297,0,0,0,0,127297,0.0,08,000974
127415,0,0,0,0,127415,0.0,08,000975
127495,0,0,0,0,127495,0.0,08,000976
127494,0,0,0,0,127494,0.0,08,000977
127593,0,0,0,0,127593,0.0,08,000978
127619,0,0,0,0,127619,0.0,08,000979
127594,0,0,0,0,127594,0.0,08,000980
127587,0,0,0,0,127587,0.0,08,000981
127662,0,0,0,0,127662,0.0,08,000982
127745,0,0,0,0,127745,0.0,08,000983
127799,0,0,0,0,127799,0.0,08,000984
127871,0,0,0,0,127871,0.0,08,000985
127878,0,0,0,0,127878,0.0,08,000986
127846,0,0,0,0,127846,0.0,08,000987
127741,0,0,0,0,127741,0.0,08,000988
127739,0,0,0,0,127739,0.0,08,000989
127576,0,0,0,0,127576,0.0,08,000990
127581,0,0,0,0,127581,0.0,08,000991
127489,0,0,0,0,127489,0.0,08,000992
127412,0,0,0,0,127412,0.0,08,000993
127054,0,0,0,0,127054,0.0,08,000994
126927,0,0,0,0,126927,0.0,08,000995
126926,0,0,0,0,126926,0.0,08,000996
126924,0,0,0,0,126924,0.0,08,000997
126788,0,0,0,0,126788,0.0,08,000998
126731,0,0,0,0,126731,0.0,08,000999
126624,0,0,0,0,126624,0.0,08,001000
126739,0,0,0,0,126739,0.0,08,001001
126655,0,0,0,0,126655,0.0,08,001002
126541,0,0,0,0,126541,0.0,08,001003
126509,0,0,0,0,126509,0.0,08,001004
126328,0,0,0,0,126328,0.0,08,001005
126232,0,0,0,0,126232,0.0,08,001006
126234,0,0,0,0,126234,0.0,08,001007
126300,0,0,0,0,126300,0.0,08,001008
126314,0,0,0,0,126314,0.0,08,001009
126352,0,0,0,0,126352,0.0,08,001010
126357,0,0,0,0,126357,0.0,08,001011
126618,0,0,0,0,126618,0.0,08,001012
126615,0,0,0,0,126615,0.0,08,001013
126734,0,0,0,0,126734,0.0,08,001014
126708,0,0,0,0,126708,0.0,08,001015
126816,0,0,0,0,126816,0.0,08,001016
126826,0,0,0,0,126826,0.0,08,001017
126739,0,0,0,0,126739,0.0,08,001018
126711,0,0,0,0,126711,0.0,08,001019
126518,0,0,0,0,126518,0.0,08,001020
126381,0,0,0,0,126381,0.0,08,001021
126381,0,0,0,0,126381,0.0,08,001022
126272,0,0,0,0,126272,0.0,08,001023
126370,0,0,0,0,126370,0.0,08,001024
126283,0,0,0,0,126283,0.0,08,001025
126379,0,0,0,0,126379,0.0,08,001026
126396,0,0,0,0,126396,0.0,08,001027
126409,0,0,0,0,126409,0.0,08,001028
126448,0,0,0,0,126448,0.0,08,001029
126452,0,0,0,0,126452,0.0,08,001030
126581,0,0,0,0,126581,0.0,08,001031
126601,0,0,0,0,126601,0.0,08,001032
126684,0,0,0,0,126684,0.0,08,001033
126775,0,0,0,0,126775,0.0,08,001034
126842,0,0,0,0,126842,0.0,08,001035
126865,0,0,0,0,126865,0.0,08,001036
126871,0,0,0,0,126871,0.0,08,001037
126810,0,0,0,0,126810,0.0,08,001038
126875,0,0,0,0,126875,0.0,08,001039
126903,0,0,0,0,126903,0.0,08,001040
126953,0,0,0,0,126953,0.0,08,001041
126909,0,0,0,0,126909,0.0,08,001042
126789,0,0,0,0,126789,0.0,08,001043
126720,0,0,0,0,126720,0.0,08,001044
126701,0,0,0,0,126701,0.0,08,001045
126602,0,0,0,0,126602,0.0,08,001046
126349,0,0,0,0,126349,0.0,08,001047
126032,0,0,0,0,126032,0.0,08,001048
125691,0,0,0,0,125691,0.0,08,001049
125377,0,0,0,0,125377,0.0,08,001050
125009,0,0,0,0,125009,0.0,08,001051
124639,0,0,0,0,124639,0.0,08,001052
124233,0,0,0,0,124233,0.0,08,001053
123610,0,0,0,0,123610,0.0,08,001054
123282,0,0,0,0,123282,0.0,08,001055
122909,0,0,0,0,122909,0.0,08,001056
122539,0,0,0,0,122539,0.0,08,001057
122567,0,0,0,0,122567,0.0,08,001058
122522,0,0,0,0,122522,0.0,08,001059
122244,0,0,0,0,122244,0.0,08,001060
121889,0,0,0,0,121889,0.0,08,001061
121510,0,0,0,0,121510,0.0,08,001062
121358,0,0,0,0,121358,0.0,08,001063
121406,0,0,0,0,121406,0.0,08,001064
121495,0,0,0,0,121495,0.0,08,001065
121539,0,0,0,0,121539,0.0,08,001066
121542,0,0,0,0,121542,0.0,08,001067
121410,0,0,0,0,121410,0.0,08,001068
121529,0,0,0,0,121529,0.0,08,001069
121862,0,0,0,0,121862,0.0,08,001070
122630,0,0,0,0,122630,0.0,08,001071
123327,0,0,0,0,123327,0.0,08,001072
123877,0,0,0,0,123877,0.0,08,001073
124305,0,0,0,0,124305,0.0,08,001074
124361,0,0,0,0,124361,0.0,08,001075
124598,0,0,0,0,124598,0.0,08,001076
124760,0,0,0,0,124760,0.0,08,001077
124890,0,0,0,0,124890,0.0,08,001078
125020,0,0,0,0,125020,0.0,08,001079
125255,0,0,0,0,125255,0.0,08,001080
125540,0,0,0,0,125540,0.0,08,001081
125774,0,0,0,0,125774,0.0,08,001082
125805,0,0,0,0,125805,0.0,08,001083
126035,0,0,0,0,126035,0.0,08,001084
125974,0,0,0,0,125974,0.0,08,001085
126073,0,0,0,0,126073,0.0,08,001086
125999,0,0,0,0,125999,0.0,08,001087
126121,0,0,0,0,126121,0.0,08,001088
126106,0,0,0,0,126106,0.0,08,001089
126106,0,0,0,0,126106,0.0,08,001090
126175,0,0,0,0,126175,0.0,08,001091
126422,0,0,0,0,126422,0.0,08,001092
126531,0,0,0,0,126531,0.0,08,001093
126458,0,0,0,0,126458,0.0,08,001094
126605,0,0,0,0,126605,0.0,08,001095
126554,0,0,0,0,126554,0.0,08,001096
126506,0,0,0,0,126506,0.0,08,001097
126518,0,0,0,0,126518,0.0,08,001098
126489,0,0,0,0,126489,0.0,08,001099
126443,0,0,0,0,126443,0.0,08,001100
126245,0,0,0,0,126245,0.0,08,001101
125998,0,0,0,0,125998,0.0,08,001102
125565,0,0,0,0,125565,0.0,08,001103
125248,0,0,0,0,125248,0.0,08,001104
124738,0,0,0,0,124738,0.0,08,001105
124392,0,0,0,0,124392,0.0,08,001106
123770,0,0,0,0,123770,0.0,08,001107
122730,0,0,0,0,122730,0.0,08,001108
121471,0,0,0,0,121471,0.0,08,001109
120917,0,0,0,0,120917,0.0,08,001110
120640,0,0,0,0,120640,0.0,08,001111
120158,0,0,0,0,120158,0.0,08,001112
119672,0,0,0,0,119672,0.0,08,001113
118799,0,0,0,0,118799,0.0,08,001114
118303,0,0,0,0,118303,0.0,08,001115
118603,0,0,0,0,118603,0.0,08,001116
119082,0,0,0,0,119082,0.0,08,001117
119234,0,0,0,0,119234,0.0,08,001118
119264,0,0,0,0,119264,0.0,08,001119
120219,0,0,0,0,120219,0.0,08,001120
121420,0,0,0,0,121420,0.0,08,001121
122469,0,0,0,0,122469,0.0,08,001122
122773,0,0,0,0,122773,0.0,08,001123
122748,0,0,0,0,122748,0.0,08,001124
122720,0,0,0,0,122720,0.0,08,001125
123079,0,0,0,0,123079,0.0,08,001126
123397,0,0,0,0,123397,0.0,08,001127
123513,0,0,0,0,123513,0.0,08,001128
122637,0,0,0,0,122637,0.0,08,001129
121566,0,0,0,0,121566,0.0,08,001130
121001,0,0,0,0,121001,0.0,08,001131
121041,0,0,0,0,121041,0.0,08,001132
120460,0,0,0,0,120460,0.0,08,001133
119873,0,0,0,0,119873,0.0,08,001134
119743,0,0,0,0,119743,0.0,08,001135
120491,0,0,0,0,120491,0.0,08,001136
121421,0,0,0,0,121421,0.0,08,001137
121656,0,0,0,0,121656,0.0,08,001138
122018,0,0,0,0,122018,0.0,08,001139
121697,0,0,0,0,121697,0.0,08,001140
120831,0,0,0,0,120831,0.0,08,001141
120989,0,0,0,0,120989,0.0,08,001142
122119,0,0,0,0,122119,0.0,08,001143
122062,0,0,0,0,122062,0.0,08,001144
121255,0,0,0,0,121255,0.0,08,001145
119877,0,0,0,0,119877,0.0,08,001146
119464,0,0,0,0,119464,0.0,08,001147
119798,0,0,0,0,119798,0.0,08,001148
120636,0,0,0,0,120636,0.0,08,001149
121590,0,0,0,0,121590,0.0,08,001150
121988,0,0,0,0,121988,0.0,08,001151
122515,0,0,0,0,122515,0.0,08,001152
122691,0,0,0,0,122691,0.0,08,001153
123385,0,0,0,0,123385,0.0,08,001154
124218,0,0,0,0,124218,0.0,08,001155
124061,0,0,0,0,124061,0.0,08,001156
123813,0,0,0,0,123813,0.0,08,001157
123632,0,0,0,0,123632,0.0,08,001158
122999,0,0,0,0,122999,0.0,08,001159
122553,0,0,0,0,122553,0.0,08,001160
121718,0,0,0,0,121718,0.0,08,001161
120822,0,0,0,0,120822,0.0,08,001162
121214,0,0,0,0,121214,0.0,08,001163
121938,0,0,0,0,121938,0.0,08,001164
123262,0,0,0,0,123262,0.0,08,001165
124005,0,0,0,0,124005,0.0,08,001166
124419,0,0,0,0,124419,0.0,08,001167
124753,0,0,0,0,124753,0.0,08,001168
124938,0,0,0,0,124938,0.0,08,001169
125472,0,0,0,0,125472,0.0,08,001170
125752,0,0,0,0,125752,0.0,08,001171
126022,0,0,0,0,126022,0.0,08,001172
126089,0,0,0,0,126089,0.0,08,001173
126140,0,0,0,0,126140,0.0,08,001174
126195,0,0,0,0,126195,0.0,08,001175
126267,0,0,0,0,126267,0.0,08,001176
126257,0,0,0,0,126257,0.0,08,001177
126256,0,0,0,0,126256,0.0,08,001178
126222,0,0,0,0,126222,0.0,08,001179
126034,0,0,0,0,126034,0.0,08,001180
125933,0,0,0,0,125933,0.0,08,001181
125589,0,0,0,0,125589,0.0,08,001182
125445,0,0,0,0,125445,0.0,08,001183
124975,0,0,0,0,124975,0.0,08,001184
124426,0,0,0,0,124426,0.0,08,001185
123849,0,0,0,0,123849,0.0,08,001186
123241,0,0,0,0,123241,0.0,08,001187
122382,0,0,0,0,122382,0.0,08,001188
120672,0,0,0,0,120672,0.0,08,001189
118496,0,0,0,0,118496,0.0,08,001190
117875,0,0,0,0,117875,0.0,08,001191
117521,0,0,0,0,117521,0.0,08,001192
115605,0,0,0,0,115605,0.0,08,001193
116103,0,0,0,0,116103,0.0,08,001194
116860,0,0,0,0,116860,0.0,08,001195
116756,0,0,0,0,116756,0.0,08,001196
117192,0,0,0,0,117192,0.0,08,001197
117473,0,0,0,0,117473,0.0,08,001198
118473,0,0,0,0,118473,0.0,08,001199
118684,0,0,0,0,118684,0.0,08,001200
118375,0,0,0,0,118375,0.0,08,001201
118392,0,0,0,0,118392,0.0,08,001202
118820,0,0,0,0,118820,0.0,08,001203
119928,0,0,0,0,119928,0.0,08,001204
120423,0,0,0,0,120423,0.0,08,001205
120052,0,0,0,0,120052,0.0,08,001206
118349,0,0,0,0,118349,0.0,08,001207
116835,0,0,0,0,116835,0.0,08,001208
115053,0,0,0,0,115053,0.0,08,001209
113627,0,0,0,0,113627,0.0,08,001210
111862,0,0,0,0,111862,0.0,08,001211
110622,0,0,0,0,110622,0.0,08,001212
109967,0,0,0,0,109967,0.0,08,001213
109489,0,0,0,0,109489,0.0,08,001214
108733,0,0,0,0,108733,0.0,08,001215
107503,0,0,0,0,107503,0.0,08,001216
107734,0,0,0,0,107734,0.0,08,001217
109018,0,0,0,0,109018,0.0,08,001218
109294,0,0,0,0,109294,0.0,08,001219
109124,0,0,0,0,109124,0.0,08,001220
108561,0,0,0,0,108561,0.0,08,001221
108756,0,0,0,0,108756,0.0,08,001222
109458,0,0,0,0,109458,0.0,08,001223
109945,0,0,0,0,109945,0.0,08,001224
110575,0,0,0,0,110575,0.0,08,001225
111093,0,0,0,0,111093,0.0,08,001226
112521,0,0,0,0,112521,0.0,08,001227
113976,0,0,0,0,113976,0.0,08,001228
114372,0,0,0,0,114372,0.0,08,001229
114885,0,0,0,0,114885,0.0,08,001230
115828,0,0,0,0,115828,0.0,08,001231
116714,0,0,0,0,116714,0.0,08,001232
117622,0,0,0,0,117622,0.0,08,001233
118150,0,0,0,0,118150,0.0,08,001234
119219,0,0,0,0,119219,0.0,08,001235
120118,0,0,0,0,120118,0.0,08,001236
120681,0,0,0,0,120681,0.0,08,001237
120984,0,0,0,0,120984,0.0,08,001238
121206,0,0,0,0,121206,0.0,08,001239
120985,0,0,0,0,120985,0.0,08,001240
120580,0,0,0,0,120580,0.0,08,001241
120040,0,0,0,0,120040,0.0,08,001242
119348,0,0,0,0,119348,0.0,08,001243
118511,0,0,0,0,118511,0.0,08,001244
117343,0,0,0,0,117343,0.0,08,001245
116170,0,0,0,0,116170,0.0,08,001246
115148,0,0,0,0,115148,0.0,08,001247
114113,0,0,0,0,114113,0.0,08,001248
113732,0,0,0,0,113732,0.0,08,001249
113718,0,0,0,0,113718,0.0,08,001250
113586,0,0,0,0,113586,0.0,08,001251
112725,0,0,0,0,112725,0.0,08,001252
113271,0,0,0,0,113271,0.0,08,001253
113088,0,0,0,0,113088,0.0,08,001254
112948,0,0,0,0,112948,0.0,08,001255
112209,0,0,0,0,112209,0.0,08,001256
111700,0,0,0,0,111700,0.0,08,001257
111926,0,0,0,0,111926,0.0,08,001258
111753,0,0,0,0,111753,0.0,08,001259
111670,0,0,0,0,111670,0.0,08,001260
110670,0,0,0,0,110670,0.0,08,001261
109053,0,0,0,0,109053,0.0,08,001262
107582,0,0,0,0,107582,0.0,08,001263
108286,0,0,0,0,108286,0.0,08,001264
109826,0,0,0,0,109826,0.0,08,001265
111322,0,0,0,0,111322,0.0,08,001266
113088,0,0,0,0,113088,0.0,08,001267
114364,0,0,0,0,114364,0.0,08,001268
115352,0,0,0,0,115352,0.0,08,001269
116048,0,0,0,0,116048,0.0,08,001270
116199,0,0,0,0,116199,0.0,08,001271
115956,0,0,0,0,115956,0.0,08,001272
116359,0,0,0,0,116359,0.0,08,001273
117419,0,0,0,0,117419,0.0,08,001274
118389,0,0,0,0,118389,0.0,08,001275
119027,0,0,0,0,119027,0.0,08,001276
119007,0,0,0,0,119007,0.0,08,001277
119091,0,0,0,0,119091,0.0,08,001278
119259,0,0,0,0,119259,0.0,08,001279
120085,0,0,0,0,120085,0.0,08,001280
120374,0,0,0,0,120374,0.0,08,001281
121451,0,0,0,0,121451,0.0,08,001282
122564,0,0,0,0,122564,0.0,08,001283
123228,0,0,0,0,123228,0.0,08,001284
124083,0,0,0,0,124083,0.0,08,001285
124499,0,0,0,0,124499,0.0,08,001286
124809,0,0,0,0,124809,0.0,08,001287
125177,0,0,0,0,125177,0.0,08,001288
125474,0,0,0,0,125474,0.0,08,001289
125639,0,0,0,0,125639,0.0,08,001290
125913,0,0,0,0,125913,0.0,08,001291
126098,0,0,0,0,126098,0.0,08,001292
126313,0,0,0,0,126313,0.0,08,001293
126437,0,0,0,0,126437,0.0,08,001294
126498,0,0,0,0,126498,0.0,08,001295
126477,0,0,0,0,126477,0.0,08,001296
126438,0,0,0,0,126438,0.0,08,001297
126316,0,0,0,0,126316,0.0,08,001298
126200,0,0,0,0,126200,0.0,08,001299
126194,0,0,0,0,126194,0.0,08,001300
126253,0,0,0,0,126253,0.0,08,001301
126098,0,0,0,0,126098,0.0,08,001302
126120,0,0,0,0,126120,0.0,08,001303
126187,0,0,0,0,126187,0.0,08,001304
126189,0,0,0,0,126189,0.0,08,001305
126149,0,0,0,0,126149,0.0,08,001306
126250,0,0,0,0,126250,0.0,08,001307
126299,0,0,0,0,126299,0.0,08,001308
126297,0,0,0,0,126297,0.0,08,001309
126436,0,0,0,0,126436,0.0,08,001310
126425,0,0,0,0,126425,0.0,08,001311
126510,0,0,0,0,126510,0.0,08,001312
126538,0,0,0,0,126538,0.0,08,001313
126524,0,0,0,0,126524,0.0,08,001314
126557,0,0,0,0,126557,0.0,08,001315
126580,0,0,0,0,126580,0.0,08,001316
126576,0,0,0,0,126576,0.0,08,001317
126584,0,0,0,0,126584,0.0,08,001318
126652,0,0,0,0,126652,0.0,08,001319
126654,0,0,0,0,126654,0.0,08,001320
126809,0,0,0,0,126809,0.0,08,001321
126764,0,0,0,0,126764,0.0,08,001322
126735,0,0,0,0,126735,0.0,08,001323
126670,0,0,0,0,126670,0.0,08,001324
126602,0,0,0,0,126602,0.0,08,001325
126652,0,0,0,0,126652,0.0,08,001326
126475,0,0,0,0,126475,0.0,08,001327
126418,0,0,0,0,126418,0.0,08,001328
126354,0,0,0,0,126354,0.0,08,001329
126316,0,0,0,0,126316,0.0,08,001330
126398,0,0,0,0,126398,0.0,08,001331
126393,0,0,0,0,126393,0.0,08,001332
126381,0,0,0,0,126381,0.0,08,001333
126393,0,0,0,0,126393,0.0,08,001334
126259,0,0,0,0,126259,0.0,08,001335
126208,0,0,0,0,126208,0.0,08,001336
126166,0,0,0,0,126166,0.0,08,001337
126027,0,0,0,0,126027,0.0,08,001338
125999,0,0,0,0,125999,0.0,08,001339
125969,0,0,0,0,125969,0.0,08,001340
126035,0,0,0,0,126035,0.0,08,001341
125989,0,0,0,0,125989,0.0,08,001342
125947,0,0,0,0,125947,0.0,08,001343
125770,0,0,0,0,125770,0.0,08,001344
125556,0,0,0,0,125556,0.0,08,001345
125314,0,0,0,0,125314,0.0,08,001346
124955,0,0,0,0,124955,0.0,08,001347
124731,0,0,0,0,124731,0.0,08,001348
124441,0,0,0,0,124441,0.0,08,001349
123792,0,0,0,0,123792,0.0,08,001350
123559,0,0,0,0,123559,0.0,08,001351
123380,0,0,0,0,123380,0.0,08,001352
123179,0,0,0,0,123179,0.0,08,001353
122653,0,0,0,0,122653,0.0,08,001354
122704,0,0,0,0,122704,0.0,08,001355
122827,0,0,0,0,122827,0.0,08,001356
123254,0,0,0,0,123254,0.0,08,001357
123895,0,0,0,0,123895,0.0,08,001358
124601,0,0,0,0,124601,0.0,08,001359
125118,0,0,0,0,125118,0.0,08,001360
125393,0,0,0,0,125393,0.0,08,001361
125400,0,0,0,0,125400,0.0,08,001362
125482,0,0,0,0,125482,0.0,08,001363
125623,0,0,0,0,125623,0.0,08,001364
125853,0,0,0,0,125853,0.0,08,001365
126337,0,0,0,0,126337,0.0,08,001366
126266,0,0,0,0,126266,0.0,08,001367
126409,0,0,0,0,126409,0.0,08,001368
126434,0,0,0,0,126434,0.0,08,001369
126466,0,0,0,0,126466,0.0,08,001370
126356,0,0,0,0,126356,0.0,08,001371
126277,0,0,0,0,126277,0.0,08,001372
125955,0,0,0,0,125955,0.0,08,001373
126014,0,0,0,0,126014,0.0,08,001374
125836,0,0,0,0,125836,0.0,08,001375
125549,0,0,0,0,125549,0.0,08,001376
125445,0,0,0,0,125445,0.0,08,001377
125080,0,0,0,0,125080,0.0,08,001378
124581,0,0,0,0,124581,0.0,08,001379
123766,0,0,0,0,123766,0.0,08,001380
122900,0,0,0,0,122900,0.0,08,001381
122114,0,0,0,0,122114,0.0,08,001382
121799,0,0,0,0,121799,0.0,08,001383
121779,0,0,0,0,121779,0.0,08,001384
122133,0,0,0,0,122133,0.0,08,001385
122157,0,0,0,0,122157,0.0,08,001386
122217,0,0,0,0,122217,0.0,08,001387
122530,0,0,0,0,122530,0.0,08,001388
121955,0,0,0,0,121955,0.0,08,001389
121601,0,0,0,0,121601,0.0,08,001390
121847,0,0,0,0,121847,0.0,08,001391
122366,0,0,0,0,122366,0.0,08,001392
123081,0,0,0,0,123081,0.0,08,001393
123793,0,0,0,0,123793,0.0,08,001394
124287,0,0,0,0,124287,0.0,08,001395
124714,0,0,0,0,124714,0.0,08,001396
124937,0,0,0,0,124937,0.0,08,001397
125287,0,0,0,0,125287,0.0,08,001398
125270,0,0,0,0,125270,0.0,08,001399
125348,0,0,0,0,125348,0.0,08,001400
125375,0,0,0,0,125375,0.0,08,001401
125428,0,0,0,0,125428,0.0,08,001402
125491,0,0,0,0,125491,0.0,08,001403
125646,0,0,0,0,125646,0.0,08,001404
125454,0,0,0,0,125454,0.0,08,001405
125492,0,0,0,0,125492,0.0,08,001406
125659,0,0,0,0,125659,0.0,08,001407
125630,0,0,0,0,125630,0.0,08,001408
125709,0,0,0,0,125709,0.0,08,001409
125739,0,0,0,0,125739,0.0,08,001410
125850,0,0,0,0,125850,0.0,08,001411
125833,0,0,0,0,125833,0.0,08,001412
125922,0,0,0,0,125922,0.0,08,001413
125918,0,0,0,0,125918,0.0,08,001414
126000,0,0,0,0,126000,0.0,08,001415
125966,0,0,0,0,125966,0.0,08,001416
125825,0,0,0,0,125825,0.0,08,001417
125825,0,0,0,0,125825,0.0,08,001418
125823,0,0,0,0,125823,0.0,08,001419
125724,0,0,0,0,125724,0.0,08,001420
125638,0,0,0,0,125638,0.0,08,001421
125441,0,0,0,0,125441,0.0,08,001422
125395,0,0,0,0,125395,0.0,08,001423
125341,0,0,0,0,125341,0.0,08,001424
125462,0,0,0,0,125462,0.0,08,001425
125376,0,0,0,0,125376,0.0,08,001426
125338,0,0,0,0,125338,0.0,08,001427
124816,0,0,0,0,124816,0.0,08,001428
124414,0,0,0,0,124414,0.0,08,001429
124071,0,0,0,0,124071,0.0,08,001430
122311,0,0,0,0,122311,0.0,08,001431
122182,0,0,0,0,122182,0.0,08,001432
121334,0,0,0,0,121334,0.0,08,001433
120233,0,0,0,0,120233,0.0,08,001434
119413,0,0,0,0,119413,0.0,08,001435
118682,0,0,0,0,118682,0.0,08,001436
117240,0,0,0,0,117240,0.0,08,001437
117072,0,0,0,0,117072,0.0,08,001438
118008,0,0,0,0,118008,0.0,08,001439
118646,0,0,0,0,118646,0.0,08,001440
118960,0,0,0,0,118960,0.0,08,001441
118881,0,0,0,0,118881,0.0,08,001442
119557,0,0,0,0,119557,0.0,08,001443
120715,0,0,0,0,120715,0.0,08,001444
122378,0,0,0,0,122378,0.0,08,001445
124190,0,0,0,0,124190,0.0,08,001446
125184,0,0,0,0,125184,0.0,08,001447
125787,0,0,0,0,125787,0.0,08,001448
126157,0,0,0,0,126157,0.0,08,001449
126522,0,0,0,0,126522,0.0,08,001450
126753,0,0,0,0,126753,0.0,08,001451
126935,0,0,0,0,126935,0.0,08,001452
126930,0,0,0,0,126930,0.0,08,001453
127134,0,0,0,0,127134,0.0,08,001454
127180,0,0,0,0,127180,0.0,08,001455
127278,0,0,0,0,127278,0.0,08,001456
127261,0,0,0,0,127261,0.0,08,001457
127302,0,0,0,0,127302,0.0,08,001458
127287,0,0,0,0,127287,0.0,08,001459
127317,0,0,0,0,127317,0.0,08,001460
127397,0,0,0,0,127397,0.0,08,001461
127456,0,0,0,0,127456,0.0,08,001462
127590,0,0,0,0,127590,0.0,08,001463
127538,0,0,0,0,127538,0.0,08,001464
127542,0,0,0,0,127542,0.0,08,001465
127442,0,0,0,0,127442,0.0,08,001466
127511,0,0,0,0,127511,0.0,08,001467
127387,0,0,0,0,127387,0.0,08,001468
127413,0,0,0,0,127413,0.0,08,001469
127396,0,0,0,0,127396,0.0,08,001470
127480,0,0,0,0,127480,0.0,08,001471
127619,0,0,0,0,127619,0.0,08,001472
127572,0,0,0,0,127572,0.0,08,001473
127611,0,0,0,0,127611,0.0,08,001474
127527,0,0,0,0,127527,0.0,08,001475
127534,0,0,0,0,127534,0.0,08,001476
127507,0,0,0,0,127507,0.0,08,001477
127467,0,0,0,0,127467,0.0,08,001478
127467,0,0,0,0,127467,0.0,08,001479
127363,0,0,0,0,127363,0.0,08,001480
127335,0,0,0,0,127335,0.0,08,001481
127271,0,0,0,0,127271,0.0,08,001482
127279,0,0,0,0,127279,0.0,08,001483
127326,0,0,0,0,127326,0.0,08,001484
127373,0,0,0,0,127373,0.0,08,001485
127270,0,0,0,0,127270,0.0,08,001486
127345,0,0,0,0,127345,0.0,08,001487
127178,0,0,0,0,127178,0.0,08,001488
127174,0,0,0,0,127174,0.0,08,001489
127117,0,0,0,0,127117,0.0,08,001490
127149,0,0,0,0,127149,0.0,08,001491
127045,0,0,0,0,127045,0.0,08,001492
126920,0,0,0,0,126920,0.0,08,001493
126744,0,0,0,0,126744,0.0,08,001494
126635,0,0,0,0,126635,0.0,08,001495
126579,0,0,0,0,126579,0.0,08,001496
126539,0,0,0,0,126539,0.0,08,001497
126560,0,0,0,0,126560,0.0,08,001498
126568,0,0,0,0,126568,0.0,08,001499
126458,0,0,0,0,126458,0.0,08,001500
126455,0,0,0,0,126455,0.0,08,001501
126556,0,0,0,0,126556,0.0,08,001502
126484,0,0,0,0,126484,0.0,08,001503
126466,0,0,0,0,126466,0.0,08,001504
126448,0,0,0,0,126448,0.0,08,001505
126484,0,0,0,0,126484,0.0,08,001506
126479,0,0,0,0,126479,0.0,08,001507
126375,0,0,0,0,126375,0.0,08,001508
126349,0,0,0,0,126349,0.0,08,001509
126223,0,0,0,0,126223,0.0,08,001510
126173,0,0,0,0,126173,0.0,08,001511
126003,0,0,0,0,126003,0.0,08,001512
125857,0,0,0,0,125857,0.0,08,001513
125785,0,0,0,0,125785,0.0,08,001514
125557,0,0,0,0,125557,0.0,08,001515
125073,0,0,0,0,125073,0.0,08,001516
124749,0,0,0,0,124749,0.0,08,001517
124291,0,0,0,0,124291,0.0,08,001518
123888,0,0,0,0,123888,0.0,08,001519
123391,0,0,0,0,123391,0.0,08,001520
122369,0,0,0,0,122369,0.0,08,001521
121300,0,0,0,0,121300,0.0,08,001522
120047,0,0,0,0,120047,0.0,08,001523
118506,0,0,0,0,118506,0.0,08,001524
116784,0,0,0,0,116784,0.0,08,001525
117112,0,0,0,0,117112,0.0,08,001526
118188,0,0,0,0,118188,0.0,08,001527
119633,0,0,0,0,119633,0.0,08,001528
119584,0,0,0,0,119584,0.0,08,001529
120499,0,0,0,0,120499,0.0,08,001530
121711,0,0,0,0,121711,0.0,08,001531
122237,0,0,0,0,122237,0.0,08,001532
122427,0,0,0,0,122427,0.0,08,001533
122631,0,0,0,0,122631,0.0,08,001534
122709,0,0,0,0,122709,0.0,08,001535
122694,0,0,0,0,122694,0.0,08,001536
122677,0,0,0,0,122677,0.0,08,001537
123125,0,0,0,0,123125,0.0,08,001538
123204,0,0,0,0,123204,0.0,08,001539
123329,0,0,0,0,123329,0.0,08,001540
123631,0,0,0,0,123631,0.0,08,001541
124251,0,0,0,0,124251,0.0,08,001542
125050,0,0,0,0,125050,0.0,08,001543
125625,0,0,0,0,125625,0.0,08,001544
126093,0,0,0,0,126093,0.0,08,001545
126275,0,0,0,0,126275,0.0,08,001546
126254,0,0,0,0,126254,0.0,08,001547
126371,0,0,0,0,126371,0.0,08,001548
126722,0,0,0,0,126722,0.0,08,001549
126887,0,0,0,0,126887,0.0,08,001550
127079,0,0,0,0,127079,0.0,08,001551
127050,0,0,0,0,127050,0.0,08,001552
127128,0,0,0,0,127128,0.0,08,001553
127097,0,0,0,0,127097,0.0,08,001554
127220,0,0,0,0,127220,0.0,08,001555
127206,0,0,0,0,127206,0.0,08,001556
127222,0,0,0,0,127222,0.0,08,001557
127195,0,0,0,0,127195,0.0,08,001558
127326,0,0,0,0,127326,0.0,08,001559
127178,0,0,0,0,127178,0.0,08,001560
127237,0,0,0,0,127237,0.0,08,001561
127204,0,0,0,0,127204,0.0,08,001562
127286,0,0,0,0,127286,0.0,08,001563
127317,0,0,0,0,127317,0.0,08,001564
127357,0,0,0,0,127357,0.0,08,001565
127406,0,0,0,0,127406,0.0,08,001566
127359,0,0,0,0,127359,0.0,08,001567
127341,0,0,0,0,127341,0.0,08,001568
127372,0,0,0,0,127372,0.0,08,001569
127360,0,0,0,0,127360,0.0,08,001570
127265,0,0,0,0,127265,0.0,08,001571
127312,0,0,0,0,127312,0.0,08,001572
127104,0,0,0,0,127104,0.0,08,001573
127209,0,0,0,0,127209,0.0,08,001574
127423,0,0,0,0,127423,0.0,08,001575
127523,0,0,0,0,127523,0.0,08,001576
127497,0,0,0,0,127497,0.0,08,001577
127354,0,0,0,0,127354,0.0,08,001578
127254,0,0,0,0,127254,0.0,08,001579
127159,0,0,0,0,127159,0.0,08,001580
127124,0,0,0,0,127124,0.0,08,001581
127039,0,0,0,0,127039,0.0,08,001582
126975,0,0,0,0,126975,0.0,08,001583
126975,0,0,0,0,126975,0.0,08,001584
126895,0,0,0,0,126895,0.0,08,001585
126866,0,0,0,0,126866,0.0,08,001586
126756,0,0,0,0,126756,0.0,08,001587
126754,0,0,0,0,126754,0.0,08,001588
126621,0,0,0,0,126621,0.0,08,001589
126597,0,0,0,0,126597,0.0,08,001590
126498,0,0,0,0,126498,0.0,08,001591
126550,0,0,0,0,126550,0.0,08,001592
126356,0,0,0,0,126356,0.0,08,001593
126475,0,0,0,0,126475,0.0,08,001594
126293,0,0,0,0,126293,0.0,08,001595
126213,0,0,0,0,126213,0.0,08,001596
125925,0,0,0,0,125925,0.0,08,001597
125833,0,0,0,0,125833,0.0,08,001598
125695,0,0,0,0,125695,0.0,08,001599
125601,0,0,0,0,125601,0.0,08,001600
125461,0,0,0,0,125461,0.0,08,001601
125398,0,0,0,0,125398,0.0,08,001602
125401,0,0,0,0,125401,0.0,08,001603
125289,0,0,0,0,125289,0.0,08,001604
125283,0,0,0,0,125283,0.0,08,001605
125164,0,0,0,0,125164,0.0,08,001606
125114,0,0,0,0,125114,0.0,08,001607
125017,0,0,0,0,125017,0.0,08,001608
125034,0,0,0,0,125034,0.0,08,001609
125080,0,0,0,0,125080,0.0,08,001610
125065,0,0,0,0,125065,0.0,08,001611
125038,0,0,0,0,125038,0.0,08,001612
124800,0,0,0,0,124800,0.0,08,001613
124947,0,0,0,0,124947,0.0,08,001614
125042,0,0,0,0,125042,0.0,08,001615
124971,0,0,0,0,124971,0.0,08,001616
125029,0,0,0,0,125029,0.0,08,001617
124898,0,0,0,0,124898,0.0,08,001618
124911,0,0,0,0,124911,0.0,08,001619
124911,0,0,0,0,124911,0.0,08,001620
124896,0,0,0,0,124896,0.0,08,001621
124975,0,0,0,0,124975,0.0,08,001622
124969,0,0,0,0,124969,0.0,08,001623
125153,0,0,0,0,125153,0.0,08,001624
125152,0,0,0,0,125152,0.0,08,001625
125065,0,0,0,0,125065,0.0,08,001626
125290,0,0,0,0,125290,0.0,08,001627
125245,0,0,0,0,125245,0.0,08,001628
125470,0,0,0,0,125470,0.0,08,001629
125385,0,0,0,0,125385,0.0,08,001630
125343,0,0,0,0,125343,0.0,08,001631
125171,0,0,0,0,125171,0.0,08,001632
124938,0,0,0,0,124938,0.0,08,001633
124629,0,0,0,0,124629,0.0,08,001634
124141,0,0,0,0,124141,0.0,08,001635
123977,0,0,0,0,123977,0.0,08,001636
123840,0,0,0,0,123840,0.0,08,001637
123726,0,0,0,0,123726,0.0,08,001638
123518,0,0,0,0,123518,0.0,08,001639
122679,0,0,0,0,122679,0.0,08,001640
121499,0,0,0,0,121499,0.0,08,001641
120459,0,0,0,0,120459,0.0,08,001642
119212,0,0,0,0,119212,0.0,08,001643
118779,0,0,0,0,118779,0.0,08,001644
118798,0,0,0,0,118798,0.0,08,001645
118752,0,0,0,0,118752,0.0,08,001646
119117,0,0,0,0,119117,0.0,08,001647
119036,0,0,0,0,119036,0.0,08,001648
119069,0,0,0,0,119069,0.0,08,001649
119109,0,0,0,0,119109,0.0,08,001650
119102,0,0,0,0,119102,0.0,08,001651
119393,0,0,0,0,119393,0.0,08,001652
119689,0,0,0,0,119689,0.0,08,001653
120371,0,0,0,0,120371,0.0,08,001654
120870,0,0,0,0,120870,0.0,08,001655
121816,0,0,0,0,121816,0.0,08,001656
122504,0,0,0,0,122504,0.0,08,001657
123102,0,0,0,0,123102,0.0,08,001658
123793,0,0,0,0,123793,0.0,08,001659
124132,0,0,0,0,124132,0.0,08,001660
124648,0,0,0,0,124648,0.0,08,001661
124758,0,0,0,0,124758,0.0,08,001662
124638,0,0,0,0,124638,0.0,08,001663
124799,0,0,0,0,124799,0.0,08,001664
125070,0,0,0,0,125070,0.0,08,001665
125138,0,0,0,0,125138,0.0,08,001666
125138,0,0,0,0,125138,0.0,08,001667
125029,0,0,0,0,125029,0.0,08,001668
125094,0,0,0,0,125094,0.0,08,001669
125289,0,0,0,0,125289,0.0,08,001670
125570,0,0,0,0,125570,0.0,08,001671
125569,0,0,0,0,125569,0.0,08,001672
125467,0,0,0,0,125467,0.0,08,001673
125564,0,0,0,0,125564,0.0,08,001674
125689,0,0,0,0,125689,0.0,08,001675
125643,0,0,0,0,125643,0.0,08,001676
125695,0,0,0,0,125695,0.0,08,001677
125674,0,0,0,0,125674,0.0,08,001678
125568,0,0,0,0,125568,0.0,08,001679
125628,0,0,0,0,125628,0.0,08,001680
125730,0,0,0,0,125730,0.0,08,001681
125767,0,0,0,0,125767,0.0,08,001682
125470,0,0,0,0,125470,0.0,08,001683
125365,0,0,0,0,125365,0.0,08,001684
125383,0,0,0,0,125383,0.0,08,001685
125562,0,0,0,0,125562,0.0,08,001686
125450,0,0,0,0,125450,0.0,08,001687
125558,0,0,0,0,125558,0.0,08,001688
125405,0,0,0,0,125405,0.0,08,001689
125291,0,0,0,0,125291,0.0,08,001690
125522,0,0,0,0,125522,0.0,08,001691
125263,0,0,0,0,125263,0.0,08,001692
124946,0,0,0,0,124946,0.0,08,001693
124795,0,0,0,0,124795,0.0,08,001694
124328,0,0,0,0,124328,0.0,08,001695
123881,0,0,0,0,123881,0.0,08,001696
123388,0,0,0,0,123388,0.0,08,001697
122807,0,0,0,0,122807,0.0,08,001698
121583,0,0,0,0,121583,0.0,08,001699
120453,0,0,0,0,120453,0.0,08,001700
119134,0,0,0,0,119134,0.0,08,001701
118233,0,0,0,0,118233,0.0,08,001702
117892,0,0,0,0,117892,0.0,08,001703
118741,0,0,0,0,118741,0.0,08,001704
119433,0,0,0,0,119433,0.0,08,001705
120787,0,0,0,0,120787,0.0,08,001706
120908,0,0,0,0,120908,0.0,08,001707
120213,0,0,0,0,120213,0.0,08,001708
118702,0,0,0,0,118702,0.0,08,001709
116743,0,0,0,0,116743,0.0,08,001710
115600,0,0,0,0,115600,0.0,08,001711
114576,0,0,0,0,114576,0.0,08,001712
114892,0,0,0,0,114892,0.0,08,001713
115975,0,0,0,0,115975,0.0,08,001714
115848,0,0,0,0,115848,0.0,08,001715
116533,0,0,0,0,116533,0.0,08,001716
117761,0,0,0,0,117761,0.0,08,001717
118599,0,0,0,0,118599,0.0,08,001718
118528,0,0,0,0,118528,0.0,08,001719
117883,0,0,0,0,117883,0.0,08,001720
117018,0,0,0,0,117018,0.0,08,001721
116023,0,0,0,0,116023,0.0,08,001722
115464,0,0,0,0,115464,0.0,08,001723
115783,0,0,0,0,115783,0.0,08,001724
115657,0,0,0,0,115657,0.0,08,001725
116398,0,0,0,0,116398,0.0,08,001726
116291,0,0,0,0,116291,0.0,08,001727
117701,0,0,0,0,117701,0.0,08,001728
119098,0,0,0,0,119098,0.0,08,001729
119773,0,0,0,0,119773,0.0,08,001730
119767,0,0,0,0,119767,0.0,08,001731
119205,0,0,0,0,119205,0.0,08,001732
118900,0,0,0,0,118900,0.0,08,001733
118807,0,0,0,0,118807,0.0,08,001734
119624,0,0,0,0,119624,0.0,08,001735
119656,0,0,0,0,119656,0.0,08,001736
120419,0,0,0,0,120419,0.0,08,001737
120662,0,0,0,0,120662,0.0,08,001738
121114,0,0,0,0,121114,0.0,08,001739
121551,0,0,0,0,121551,0.0,08,001740
121845,0,0,0,0,121845,0.0,08,001741
122102,0,0,0,0,122102,0.0,08,001742
122551,0,0,0,0,122551,0.0,08,001743
122430,0,0,0,0,122430,0.0,08,001744
122784,0,0,0,0,122784,0.0,08,001745
123453,0,0,0,0,123453,0.0,08,001746
123990,0,0,0,0,123990,0.0,08,001747
124154,0,0,0,0,124154,0.0,08,001748
124080,0,0,0,0,124080,0.0,08,001749
124091,0,0,0,0,124091,0.0,08,001750
124128,0,0,0,0,124128,0.0,08,001751
123942,0,0,0,0,123942,0.0,08,001752
123945,0,0,0,0,123945,0.0,08,001753
123491,0,0,0,0,123491,0.0,08,001754
123448,0,0,0,0,123448,0.0,08,001755
122828,0,0,0,0,122828,0.0,08,001756
121802,0,0,0,0,121802,0.0,08,001757
121627,0,0,0,0,121627,0.0,08,001758
121571,0,0,0,0,121571,0.0,08,001759
121265,0,0,0,0,121265,0.0,08,001760
120943,0,0,0,0,120943,0.0,08,001761
120995,0,0,0,0,120995,0.0,08,001762
121677,0,0,0,0,121677,0.0,08,001763
122385,0,0,0,0,122385,0.0,08,001764
121984,0,0,0,0,121984,0.0,08,001765
121840,0,0,0,0,121840,0.0,08,001766
122172,0,0,0,0,122172,0.0,08,001767
122789,0,0,0,0,122789,0.0,08,001768
123563,0,0,0,0,123563,0.0,08,001769
123971,0,0,0,0,123971,0.0,08,001770
124342,0,0,0,0,124342,0.0,08,001771
124506,0,0,0,0,124506,0.0,08,001772
125103,0,0,0,0,125103,0.0,08,001773
125282,0,0,0,0,125282,0.0,08,001774
125150,0,0,0,0,125150,0.0,08,001775
125366,0,0,0,0,125366,0.0,08,001776
125478,0,0,0,0,125478,0.0,08,001777
125353,0,0,0,0,125353,0.0,08,001778
125334,0,0,0,0,125334,0.0,08,001779
125429,0,0,0,0,125429,0.0,08,001780
125236,0,0,0,0,125236,0.0,08,001781
124981,0,0,0,0,124981,0.0,08,001782
125035,0,0,0,0,125035,0.0,08,001783
124986,0,0,0,0,124986,0.0,08,001784
124960,0,0,0,0,124960,0.0,08,001785
124956,0,0,0,0,124956,0.0,08,001786
124899,0,0,0,0,124899,0.0,08,001787
124971,0,0,0,0,124971,0.0,08,001788
124713,0,0,0,0,124713,0.0,08,001789
124989,0,0,0,0,124989,0.0,08,001790
124966,0,0,0,0,124966,0.0,08,001791
124828,0,0,0,0,124828,0.0,08,001792
124744,0,0,0,0,124744,0.0,08,001793
124658,0,0,0,0,124658,0.0,08,001794
124717,0,0,0,0,124717,0.0,08,001795
124738,0,0,0,0,124738,0.0,08,001796
124866,0,0,0,0,124866,0.0,08,001797
124804,0,0,0,0,124804,0.0,08,001798
124663,0,0,0,0,124663,0.0,08,001799
124511,0,0,0,0,124511,0.0,08,001800
124464,0,0,0,0,124464,0.0,08,001801
124239,0,0,0,0,124239,0.0,08,001802
124085,0,0,0,0,124085,0.0,08,001803
124055,0,0,0,0,124055,0.0,08,001804
123966,0,0,0,0,123966,0.0,08,001805
123904,0,0,0,0,123904,0.0,08,001806
123965,0,0,0,0,123965,0.0,08,001807
123955,0,0,0,0,123955,0.0,08,001808
123860,0,0,0,0,123860,0.0,08,001809
123525,0,0,0,0,123525,0.0,08,001810
123177,0,0,0,0,123177,0.0,08,001811
122837,0,0,0,0,122837,0.0,08,001812
122891,0,0,0,0,122891,0.0,08,001813
122919,0,0,0,0,122919,0.0,08,001814
122896,0,0,0,0,122896,0.0,08,001815
122984,0,0,0,0,122984,0.0,08,001816
123024,0,0,0,0,123024,0.0,08,001817
123068,0,0,0,0,123068,0.0,08,001818
123078,0,0,0,0,123078,0.0,08,001819
123026,0,0,0,0,123026,0.0,08,001820
122978,0,0,0,0,122978,0.0,08,001821
122916,0,0,0,0,122916,0.0,08,001822
122817,0,0,0,0,122817,0.0,08,001823
122800,0,0,0,0,122800,0.0,08,001824
122778,0,0,0,0,122778,0.0,08,001825
122655,0,0,0,0,122655,0.0,08,001826
122460,0,0,0,0,122460,0.0,08,001827
122420,0,0,0,0,122420,0.0,08,001828
122350,0,0,0,0,122350,0.0,08,001829
122445,0,0,0,0,122445,0.0,08,001830
122400,0,0,0,0,122400,0.0,08,001831
122487,0,0,0,0,122487,0.0,08,001832
122447,0,0,0,0,122447,0.0,08,001833
122546,0,0,0,0,122546,0.0,08,001834
122403,0,0,0,0,122403,0.0,08,001835
122364,0,0,0,0,122364,0.0,08,001836
122317,0,0,0,0,122317,0.0,08,001837
122228,0,0,0,0,122228,0.0,08,001838
122182,0,0,0,0,122182,0.0,08,001839
122159,0,0,0,0,122159,0.0,08,001840
122237,0,0,0,0,122237,0.0,08,001841
122228,0,0,0,0,122228,0.0,08,001842
122199,0,0,0,0,122199,0.0,08,001843
122323,0,0,0,0,122323,0.0,08,001844
122418,0,0,0,0,122418,0.0,08,001845
122486,0,0,0,0,122486,0.0,08,001846
122627,0,0,0,0,122627,0.0,08,001847
122511,0,0,0,0,122511,0.0,08,001848
122364,0,0,0,0,122364,0.0,08,001849
122328,0,0,0,0,122328,0.0,08,001850
122140,0,0,0,0,122140,0.0,08,001851
122290,0,0,0,0,122290,0.0,08,001852
122232,0,0,0,0,122232,0.0,08,001853
122410,0,0,0,0,122410,0.0,08,001854
122405,0,0,0,0,122405,0.0,08,001855
122125,0,0,0,0,122125,0.0,08,001856
122006,0,0,0,0,122006,0.0,08,001857
122039,0,0,0,0,122039,0.0,08,001858
121939,0,0,0,0,121939,0.0,08,001859
121917,0,0,0,0,121917,0.0,08,001860
121878,0,0,0,0,121878,0.0,08,001861
121856,0,0,0,0,121856,0.0,08,001862
122183,0,0,0,0,122183,0.0,08,001863
122741,0,0,0,0,122741,0.0,08,001864
123252,0,0,0,0,123252,0.0,08,001865
123723,0,0,0,0,123723,0.0,08,001866
123957,0,0,0,0,123957,0.0,08,001867
123768,0,0,0,0,123768,0.0,08,001868
123552,0,0,0,0,123552,0.0,08,001869
123242,0,0,0,0,123242,0.0,08,001870
123135,0,0,0,0,123135,0.0,08,001871
122871,0,0,0,0,122871,0.0,08,001872
122656,0,0,0,0,122656,0.0,08,001873
122529,0,0,0,0,122529,0.0,08,001874
122047,0,0,0,0,122047,0.0,08,001875
121158,0,0,0,0,121158,0.0,08,001876
120474,0,0,0,0,120474,0.0,08,001877
120280,0,0,0,0,120280,0.0,08,001878
120024,0,0,0,0,120024,0.0,08,001879
119657,0,0,0,0,119657,0.0,08,001880
119409,0,0,0,0,119409,0.0,08,001881
119577,0,0,0,0,119577,0.0,08,001882
119926,0,0,0,0,119926,0.0,08,001883
120138,0,0,0,0,120138,0.0,08,001884
120655,0,0,0,0,120655,0.0,08,001885
120856,0,0,0,0,120856,0.0,08,001886
121095,0,0,0,0,121095,0.0,08,001887
121137,0,0,0,0,121137,0.0,08,001888
122376,0,0,0,0,122376,0.0,08,001889
123198,0,0,0,0,123198,0.0,08,001890
123699,0,0,0,0,123699,0.0,08,001891
123975,0,0,0,0,123975,0.0,08,001892
124080,0,0,0,0,124080,0.0,08,001893
124263,0,0,0,0,124263,0.0,08,001894
124250,0,0,0,0,124250,0.0,08,001895
124079,0,0,0,0,124079,0.0,08,001896
123942,0,0,0,0,123942,0.0,08,001897
123971,0,0,0,0,123971,0.0,08,001898
123835,0,0,0,0,123835,0.0,08,001899
123810,0,0,0,0,123810,0.0,08,001900
123635,0,0,0,0,123635,0.0,08,001901
123474,0,0,0,0,123474,0.0,08,001902
123356,0,0,0,0,123356,0.0,08,001903
123309,0,0,0,0,123309,0.0,08,001904
123427,0,0,0,0,123427,0.0,08,001905
123485,0,0,0,0,123485,0.0,08,001906
123547,0,0,0,0,123547,0.0,08,001907
123656,0,0,0,0,123656,0.0,08,001908
123610,0,0,0,0,123610,0.0,08,001909
123605,0,0,0,0,123605,0.0,08,001910
123557,0,0,0,0,123557,0.0,08,001911
123624,0,0,0,0,123624,0.0,08,001912
123534,0,0,0,0,123534,0.0,08,001913
123499,0,0,0,0,123499,0.0,08,001914
123481,0,0,0,0,123481,0.0,08,001915
123460,0,0,0,0,123460,0.0,08,001916
123509,0,0,0,0,123509,0.0,08,001917
123448,0,0,0,0,123448,0.0,08,001918
123460,0,0,0,0,123460,0.0,08,001919
123549,0,0,0,0,123549,0.0,08,001920
123564,0,0,0,0,123564,0.0,08,001921
123520,0,0,0,0,123520,0.0,08,001922
123555,0,0,0,0,123555,0.0,08,001923
123612,0,0,0,0,123612,0.0,08,001924
123532,0,0,0,0,123532,0.0,08,001925
123459,0,0,0,0,123459,0.0,08,001926
123404,0,0,0,0,123404,0.0,08,001927
123282,0,0,0,0,123282,0.0,08,001928
123221,0,0,0,0,123221,0.0,08,001929
123215,0,0,0,0,123215,0.0,08,001930
123284,0,0,0,0,123284,0.0,08,001931
123389,0,0,0,0,123389,0.0,08,001932
123381,0,0,0,0,123381,0.0,08,001933
123215,0,0,0,0,123215,0.0,08,001934
123258,0,0,0,0,123258,0.0,08,001935
123267,0,0,0,0,123267,0.0,08,001936
123358,0,0,0,0,123358,0.0,08,001937
123404,0,0,0,0,123404,0.0,08,001938
123534,0,0,0,0,123534,0.0,08,001939
123371,0,0,0,0,123371,0.0,08,001940
123233,0,0,0,0,123233,0.0,08,001941
123267,0,0,0,0,123267,0.0,08,001942
123283,0,0,0,0,123283,0.0,08,001943
123313,0,0,0,0,123313,0.0,08,001944
123206,0,0,0,0,123206,0.0,08,001945
123118,0,0,0,0,123118,0.0,08,001946
123006,0,0,0,0,123006,0.0,08,001947
123054,0,0,0,0,123054,0.0,08,001948
123135,0,0,0,0,123135,0.0,08,001949
122988,0,0,0,0,122988,0.0,08,001950
122768,0,0,0,0,122768,0.0,08,001951
122640,0,0,0,0,122640,0.0,08,001952
122655,0,0,0,0,122655,0.0,08,001953
122552,0,0,0,0,122552,0.0,08,001954
122580,0,0,0,0,122580,0.0,08,001955
122551,0,0,0,0,122551,0.0,08,001956
122481,0,0,0,0,122481,0.0,08,001957
122375,0,0,0,0,122375,0.0,08,001958
122416,0,0,0,0,122416,0.0,08,001959
122472,0,0,0,0,122472,0.0,08,001960
122374,0,0,0,0,122374,0.0,08,001961
122338,0,0,0,0,122338,0.0,08,001962
122277,0,0,0,0,122277,0.0,08,001963
122382,0,0,0,0,122382,0.0,08,001964
122232,0,0,0,0,122232,0.0,08,001965
122456,0,0,0,0,122456,0.0,08,001966
122383,0,0,0,0,122383,0.0,08,001967
122422,0,0,0,0,122422,0.0,08,001968
122170,0,0,0,0,122170,0.0,08,001969
121907,0,0,0,0,121907,0.0,08,001970
121624,0,0,0,0,121624,0.0,08,001971
121307,0,0,0,0,121307,0.0,08,001972
120520,0,0,0,0,120520,0.0,08,001973
119666,0,0,0,0,119666,0.0,08,001974
118816,0,0,0,0,118816,0.0,08,001975
117920,0,0,0,0,117920,0.0,08,001976
117550,0,0,0,0,117550,0.0,08,001977
116492,0,0,0,0,116492,0.0,08,001978
115637,0,0,0,0,115637,0.0,08,001979
115183,0,0,0,0,115183,0.0,08,001980
114449,0,0,0,0,114449,0.0,08,001981
113673,0,0,0,0,113673,0.0,08,001982
113637,0,0,0,0,113637,0.0,08,001983
113691,0,0,0,0,113691,0.0,08,001984
113832,0,0,0,0,113832,0.0,08,001985
114073,0,0,0,0,114073,0.0,08,001986
114118,0,0,0,0,114118,0.0,08,001987
114443,0,0,0,0,114443,0.0,08,001988
114920,0,0,0,0,114920,0.0,08,001989
115523,0,0,0,0,115523,0.0,08,001990
116581,0,0,0,0,116581,0.0,08,001991
117528,0,0,0,0,117528,0.0,08,001992
118441,0,0,0,0,118441,0.0,08,001993
119880,0,0,0,0,119880,0.0,08,001994
121147,0,0,0,0,121147,0.0,08,001995
122355,0,0,0,0,122355,0.0,08,001996
123197,0,0,0,0,123197,0.0,08,001997
124056,0,0,0,0,124056,0.0,08,001998
124616,0,0,0,0,124616,0.0,08,001999
125149,0,0,0,0,125149,0.0,08,002000
125778,0,0,0,0,125778,0.0,08,002001
126196,0,0,0,0,126196,0.0,08,002002
126375,0,0,0,0,126375,0.0,08,002003
126542,0,0,0,0,126542,0.0,08,002004
126808,0,0,0,0,126808,0.0,08,002005
126960,0,0,0,0,126960,0.0,08,002006
127095,0,0,0,0,127095,0.0,08,002007
127276,0,0,0,0,127276,0.0,08,002008
127371,0,0,0,0,127371,0.0,08,002009
127421,0,0,0,0,127421,0.0,08,002010
127386,0,0,0,0,127386,0.0,08,002011
127467,0,0,0,0,127467,0.0,08,002012
127437,0,0,0,0,127437,0.0,08,002013
127471,0,0,0,0,127471,0.0,08,002014
127442,0,0,0,0,127442,0.0,08,002015
127323,0,0,0,0,127323,0.0,08,002016
127473,0,0,0,0,127473,0.0,08,002017
127288,0,0,0,0,127288,0.0,08,002018
127225,0,0,0,0,127225,0.0,08,002019
127167,0,0,0,0,127167,0.0,08,002020
126993,0,0,0,0,126993,0.0,08,002021
127003,0,0,0,0,127003,0.0,08,002022
126738,0,0,0,0,126738,0.0,08,002023
126692,0,0,0,0,126692,0.0,08,002024
126444,0,0,0,0,126444,0.0,08,002025
126441,0,0,0,0,126441,0.0,08,002026
125726,0,0,0,0,125726,0.0,08,002027
125230,0,0,0,0,125230,0.0,08,002028
124700,0,0,0,0,124700,0.0,08,002029
124295,0,0,0,0,124295,0.0,08,002030
124393,0,0,0,0,124393,0.0,08,002031
124203,0,0,0,0,124203,0.0,08,002032
124373,0,0,0,0,124373,0.0,08,002033
124513,0,0,0,0,124513,0.0,08,002034
124534,0,0,0,0,124534,0.0,08,002035
124549,0,0,0,0,124549,0.0,08,002036
124653,0,0,0,0,124653,0.0,08,002037
125304,0,0,0,0,125304,0.0,08,002038
125284,0,0,0,0,125284,0.0,08,002039
125422,0,0,0,0,125422,0.0,08,002040
125493,0,0,0,0,125493,0.0,08,002041
125702,0,0,0,0,125702,0.0,08,002042
125761,0,0,0,0,125761,0.0,08,002043
125607,0,0,0,0,125607,0.0,08,002044
125418,0,0,0,0,125418,0.0,08,002045
124791,0,0,0,0,124791,0.0,08,002046
123780,0,0,0,0,123780,0.0,08,002047
122884,0,0,0,0,122884,0.0,08,002048
121585,0,0,0,0,121585,0.0,08,002049
121980,0,0,0,0,121980,0.0,08,002050
121065,0,0,0,0,121065,0.0,08,002051
121421,0,0,0,0,121421,0.0,08,002052
121985,0,0,0,0,121985,0.0,08,002053
120920,0,0,0,0,120920,0.0,08,002054
120335,0,0,0,0,120335,0.0,08,002055
120376,0,0,0,0,120376,0.0,08,002056
120977,0,0,0,0,120977,0.0,08,002057
120456,0,0,0,0,120456,0.0,08,002058
121395,0,0,0,0,121395,0.0,08,002059
123077,0,0,0,0,123077,0.0,08,002060
123619,0,0,0,0,123619,0.0,08,002061
123164,0,0,0,0,123164,0.0,08,002062
122588,0,0,0,0,122588,0.0,08,002063
122982,0,0,0,0,122982,0.0,08,002064
123197,0,0,0,0,123197,0.0,08,002065
123204,0,0,0,0,123204,0.0,08,002066
123518,0,0,0,0,123518,0.0,08,002067
124272,0,0,0,0,124272,0.0,08,002068
124889,0,0,0,0,124889,0.0,08,002069
124965,0,0,0,0,124965,0.0,08,002070
125216,0,0,0,0,125216,0.0,08,002071
124975,0,0,0,0,124975,0.0,08,002072
124636,0,0,0,0,124636,0.0,08,002073
124154,0,0,0,0,124154,0.0,08,002074
123213,0,0,0,0,123213,0.0,08,002075
121674,0,0,0,0,121674,0.0,08,002076
120293,0,0,0,0,120293,0.0,08,002077
119297,0,0,0,0,119297,0.0,08,002078
119041,0,0,0,0,119041,0.0,08,002079
118348,0,0,0,0,118348,0.0,08,002080
117291,0,0,0,0,117291,0.0,08,002081
117769,0,0,0,0,117769,0.0,08,002082
118103,0,0,0,0,118103,0.0,08,002083
118560,0,0,0,0,118560,0.0,08,002084
119696,0,0,0,0,119696,0.0,08,002085
120752,0,0,0,0,120752,0.0,08,002086
121310,0,0,0,0,121310,0.0,08,002087
122352,0,0,0,0,122352,0.0,08,002088
123510,0,0,0,0,123510,0.0,08,002089
123873,0,0,0,0,123873,0.0,08,002090
123818,0,0,0,0,123818,0.0,08,002091
124629,0,0,0,0,124629,0.0,08,002092
125042,0,0,0,0,125042,0.0,08,002093
125207,0,0,0,0,125207,0.0,08,002094
125302,0,0,0,0,125302,0.0,08,002095
125841,0,0,0,0,125841,0.0,08,002096
126183,0,0,0,0,126183,0.0,08,002097
126550,0,0,0,0,126550,0.0,08,002098
126886,0,0,0,0,126886,0.0,08,002099
127172,0,0,0,0,127172,0.0,08,002100
127383,0,0,0,0,127383,0.0,08,002101
127460,0,0,0,0,127460,0.0,08,002102
127527,0,0,0,0,127527,0.0,08,002103
127713,0,0,0,0,127713,0.0,08,002104
127826,0,0,0,0,127826,0.0,08,002105
127826,0,0,0,0,127826,0.0,08,002106
127841,0,0,0,0,127841,0.0,08,002107
127782,0,0,0,0,127782,0.0,08,002108
127806,0,0,0,0,127806,0.0,08,002109
127919,0,0,0,0,127919,0.0,08,002110
127996,0,0,0,0,127996,0.0,08,002111
128025,0,0,0,0,128025,0.0,08,002112
127906,0,0,0,0,127906,0.0,08,002113
127787,0,0,0,0,127787,0.0,08,002114
127704,0,0,0,0,127704,0.0,08,002115
127443,0,0,0,0,127443,0.0,08,002116
127440,0,0,0,0,127440,0.0,08,002117
127350,0,0,0,0,127350,0.0,08,002118
127245,0,0,0,0,127245,0.0,08,002119
127138,0,0,0,0,127138,0.0,08,002120
127277,0,0,0,0,127277,0.0,08,002121
126991,0,0,0,0,126991,0.0,08,002122
126734,0,0,0,0,126734,0.0,08,002123
126421,0,0,0,0,126421,0.0,08,002124
126155,0,0,0,0,126155,0.0,08,002125
125998,0,0,0,0,125998,0.0,08,002126
126320,0,0,0,0,126320,0.0,08,002127
126669,0,0,0,0,126669,0.0,08,002128
126295,0,0,0,0,126295,0.0,08,002129
126399,0,0,0,0,126399,0.0,08,002130
126442,0,0,0,0,126442,0.0,08,002131
126357,0,0,0,0,126357,0.0,08,002132
126294,0,0,0,0,126294,0.0,08,002133
126176,0,0,0,0,126176,0.0,08,002134
126022,0,0,0,0,126022,0.0,08,002135
125988,0,0,0,0,125988,0.0,08,002136
125826,0,0,0,0,125826,0.0,08,002137
125648,0,0,0,0,125648,0.0,08,002138
125755,0,0,0,0,125755,0.0,08,002139
125733,0,0,0,0,125733,0.0,08,002140
125646,0,0,0,0,125646,0.0,08,002141
125759,0,0,0,0,125759,0.0,08,002142
125768,0,0,0,0,125768,0.0,08,002143
125779,0,0,0,0,125779,0.0,08,002144
125721,0,0,0,0,125721,0.0,08,002145
125641,0,0,0,0,125641,0.0,08,002146
125650,0,0,0,0,125650,0.0,08,002147
125489,0,0,0,0,125489,0.0,08,002148
125475,0,0,0,0,125475,0.0,08,002149
125410,0,0,0,0,125410,0.0,08,002150
125289,0,0,0,0,125289,0.0,08,002151
125304,0,0,0,0,125304,0.0,08,002152
125274,0,0,0,0,125274,0.0,08,002153
125322,0,0,0,0,125322,0.0,08,002154
125206,0,0,0,0,125206,0.0,08,002155
125009,0,0,0,0,125009,0.0,08,002156
125171,0,0,0,0,125171,0.0,08,002157
125305,0,0,0,0,125305,0.0,08,002158
125437,0,0,0,0,125437,0.0,08,002159
125348,0,0,0,0,125348,0.0,08,002160
125383,0,0,0,0,125383,0.0,08,002161
125518,0,0,0,0,125518,0.0,08,002162
125509,0,0,0,0,125509,0.0,08,002163
125775,0,0,0,0,125775,0.0,08,002164
125989,0,0,0,0,125989,0.0,08,002165
125854,0,0,0,0,125854,0.0,08,002166
125768,0,0,0,0,125768,0.0,08,002167
125773,0,0,0,0,125773,0.0,08,002168
125775,0,0,0,0,125775,0.0,08,002169
125771,0,0,0,0,125771,0.0,08,002170
125783,0,0,0,0,125783,0.0,08,002171
125664,0,0,0,0,125664,0.0,08,002172
125303,0,0,0,0,125303,0.0,08,002173
125009,0,0,0,0,125009,0.0,08,002174
124874,0,0,0,0,124874,0.0,08,002175
124890,0,0,0,0,124890,0.0,08,002176
124609,0,0,0,0,124609,0.0,08,002177
124598,0,0,0,0,124598,0.0,08,002178
124675,0,0,0,0,124675,0.0,08,002179
124774,0,0,0,0,124774,0.0,08,002180
125281,0,0,0,0,125281,0.0,08,002181
125451,0,0,0,0,125451,0.0,08,002182
125748,0,0,0,0,125748,0.0,08,002183
125874,0,0,0,0,125874,0.0,08,002184
125817,0,0,0,0,125817,0.0,08,002185
125380,0,0,0,0,125380,0.0,08,002186
125031,0,0,0,0,125031,0.0,08,002187
124690,0,0,0,0,124690,0.0,08,002188
125063,0,0,0,0,125063,0.0,08,002189
125050,0,0,0,0,125050,0.0,08,002190
124571,0,0,0,0,124571,0.0,08,002191
123920,0,0,0,0,123920,0.0,08,002192
124198,0,0,0,0,124198,0.0,08,002193
125228,0,0,0,0,125228,0.0,08,002194
126126,0,0,0,0,126126,0.0,08,002195
126893,0,0,0,0,126893,0.0,08,002196
127054,0,0,0,0,127054,0.0,08,002197
127045,0,0,0,0,127045,0.0,08,002198
126932,0,0,0,0,126932,0.0,08,002199
127006,0,0,0,0,127006,0.0,08,002200
127125,0,0,0,0,127125,0.0,08,002201
127251,0,0,0,0,127251,0.0,08,002202
127496,0,0,0,0,127496,0.0,08,002203
127450,0,0,0,0,127450,0.0,08,002204
127375,0,0,0,0,127375,0.0,08,002205
127291,0,0,0,0,127291,0.0,08,002206
127154,0,0,0,0,127154,0.0,08,002207
126983,0,0,0,0,126983,0.0,08,002208
126682,0,0,0,0,126682,0.0,08,002209
126714,0,0,0,0,126714,0.0,08,002210
127529,0,0,0,0,127529,0.0,08,002211
127888,0,0,0,0,127888,0.0,08,002212
127437,0,0,0,0,127437,0.0,08,002213
126762,0,0,0,0,126762,0.0,08,002214
126482,0,0,0,0,126482,0.0,08,002215
126596,0,0,0,0,126596,0.0,08,002216
126742,0,0,0,0,126742,0.0,08,002217
126673,0,0,0,0,126673,0.0,08,002218
126673,0,0,0,0,126673,0.0,08,002219
126440,0,0,0,0,126440,0.0,08,002220
125726,0,0,0,0,125726,0.0,08,002221
125456,0,0,0,0,125456,0.0,08,002222
124893,0,0,0,0,124893,0.0,08,002223
125375,0,0,0,0,125375,0.0,08,002224
124146,0,0,0,0,124146,0.0,08,002225
123519,0,0,0,0,123519,0.0,08,002226
123300,0,0,0,0,123300,0.0,08,002227
122513,0,0,0,0,122513,0.0,08,002228
122339,0,0,0,0,122339,0.0,08,002229
122151,0,0,0,0,122151,0.0,08,002230
121315,0,0,0,0,121315,0.0,08,002231
121620,0,0,0,0,121620,0.0,08,002232
122601,0,0,0,0,122601,0.0,08,002233
123013,0,0,0,0,123013,0.0,08,002234
123438,0,0,0,0,123438,0.0,08,002235
123934,0,0,0,0,123934,0.0,08,002236
124352,0,0,0,0,124352,0.0,08,002237
124360,0,0,0,0,124360,0.0,08,002238
123945,0,0,0,0,123945,0.0,08,002239
123589,0,0,0,0,123589,0.0,08,002240
123727,0,0,0,0,123727,0.0,08,002241
123493,0,0,0,0,123493,0.0,08,002242
122920,0,0,0,0,122920,0.0,08,002243
123195,0,0,0,0,123195,0.0,08,002244
123277,0,0,0,0,123277,0.0,08,002245
122487,0,0,0,0,122487,0.0,08,002246
121697,0,0,0,0,121697,0.0,08,002247
121291,0,0,0,0,121291,0.0,08,002248
120743,0,0,0,0,120743,0.0,08,002249
120801,0,0,0,0,120801,0.0,08,002250
121349,0,0,0,0,121349,0.0,08,002251
121570,0,0,0,0,121570,0.0,08,002252
121755,0,0,0,0,121755,0.0,08,002253
122258,0,0,0,0,122258,0.0,08,002254
122878,0,0,0,0,122878,0.0,08,002255
123338,0,0,0,0,123338,0.0,08,002256
123569,0,0,0,0,123569,0.0,08,002257
123748,0,0,0,0,123748,0.0,08,002258
123794,0,0,0,0,123794,0.0,08,002259
123742,0,0,0,0,123742,0.0,08,002260
123631,0,0,0,0,123631,0.0,08,002261
123730,0,0,0,0,123730,0.0,08,002262
123505,0,0,0,0,123505,0.0,08,002263
123242,0,0,0,0,123242,0.0,08,002264
123028,0,0,0,0,123028,0.0,08,002265
122773,0,0,0,0,122773,0.0,08,002266
122917,0,0,0,0,122917,0.0,08,002267
123058,0,0,0,0,123058,0.0,08,002268
123181,0,0,0,0,123181,0.0,08,002269
123239,0,0,0,0,123239,0.0,08,002270
122988,0,0,0,0,122988,0.0,08,002271
122868,0,0,0,0,122868,0.0,08,002272
122840,0,0,0,0,122840,0.0,08,002273
123044,0,0,0,0,123044,0.0,08,002274
123433,0,0,0,0,123433,0.0,08,002275
123662,0,0,0,0,123662,0.0,08,002276
123878,0,0,0,0,123878,0.0,08,002277
124354,0,0,0,0,124354,0.0,08,002278
124666,0,0,0,0,124666,0.0,08,002279
124763,0,0,0,0,124763,0.0,08,002280
124643,0,0,0,0,124643,0.0,08,002281
124536,0,0,0,0,124536,0.0,08,002282
124356,0,0,0,0,124356,0.0,08,002283
124193,0,0,0,0,124193,0.0,08,002284
123931,0,0,0,0,123931,0.0,08,002285
123476,0,0,0,0,123476,0.0,08,002286
123672,0,0,0,0,123672,0.0,08,002287
123858,0,0,0,0,123858,0.0,08,002288
123665,0,0,0,0,123665,0.0,08,002289
123166,0,0,0,0,123166,0.0,08,002290
122839,0,0,0,0,122839,0.0,08,002291
122613,0,0,0,0,122613,0.0,08,002292
122554,0,0,0,0,122554,0.0,08,002293
122977,0,0,0,0,122977,0.0,08,002294
123253,0,0,0,0,123253,0.0,08,002295
123520,0,0,0,0,123520,0.0,08,002296
123835,0,0,0,0,123835,0.0,08,002297
123786,0,0,0,0,123786,0.0,08,002298
123603,0,0,0,0,123603,0.0,08,002299
123012,0,0,0,0,123012,0.0,08,002300
121965,0,0,0,0,121965,0.0,08,002301
122008,0,0,0,0,122008,0.0,08,002302
122768,0,0,0,0,122768,0.0,08,002303
122764,0,0,0,0,122764,0.0,08,002304
122417,0,0,0,0,122417,0.0,08,002305
121903,0,0,0,0,121903,0.0,08,002306
121844,0,0,0,0,121844,0.0,08,002307
121768,0,0,0,0,121768,0.0,08,002308
121973,0,0,0,0,121973,0.0,08,002309
122304,0,0,0,0,122304,0.0,08,002310
122106,0,0,0,0,122106,0.0,08,002311
122048,0,0,0,0,122048,0.0,08,002312
122515,0,0,0,0,122515,0.0,08,002313
123244,0,0,0,0,123244,0.0,08,002314
124033,0,0,0,0,124033,0.0,08,002315
125064,0,0,0,0,125064,0.0,08,002316
125713,0,0,0,0,125713,0.0,08,002317
126032,0,0,0,0,126032,0.0,08,002318
126065,0,0,0,0,126065,0.0,08,002319
125980,0,0,0,0,125980,0.0,08,002320
125618,0,0,0,0,125618,0.0,08,002321
125131,0,0,0,0,125131,0.0,08,002322
124820,0,0,0,0,124820,0.0,08,002323
124420,0,0,0,0,124420,0.0,08,002324
123529,0,0,0,0,123529,0.0,08,002325
122468,0,0,0,0,122468,0.0,08,002326
121151,0,0,0,0,121151,0.0,08,002327
120158,0,0,0,0,120158,0.0,08,002328
119847,0,0,0,0,119847,0.0,08,002329
119445,0,0,0,0,119445,0.0,08,002330
118735,0,0,0,0,118735,0.0,08,002331
116642,0,0,0,0,116642,0.0,08,002332
117130,0,0,0,0,117130,0.0,08,002333
117699,0,0,0,0,117699,0.0,08,002334
117382,0,0,0,0,117382,0.0,08,002335
116816,0,0,0,0,116816,0.0,08,002336
116082,0,0,0,0,116082,0.0,08,002337
114841,0,0,0,0,114841,0.0,08,002338
114107,0,0,0,0,114107,0.0,08,002339
112599,0,0,0,0,112599,0.0,08,002340
109635,0,0,0,0,109635,0.0,08,002341
106289,0,0,0,0,106289,0.0,08,002342
104675,0,0,0,0,104675,0.0,08,002343
103308,0,0,0,0,103308,0.0,08,002344
102273,0,0,0,0,102273,0.0,08,002345
102020,0,0,0,0,102020,0.0,08,002346
102435,0,0,0,0,102435,0.0,08,002347
101092,0,0,0,0,101092,0.0,08,002348
101277,0,0,0,0,101277,0.0,08,002349
103059,0,0,0,0,103059,0.0,08,002350
103087,0,0,0,0,103087,0.0,08,002351
104377,0,0,0,0,104377,0.0,08,002352
105973,0,0,0,0,105973,0.0,08,002353
107294,0,0,0,0,107294,0.0,08,002354
107827,0,0,0,0,107827,0.0,08,002355
108259,0,0,0,0,108259,0.0,08,002356
108714,0,0,0,0,108714,0.0,08,002357
109974,0,0,0,0,109974,0.0,08,002358
110907,0,0,0,0,110907,0.0,08,002359
111344,0,0,0,0,111344,0.0,08,002360
111227,0,0,0,0,111227,0.0,08,002361
110887,0,0,0,0,110887,0.0,08,002362
110479,0,0,0,0,110479,0.0,08,002363
110920,0,0,0,0,110920,0.0,08,002364
112363,0,0,0,0,112363,0.0,08,002365
113424,0,0,0,0,113424,0.0,08,002366
114508,0,0,0,0,114508,0.0,08,002367
115770,0,0,0,0,115770,0.0,08,002368
117120,0,0,0,0,117120,0.0,08,002369
118117,0,0,0,0,118117,0.0,08,002370
119039,0,0,0,0,119039,0.0,08,002371
119950,0,0,0,0,119950,0.0,08,002372
120557,0,0,0,0,120557,0.0,08,002373
121198,0,0,0,0,121198,0.0,08,002374
121605,0,0,0,0,121605,0.0,08,002375
121957,0,0,0,0,121957,0.0,08,002376
122672,0,0,0,0,122672,0.0,08,002377
123299,0,0,0,0,123299,0.0,08,002378
123447,0,0,0,0,123447,0.0,08,002379
123724,0,0,0,0,123724,0.0,08,002380
123851,0,0,0,0,123851,0.0,08,002381
123978,0,0,0,0,123978,0.0,08,002382
124165,0,0,0,0,124165,0.0,08,002383
124150,0,0,0,0,124150,0.0,08,002384
124128,0,0,0,0,124128,0.0,08,002385
124098,0,0,0,0,124098,0.0,08,002386
124034,0,0,0,0,124034,0.0,08,002387
124041,0,0,0,0,124041,0.0,08,002388
123646,0,0,0,0,123646,0.0,08,002389
123031,0,0,0,0,123031,0.0,08,002390
122322,0,0,0,0,122322,0.0,08,002391
121531,0,0,0,0,121531,0.0,08,002392
120117,0,0,0,0,120117,0.0,08,002393
119064,0,0,0,0,119064,0.0,08,002394
118468,0,0,0,0,118468,0.0,08,002395
118614,0,0,0,0,118614,0.0,08,002396
118592,0,0,0,0,118592,0.0,08,002397
118776,0,0,0,0,118776,0.0,08,002398
117530,0,0,0,0,117530,0.0,08,002399
117429,0,0,0,0,117429,0.0,08,002400
118110,0,0,0,0,118110,0.0,08,002401
119434,0,0,0,0,119434,0.0,08,002402
120865,0,0,0,0,120865,0.0,08,002403
121827,0,0,0,0,121827,0.0,08,002404
122488,0,0,0,0,122488,0.0,08,002405
123201,0,0,0,0,123201,0.0,08,002406
123843,0,0,0,0,123843,0.0,08,002407
124798,0,0,0,0,124798,0.0,08,002408
125373,0,0,0,0,125373,0.0,08,002409
124907,0,0,0,0,124907,0.0,08,002410
124028,0,0,0,0,124028,0.0,08,002411
122345,0,0,0,0,122345,0.0,08,002412
123068,0,0,0,0,123068,0.0,08,002413
122856,0,0,0,0,122856,0.0,08,002414
122523,0,0,0,0,122523,0.0,08,002415
122950,0,0,0,0,122950,0.0,08,002416
123841,0,0,0,0,123841,0.0,08,002417
124139,0,0,0,0,124139,0.0,08,002418
124659,0,0,0,0,124659,0.0,08,002419
125038,0,0,0,0,125038,0.0,08,002420
125455,0,0,0,0,125455,0.0,08,002421
125210,0,0,0,0,125210,0.0,08,002422
124518,0,0,0,0,124518,0.0,08,002423
123312,0,0,0,0,123312,0.0,08,002424
121905,0,0,0,0,121905,0.0,08,002425
120421,0,0,0,0,120421,0.0,08,002426
119680,0,0,0,0,119680,0.0,08,002427
119002,0,0,0,0,119002,0.0,08,002428
118489,0,0,0,0,118489,0.0,08,002429
118952,0,0,0,0,118952,0.0,08,002430
118423,0,0,0,0,118423,0.0,08,002431
117487,0,0,0,0,117487,0.0,08,002432
116655,0,0,0,0,116655,0.0,08,002433
116121,0,0,0,0,116121,0.0,08,002434
115778,0,0,0,0,115778,0.0,08,002435
115237,0,0,0,0,115237,0.0,08,002436
114441,0,0,0,0,114441,0.0,08,002437
114036,0,0,0,0,114036,0.0,08,002438
114885,0,0,0,0,114885,0.0,08,002439
114896,0,0,0,0,114896,0.0,08,002440
115816,0,0,0,0,115816,0.0,08,002441
115885,0,0,0,0,115885,0.0,08,002442
115934,0,0,0,0,115934,0.0,08,002443
116816,0,0,0,0,116816,0.0,08,002444
116971,0,0,0,0,116971,0.0,08,002445
116293,0,0,0,0,116293,0.0,08,002446
115948,0,0,0,0,115948,0.0,08,002447
115280,0,0,0,0,115280,0.0,08,002448
115524,0,0,0,0,115524,0.0,08,002449
115859,0,0,0,0,115859,0.0,08,002450
116224,0,0,0,0,116224,0.0,08,002451
116698,0,0,0,0,116698,0.0,08,002452
116817,0,0,0,0,116817,0.0,08,002453
117127,0,0,0,0,117127,0.0,08,002454
117557,0,0,0,0,117557,0.0,08,002455
117200,0,0,0,0,117200,0.0,08,002456
116691,0,0,0,0,116691,0.0,08,002457
116016,0,0,0,0,116016,0.0,08,002458
115998,0,0,0,0,115998,0.0,08,002459
116384,0,0,0,0,116384,0.0,08,002460
116933,0,0,0,0,116933,0.0,08,002461
117116,0,0,0,0,117116,0.0,08,002462
117091,0,0,0,0,117091,0.0,08,002463
117373,0,0,0,0,117373,0.0,08,002464
117998,0,0,0,0,117998,0.0,08,002465
118705,0,0,0,0,118705,0.0,08,002466
119039,0,0,0,0,119039,0.0,08,002467
118949,0,0,0,0,118949,0.0,08,002468
119298,0,0,0,0,119298,0.0,08,002469
119656,0,0,0,0,119656,0.0,08,002470
119850,0,0,0,0,119850,0.0,08,002471
119670,0,0,0,0,119670,0.0,08,002472
119914,0,0,0,0,119914,0.0,08,002473
120150,0,0,0,0,120150,0.0,08,002474
120454,0,0,0,0,120454,0.0,08,002475
120491,0,0,0,0,120491,0.0,08,002476
120745,0,0,0,0,120745,0.0,08,002477
120794,0,0,0,0,120794,0.0,08,002478
121008,0,0,0,0,121008,0.0,08,002479
121391,0,0,0,0,121391,0.0,08,002480
121733,0,0,0,0,121733,0.0,08,002481
122198,0,0,0,0,122198,0.0,08,002482
122636,0,0,0,0,122636,0.0,08,002483
122846,0,0,0,0,122846,0.0,08,002484
123096,0,0,0,0,123096,0.0,08,002485
123244,0,0,0,0,123244,0.0,08,002486
123609,0,0,0,0,123609,0.0,08,002487
123801,0,0,0,0,123801,0.0,08,002488
124186,0,0,0,0,124186,0.0,08,002489
124473,0,0,0,0,124473,0.0,08,002490
124591,0,0,0,0,124591,0.0,08,002491
124452,0,0,0,0,124452,0.0,08,002492
124614,0,0,0,0,124614,0.0,08,002493
124724,0,0,0,0,124724,0.0,08,002494
124718,0,0,0,0,124718,0.0,08,002495
124809,0,0,0,0,124809,0.0,08,002496
124822,0,0,0,0,124822,0.0,08,002497
124917,0,0,0,0,124917,0.0,08,002498
124662,0,0,0,0,124662,0.0,08,002499
124829,0,0,0,0,124829,0.0,08,002500
124932,0,0,0,0,124932,0.0,08,002501
124971,0,0,0,0,124971,0.0,08,002502
124997,0,0,0,0,124997,0.0,08,002503
125074,0,0,0,0,125074,0.0,08,002504
125159,0,0,0,0,125159,0.0,08,002505
125100,0,0,0,0,125100,0.0,08,002506
125255,0,0,0,0,125255,0.0,08,002507
125304,0,0,0,0,125304,0.0,08,002508
125368,0,0,0,0,125368,0.0,08,002509
125387,0,0,0,0,125387,0.0,08,002510
125349,0,0,0,0,125349,0.0,08,002511
125426,0,0,0,0,125426,0.0,08,002512
125339,0,0,0,0,125339,0.0,08,002513
125298,0,0,0,0,125298,0.0,08,002514
125202,0,0,0,0,125202,0.0,08,002515
125059,0,0,0,0,125059,0.0,08,002516
125039,0,0,0,0,125039,0.0,08,002517
125188,0,0,0,0,125188,0.0,08,002518
125024,0,0,0,0,125024,0.0,08,002519
125062,0,0,0,0,125062,0.0,08,002520
124818,0,0,0,0,124818,0.0,08,002521
124644,0,0,0,0,124644,0.0,08,002522
124577,0,0,0,0,124577,0.0,08,002523
124367,0,0,0,0,124367,0.0,08,002524
124407,0,0,0,0,124407,0.0,08,002525
124284,0,0,0,0,124284,0.0,08,002526
123844,0,0,0,0,123844,0.0,08,002527
123814,0,0,0,0,123814,0.0,08,002528
123725,0,0,0,0,123725,0.0,08,002529
123906,0,0,0,0,123906,0.0,08,002530
123974,0,0,0,0,123974,0.0,08,002531
123936,0,0,0,0,123936,0.0,08,002532
123505,0,0,0,0,123505,0.0,08,002533
122946,0,0,0,0,122946,0.0,08,002534
122594,0,0,0,0,122594,0.0,08,002535
121865,0,0,0,0,121865,0.0,08,002536
121096,0,0,0,0,121096,0.0,08,002537
120037,0,0,0,0,120037,0.0,08,002538
119058,0,0,0,0,119058,0.0,08,002539
118241,0,0,0,0,118241,0.0,08,002540
117440,0,0,0,0,117440,0.0,08,002541
116836,0,0,0,0,116836,0.0,08,002542
116975,0,0,0,0,116975,0.0,08,002543
116904,0,0,0,0,116904,0.0,08,002544
116601,0,0,0,0,116601,0.0,08,002545
116827,0,0,0,0,116827,0.0,08,002546
116770,0,0,0,0,116770,0.0,08,002547
117358,0,0,0,0,117358,0.0,08,002548
117411,0,0,0,0,117411,0.0,08,002549
117659,0,0,0,0,117659,0.0,08,002550
117649,0,0,0,0,117649,0.0,08,002551
117554,0,0,0,0,117554,0.0,08,002552
117284,0,0,0,0,117284,0.0,08,002553
116809,0,0,0,0,116809,0.0,08,002554
116339,0,0,0,0,116339,0.0,08,002555
116250,0,0,0,0,116250,0.0,08,002556
116783,0,0,0,0,116783,0.0,08,002557
117580,0,0,0,0,117580,0.0,08,002558
118480,0,0,0,0,118480,0.0,08,002559
119444,0,0,0,0,119444,0.0,08,002560
120071,0,0,0,0,120071,0.0,08,002561
121113,0,0,0,0,121113,0.0,08,002562
121725,0,0,0,0,121725,0.0,08,002563
120918,0,0,0,0,120918,0.0,08,002564
121330,0,0,0,0,121330,0.0,08,002565
122207,0,0,0,0,122207,0.0,08,002566
122842,0,0,0,0,122842,0.0,08,002567
123333,0,0,0,0,123333,0.0,08,002568
123564,0,0,0,0,123564,0.0,08,002569
123586,0,0,0,0,123586,0.0,08,002570
124085,0,0,0,0,124085,0.0,08,002571
124161,0,0,0,0,124161,0.0,08,002572
124484,0,0,0,0,124484,0.0,08,002573
124719,0,0,0,0,124719,0.0,08,002574
125028,0,0,0,0,125028,0.0,08,002575
125012,0,0,0,0,125012,0.0,08,002576
124557,0,0,0,0,124557,0.0,08,002577
124500,0,0,0,0,124500,0.0,08,002578
124324,0,0,0,0,124324,0.0,08,002579
124496,0,0,0,0,124496,0.0,08,002580
124976,0,0,0,0,124976,0.0,08,002581
125272,0,0,0,0,125272,0.0,08,002582
125707,0,0,0,0,125707,0.0,08,002583
125905,0,0,0,0,125905,0.0,08,002584
126069,0,0,0,0,126069,0.0,08,002585
126323,0,0,0,0,126323,0.0,08,002586
126351,0,0,0,0,126351,0.0,08,002587
126383,0,0,0,0,126383,0.0,08,002588
126135,0,0,0,0,126135,0.0,08,002589
125836,0,0,0,0,125836,0.0,08,002590
125621,0,0,0,0,125621,0.0,08,002591
124987,0,0,0,0,124987,0.0,08,002592
124560,0,0,0,0,124560,0.0,08,002593
124135,0,0,0,0,124135,0.0,08,002594
124286,0,0,0,0,124286,0.0,08,002595
124411,0,0,0,0,124411,0.0,08,002596
124426,0,0,0,0,124426,0.0,08,002597
124248,0,0,0,0,124248,0.0,08,002598
124127,0,0,0,0,124127,0.0,08,002599
123620,0,0,0,0,123620,0.0,08,002600
123141,0,0,0,0,123141,0.0,08,002601
122538,0,0,0,0,122538,0.0,08,002602
122072,0,0,0,0,122072,0.0,08,002603
121766,0,0,0,0,121766,0.0,08,002604
121730,0,0,0,0,121730,0.0,08,002605
121481,0,0,0,0,121481,0.0,08,002606
121785,0,0,0,0,121785,0.0,08,002607
121882,0,0,0,0,121882,0.0,08,002608
121806,0,0,0,0,121806,0.0,08,002609
122144,0,0,0,0,122144,0.0,08,002610
122220,0,0,0,0,122220,0.0,08,002611
122274,0,0,0,0,122274,0.0,08,002612
122154,0,0,0,0,122154,0.0,08,002613
122088,0,0,0,0,122088,0.0,08,002614
122006,0,0,0,0,122006,0.0,08,002615
122216,0,0,0,0,122216,0.0,08,002616
122539,0,0,0,0,122539,0.0,08,002617
122680,0,0,0,0,122680,0.0,08,002618
122944,0,0,0,0,122944,0.0,08,002619
123281,0,0,0,0,123281,0.0,08,002620
123624,0,0,0,0,123624,0.0,08,002621
123749,0,0,0,0,123749,0.0,08,002622
123729,0,0,0,0,123729,0.0,08,002623
123767,0,0,0,0,123767,0.0,08,002624
123954,0,0,0,0,123954,0.0,08,002625
124040,0,0,0,0,124040,0.0,08,002626
124221,0,0,0,0,124221,0.0,08,002627
124200,0,0,0,0,124200,0.0,08,002628
124274,0,0,0,0,124274,0.0,08,002629
124318,0,0,0,0,124318,0.0,08,002630
124634,0,0,0,0,124634,0.0,08,002631
124716,0,0,0,0,124716,0.0,08,002632
124837,0,0,0,0,124837,0.0,08,002633
124806,0,0,0,0,124806,0.0,08,002634
124697,0,0,0,0,124697,0.0,08,002635
124677,0,0,0,0,124677,0.0,08,002636
124622,0,0,0,0,124622,0.0,08,002637
124857,0,0,0,0,124857,0.0,08,002638
125244,0,0,0,0,125244,0.0,08,002639
125283,0,0,0,0,125283,0.0,08,002640
125236,0,0,0,0,125236,0.0,08,002641
125263,0,0,0,0,125263,0.0,08,002642
125109,0,0,0,0,125109,0.0,08,002643
125355,0,0,0,0,125355,0.0,08,002644
125530,0,0,0,0,125530,0.0,08,002645
125720,0,0,0,0,125720,0.0,08,002646
125843,0,0,0,0,125843,0.0,08,002647
126114,0,0,0,0,126114,0.0,08,002648
126225,0,0,0,0,126225,0.0,08,002649
126305,0,0,0,0,126305,0.0,08,002650
126402,0,0,0,0,126402,0.0,08,002651
126400,0,0,0,0,126400,0.0,08,002652
126433,0,0,0,0,126433,0.0,08,002653
126388,0,0,0,0,126388,0.0,08,002654
126276,0,0,0,0,126276,0.0,08,002655
126067,0,0,0,0,126067,0.0,08,002656
125817,0,0,0,0,125817,0.0,08,002657
125683,0,0,0,0,125683,0.0,08,002658
125651,0,0,0,0,125651,0.0,08,002659
125250,0,0,0,0,125250,0.0,08,002660
124622,0,0,0,0,124622,0.0,08,002661
124117,0,0,0,0,124117,0.0,08,002662
123218,0,0,0,0,123218,0.0,08,002663
121918,0,0,0,0,121918,0.0,08,002664
120729,0,0,0,0,120729,0.0,08,002665
120024,0,0,0,0,120024,0.0,08,002666
119527,0,0,0,0,119527,0.0,08,002667
119014,0,0,0,0,119014,0.0,08,002668
119749,0,0,0,0,119749,0.0,08,002669
119423,0,0,0,0,119423,0.0,08,002670
119401,0,0,0,0,119401,0.0,08,002671
119989,0,0,0,0,119989,0.0,08,002672
121437,0,0,0,0,121437,0.0,08,002673
122120,0,0,0,0,122120,0.0,08,002674
122985,0,0,0,0,122985,0.0,08,002675
122734,0,0,0,0,122734,0.0,08,002676
122190,0,0,0,0,122190,0.0,08,002677
121581,0,0,0,0,121581,0.0,08,002678
120851,0,0,0,0,120851,0.0,08,002679
119509,0,0,0,0,119509,0.0,08,002680
118277,0,0,0,0,118277,0.0,08,002681
115260,0,0,0,0,115260,0.0,08,002682
111789,0,0,0,0,111789,0.0,08,002683
110175,0,0,0,0,110175,0.0,08,002684
109866,0,0,0,0,109866,0.0,08,002685
108278,0,0,0,0,108278,0.0,08,002686
109563,0,0,0,0,109563,0.0,08,002687
110475,0,0,0,0,110475,0.0,08,002688
109217,0,0,0,0,109217,0.0,08,002689
109012,0,0,0,0,109012,0.0,08,002690
110175,0,0,0,0,110175,0.0,08,002691
111395,0,0,0,0,111395,0.0,08,002692
113375,0,0,0,0,113375,0.0,08,002693
115111,0,0,0,0,115111,0.0,08,002694
115771,0,0,0,0,115771,0.0,08,002695
116358,0,0,0,0,116358,0.0,08,002696
115670,0,0,0,0,115670,0.0,08,002697
115290,0,0,0,0,115290,0.0,08,002698
116239,0,0,0,0,116239,0.0,08,002699
118150,0,0,0,0,118150,0.0,08,002700
120488,0,0,0,0,120488,0.0,08,002701
121498,0,0,0,0,121498,0.0,08,002702
121362,0,0,0,0,121362,0.0,08,002703
121128,0,0,0,0,121128,0.0,08,002704
121221,0,0,0,0,121221,0.0,08,002705
122263,0,0,0,0,122263,0.0,08,002706
122175,0,0,0,0,122175,0.0,08,002707
122004,0,0,0,0,122004,0.0,08,002708
121606,0,0,0,0,121606,0.0,08,002709
121789,0,0,0,0,121789,0.0,08,002710
122298,0,0,0,0,122298,0.0,08,002711
122875,0,0,0,0,122875,0.0,08,002712
122441,0,0,0,0,122441,0.0,08,002713
122548,0,0,0,0,122548,0.0,08,002714
123022,0,0,0,0,123022,0.0,08,002715
123362,0,0,0,0,123362,0.0,08,002716
123921,0,0,0,0,123921,0.0,08,002717
123668,0,0,0,0,123668,0.0,08,002718
123230,0,0,0,0,123230,0.0,08,002719
122917,0,0,0,0,122917,0.0,08,002720
122261,0,0,0,0,122261,0.0,08,002721
122072,0,0,0,0,122072,0.0,08,002722
122229,0,0,0,0,122229,0.0,08,002723
121257,0,0,0,0,121257,0.0,08,002724
120381,0,0,0,0,120381,0.0,08,002725
118769,0,0,0,0,118769,0.0,08,002726
116700,0,0,0,0,116700,0.0,08,002727
116141,0,0,0,0,116141,0.0,08,002728
115770,0,0,0,0,115770,0.0,08,002729
114660,0,0,0,0,114660,0.0,08,002730
114897,0,0,0,0,114897,0.0,08,002731
115490,0,0,0,0,115490,0.0,08,002732
116299,0,0,0,0,116299,0.0,08,002733
117790,0,0,0,0,117790,0.0,08,002734
119964,0,0,0,0,119964,0.0,08,002735
121683,0,0,0,0,121683,0.0,08,002736
122311,0,0,0,0,122311,0.0,08,002737
122169,0,0,0,0,122169,0.0,08,002738
121325,0,0,0,0,121325,0.0,08,002739
121094,0,0,0,0,121094,0.0,08,002740
120345,0,0,0,0,120345,0.0,08,002741
121806,0,0,0,0,121806,0.0,08,002742
123335,0,0,0,0,123335,0.0,08,002743
123861,0,0,0,0,123861,0.0,08,002744
124224,0,0,0,0,124224,0.0,08,002745
124338,0,0,0,0,124338,0.0,08,002746
124296,0,0,0,0,124296,0.0,08,002747
124381,0,0,0,0,124381,0.0,08,002748
124241,0,0,0,0,124241,0.0,08,002749
123868,0,0,0,0,123868,0.0,08,002750
123439,0,0,0,0,123439,0.0,08,002751
123318,0,0,0,0,123318,0.0,08,002752
122450,0,0,0,0,122450,0.0,08,002753
120731,0,0,0,0,120731,0.0,08,002754
118983,0,0,0,0,118983,0.0,08,002755
117307,0,0,0,0,117307,0.0,08,002756
115696,0,0,0,0,115696,0.0,08,002757
115619,0,0,0,0,115619,0.0,08,002758
115814,0,0,0,0,115814,0.0,08,002759
115457,0,0,0,0,115457,0.0,08,002760
116216,0,0,0,0,116216,0.0,08,002761
117935,0,0,0,0,117935,0.0,08,002762
118554,0,0,0,0,118554,0.0,08,002763
119461,0,0,0,0,119461,0.0,08,002764
119569,0,0,0,0,119569,0.0,08,002765
118850,0,0,0,0,118850,0.0,08,002766
118588,0,0,0,0,118588,0.0,08,002767
118965,0,0,0,0,118965,0.0,08,002768
117915,0,0,0,0,117915,0.0,08,002769
116568,0,0,0,0,116568,0.0,08,002770
115927,0,0,0,0,115927,0.0,08,002771
115162,0,0,0,0,115162,0.0,08,002772
114336,0,0,0,0,114336,0.0,08,002773
113284,0,0,0,0,113284,0.0,08,002774
113367,0,0,0,0,113367,0.0,08,002775
114467,0,0,0,0,114467,0.0,08,002776
117197,0,0,0,0,117197,0.0,08,002777
118782,0,0,0,0,118782,0.0,08,002778
119038,0,0,0,0,119038,0.0,08,002779
119688,0,0,0,0,119688,0.0,08,002780
120712,0,0,0,0,120712,0.0,08,002781
121437,0,0,0,0,121437,0.0,08,002782
121069,0,0,0,0,121069,0.0,08,002783
120160,0,0,0,0,120160,0.0,08,002784
120830,0,0,0,0,120830,0.0,08,002785
120835,0,0,0,0,120835,0.0,08,002786
120637,0,0,0,0,120637,0.0,08,002787
120842,0,0,0,0,120842,0.0,08,002788
121279,0,0,0,0,121279,0.0,08,002789
121474,0,0,0,0,121474,0.0,08,002790
122137,0,0,0,0,122137,0.0,08,002791
123375,0,0,0,0,123375,0.0,08,002792
123816,0,0,0,0,123816,0.0,08,002793
124288,0,0,0,0,124288,0.0,08,002794
124493,0,0,0,0,124493,0.0,08,002795
124635,0,0,0,0,124635,0.0,08,002796
124393,0,0,0,0,124393,0.0,08,002797
124301,0,0,0,0,124301,0.0,08,002798
124020,0,0,0,0,124020,0.0,08,002799
123307,0,0,0,0,123307,0.0,08,002800
122993,0,0,0,0,122993,0.0,08,002801
123082,0,0,0,0,123082,0.0,08,002802
122950,0,0,0,0,122950,0.0,08,002803
121833,0,0,0,0,121833,0.0,08,002804
120698,0,0,0,0,120698,0.0,08,002805
120454,0,0,0,0,120454,0.0,08,002806
120108,0,0,0,0,120108,0.0,08,002807
119051,0,0,0,0,119051,0.0,08,002808
117836,0,0,0,0,117836,0.0,08,002809
117450,0,0,0,0,117450,0.0,08,002810
117963,0,0,0,0,117963,0.0,08,002811
119733,0,0,0,0,119733,0.0,08,002812
122657,0,0,0,0,122657,0.0,08,002813
122729,0,0,0,0,122729,0.0,08,002814
121942,0,0,0,0,121942,0.0,08,002815
119756,0,0,0,0,119756,0.0,08,002816
119362,0,0,0,0,119362,0.0,08,002817
117958,0,0,0,0,117958,0.0,08,002818
118592,0,0,0,0,118592,0.0,08,002819
119908,0,0,0,0,119908,0.0,08,002820
120984,0,0,0,0,120984,0.0,08,002821
122004,0,0,0,0,122004,0.0,08,002822
122501,0,0,0,0,122501,0.0,08,002823
123047,0,0,0,0,123047,0.0,08,002824
123012,0,0,0,0,123012,0.0,08,002825
122185,0,0,0,0,122185,0.0,08,002826
120963,0,0,0,0,120963,0.0,08,002827
120029,0,0,0,0,120029,0.0,08,002828
119516,0,0,0,0,119516,0.0,08,002829
120257,0,0,0,0,120257,0.0,08,002830
120226,0,0,0,0,120226,0.0,08,002831
119519,0,0,0,0,119519,0.0,08,002832
118876,0,0,0,0,118876,0.0,08,002833
116247,0,0,0,0,116247,0.0,08,002834
116324,0,0,0,0,116324,0.0,08,002835
117756,0,0,0,0,117756,0.0,08,002836
119314,0,0,0,0,119314,0.0,08,002837
119718,0,0,0,0,119718,0.0,08,002838
119368,0,0,0,0,119368,0.0,08,002839
118856,0,0,0,0,118856,0.0,08,002840
118144,0,0,0,0,118144,0.0,08,002841
117400,0,0,0,0,117400,0.0,08,002842
115565,0,0,0,0,115565,0.0,08,002843
115547,0,0,0,0,115547,0.0,08,002844
116684,0,0,0,0,116684,0.0,08,002845
117643,0,0,0,0,117643,0.0,08,002846
116875,0,0,0,0,116875,0.0,08,002847
115862,0,0,0,0,115862,0.0,08,002848
115751,0,0,0,0,115751,0.0,08,002849
115691,0,0,0,0,115691,0.0,08,002850
116016,0,0,0,0,116016,0.0,08,002851
116553,0,0,0,0,116553,0.0,08,002852
116604,0,0,0,0,116604,0.0,08,002853
117048,0,0,0,0,117048,0.0,08,002854
117562,0,0,0,0,117562,0.0,08,002855
119082,0,0,0,0,119082,0.0,08,002856
120143,0,0,0,0,120143,0.0,08,002857
120827,0,0,0,0,120827,0.0,08,002858
121513,0,0,0,0,121513,0.0,08,002859
121568,0,0,0,0,121568,0.0,08,002860
121895,0,0,0,0,121895,0.0,08,002861
122091,0,0,0,0,122091,0.0,08,002862
122385,0,0,0,0,122385,0.0,08,002863
122196,0,0,0,0,122196,0.0,08,002864
122072,0,0,0,0,122072,0.0,08,002865
122482,0,0,0,0,122482,0.0,08,002866
122464,0,0,0,0,122464,0.0,08,002867
122021,0,0,0,0,122021,0.0,08,002868
122073,0,0,0,0,122073,0.0,08,002869
122360,0,0,0,0,122360,0.0,08,002870
122463,0,0,0,0,122463,0.0,08,002871
122787,0,0,0,0,122787,0.0,08,002872
122759,0,0,0,0,122759,0.0,08,002873
122687,0,0,0,0,122687,0.0,08,002874
122543,0,0,0,0,122543,0.0,08,002875
122351,0,0,0,0,122351,0.0,08,002876
121658,0,0,0,0,121658,0.0,08,002877
121419,0,0,0,0,121419,0.0,08,002878
121636,0,0,0,0,121636,0.0,08,002879
121001,0,0,0,0,121001,0.0,08,002880
120141,0,0,0,0,120141,0.0,08,002881
119345,0,0,0,0,119345,0.0,08,002882
119589,0,0,0,0,119589,0.0,08,002883
118741,0,0,0,0,118741,0.0,08,002884
117980,0,0,0,0,117980,0.0,08,002885
116512,0,0,0,0,116512,0.0,08,002886
116418,0,0,0,0,116418,0.0,08,002887
116259,0,0,0,0,116259,0.0,08,002888
116111,0,0,0,0,116111,0.0,08,002889
116458,0,0,0,0,116458,0.0,08,002890
117333,0,0,0,0,117333,0.0,08,002891
118313,0,0,0,0,118313,0.0,08,002892
118114,0,0,0,0,118114,0.0,08,002893
117417,0,0,0,0,117417,0.0,08,002894
117795,0,0,0,0,117795,0.0,08,002895
118787,0,0,0,0,118787,0.0,08,002896
119834,0,0,0,0,119834,0.0,08,002897
120962,0,0,0,0,120962,0.0,08,002898
121252,0,0,0,0,121252,0.0,08,002899
121425,0,0,0,0,121425,0.0,08,002900
121534,0,0,0,0,121534,0.0,08,002901
121305,0,0,0,0,121305,0.0,08,002902
121227,0,0,0,0,121227,0.0,08,002903
120945,0,0,0,0,120945,0.0,08,002904
120407,0,0,0,0,120407,0.0,08,002905
119421,0,0,0,0,119421,0.0,08,002906
117903,0,0,0,0,117903,0.0,08,002907
116639,0,0,0,0,116639,0.0,08,002908
116252,0,0,0,0,116252,0.0,08,002909
116004,0,0,0,0,116004,0.0,08,002910
115555,0,0,0,0,115555,0.0,08,002911
114796,0,0,0,0,114796,0.0,08,002912
115076,0,0,0,0,115076,0.0,08,002913
114849,0,0,0,0,114849,0.0,08,002914
114890,0,0,0,0,114890,0.0,08,002915
114141,0,0,0,0,114141,0.0,08,002916
113160,0,0,0,0,113160,0.0,08,002917
113241,0,0,0,0,113241,0.0,08,002918
111654,0,0,0,0,111654,0.0,08,002919
110633,0,0,0,0,110633,0.0,08,002920
109816,0,0,0,0,109816,0.0,08,002921
109381,0,0,0,0,109381,0.0,08,002922
109114,0,0,0,0,109114,0.0,08,002923
108076,0,0,0,0,108076,0.0,08,002924
106589,0,0,0,0,106589,0.0,08,002925
108152,0,0,0,0,108152,0.0,08,002926
109615,0,0,0,0,109615,0.0,08,002927
110778,0,0,0,0,110778,0.0,08,002928
112527,0,0,0,0,112527,0.0,08,002929
114046,0,0,0,0,114046,0.0,08,002930
116190,0,0,0,0,116190,0.0,08,002931
117378,0,0,0,0,117378,0.0,08,002932
118569,0,0,0,0,118569,0.0,08,002933
119792,0,0,0,0,119792,0.0,08,002934
121130,0,0,0,0,121130,0.0,08,002935
122108,0,0,0,0,122108,0.0,08,002936
122626,0,0,0,0,122626,0.0,08,002937
122880,0,0,0,0,122880,0.0,08,002938
123212,0,0,0,0,123212,0.0,08,002939
123479,0,0,0,0,123479,0.0,08,002940
123738,0,0,0,0,123738,0.0,08,002941
123952,0,0,0,0,123952,0.0,08,002942
123958,0,0,0,0,123958,0.0,08,002943
123916,0,0,0,0,123916,0.0,08,002944
123672,0,0,0,0,123672,0.0,08,002945
123687,0,0,0,0,123687,0.0,08,002946
123554,0,0,0,0,123554,0.0,08,002947
123385,0,0,0,0,123385,0.0,08,002948
123177,0,0,0,0,123177,0.0,08,002949
123072,0,0,0,0,123072,0.0,08,002950
122859,0,0,0,0,122859,0.0,08,002951
122728,0,0,0,0,122728,0.0,08,002952
122727,0,0,0,0,122727,0.0,08,002953
122541,0,0,0,0,122541,0.0,08,002954
122438,0,0,0,0,122438,0.0,08,002955
122276,0,0,0,0,122276,0.0,08,002956
122027,0,0,0,0,122027,0.0,08,002957
121774,0,0,0,0,121774,0.0,08,002958
121336,0,0,0,0,121336,0.0,08,002959
120941,0,0,0,0,120941,0.0,08,002960
120599,0,0,0,0,120599,0.0,08,002961
120285,0,0,0,0,120285,0.0,08,002962
120080,0,0,0,0,120080,0.0,08,002963
119871,0,0,0,0,119871,0.0,08,002964
119559,0,0,0,0,119559,0.0,08,002965
119426,0,0,0,0,119426,0.0,08,002966
119143,0,0,0,0,119143,0.0,08,002967
118379,0,0,0,0,118379,0.0,08,002968
118099,0,0,0,0,118099,0.0,08,002969
117752,0,0,0,0,117752,0.0,08,002970
117239,0,0,0,0,117239,0.0,08,002971
116341,0,0,0,0,116341,0.0,08,002972
115406,0,0,0,0,115406,0.0,08,002973
114675,0,0,0,0,114675,0.0,08,002974
114434,0,0,0,0,114434,0.0,08,002975
113725,0,0,0,0,113725,0.0,08,002976
113794,0,0,0,0,113794,0.0,08,002977
113250,0,0,0,0,113250,0.0,08,002978
112382,0,0,0,0,112382,0.0,08,002979
112303,0,0,0,0,112303,0.0,08,002980
112011,0,0,0,0,112011,0.0,08,002981
111489,0,0,0,0,111489,0.0,08,002982
110787,0,0,0,0,110787,0.0,08,002983
110558,0,0,0,0,110558,0.0,08,002984
109763,0,0,0,0,109763,0.0,08,002985
109973,0,0,0,0,109973,0.0,08,002986
110030,0,0,0,0,110030,0.0,08,002987
111509,0,0,0,0,111509,0.0,08,002988
111394,0,0,0,0,111394,0.0,08,002989
110551,0,0,0,0,110551,0.0,08,002990
111664,0,0,0,0,111664,0.0,08,002991
112484,0,0,0,0,112484,0.0,08,002992
113121,0,0,0,0,113121,0.0,08,002993
113304,0,0,0,0,113304,0.0,08,002994
113239,0,0,0,0,113239,0.0,08,002995
112888,0,0,0,0,112888,0.0,08,002996
113281,0,0,0,0,113281,0.0,08,002997
113768,0,0,0,0,113768,0.0,08,002998
114291,0,0,0,0,114291,0.0,08,002999
115018,0,0,0,0,115018,0.0,08,003000
115901,0,0,0,0,115901,0.0,08,003001
116358,0,0,0,0,116358,0.0,08,003002
116624,0,0,0,0,116624,0.0,08,003003
117439,0,0,0,0,117439,0.0,08,003004
118302,0,0,0,0,118302,0.0,08,003005
118996,0,0,0,0,118996,0.0,08,003006
119952,0,0,0,0,119952,0.0,08,003007
120015,0,0,0,0,120015,0.0,08,003008
120761,0,0,0,0,120761,0.0,08,003009
121023,0,0,0,0,121023,0.0,08,003010
121414,0,0,0,0,121414,0.0,08,003011
121612,0,0,0,0,121612,0.0,08,003012
122415,0,0,0,0,122415,0.0,08,003013
122509,0,0,0,0,122509,0.0,08,003014
122986,0,0,0,0,122986,0.0,08,003015
123276,0,0,0,0,123276,0.0,08,003016
123569,0,0,0,0,123569,0.0,08,003017
123632,0,0,0,0,123632,0.0,08,003018
123656,0,0,0,0,123656,0.0,08,003019
123707,0,0,0,0,123707,0.0,08,003020
123838,0,0,0,0,123838,0.0,08,003021
124179,0,0,0,0,124179,0.0,08,003022
124248,0,0,0,0,124248,0.0,08,003023
124417,0,0,0,0,124417,0.0,08,003024
124480,0,0,0,0,124480,0.0,08,003025
124732,0,0,0,0,124732,0.0,08,003026
124935,0,0,0,0,124935,0.0,08,003027
124913,0,0,0,0,124913,0.0,08,003028
124614,0,0,0,0,124614,0.0,08,003029
124357,0,0,0,0,124357,0.0,08,003030
124230,0,0,0,0,124230,0.0,08,003031
124153,0,0,0,0,124153,0.0,08,003032
123700,0,0,0,0,123700,0.0,08,003033
123291,0,0,0,0,123291,0.0,08,003034
123210,0,0,0,0,123210,0.0,08,003035
122867,0,0,0,0,122867,0.0,08,003036
122997,0,0,0,0,122997,0.0,08,003037
123261,0,0,0,0,123261,0.0,08,003038
123552,0,0,0,0,123552,0.0,08,003039
123697,0,0,0,0,123697,0.0,08,003040
123795,0,0,0,0,123795,0.0,08,003041
123807,0,0,0,0,123807,0.0,08,003042
123776,0,0,0,0,123776,0.0,08,003043
123823,0,0,0,0,123823,0.0,08,003044
124062,0,0,0,0,124062,0.0,08,003045
124094,0,0,0,0,124094,0.0,08,003046
124058,0,0,0,0,124058,0.0,08,003047
124010,0,0,0,0,124010,0.0,08,003048
124002,0,0,0,0,124002,0.0,08,003049
124139,0,0,0,0,124139,0.0,08,003050
124256,0,0,0,0,124256,0.0,08,003051
124459,0,0,0,0,124459,0.0,08,003052
124488,0,0,0,0,124488,0.0,08,003053
124530,0,0,0,0,124530,0.0,08,003054
124392,0,0,0,0,124392,0.0,08,003055
124286,0,0,0,0,124286,0.0,08,003056
124132,0,0,0,0,124132,0.0,08,003057
124096,0,0,0,0,124096,0.0,08,003058
123905,0,0,0,0,123905,0.0,08,003059
123654,0,0,0,0,123654,0.0,08,003060
123190,0,0,0,0,123190,0.0,08,003061
122541,0,0,0,0,122541,0.0,08,003062
121943,0,0,0,0,121943,0.0,08,003063
121007,0,0,0,0,121007,0.0,08,003064
120080,0,0,0,0,120080,0.0,08,003065
119063,0,0,0,0,119063,0.0,08,003066
118444,0,0,0,0,118444,0.0,08,003067
118816,0,0,0,0,118816,0.0,08,003068
119385,0,0,0,0,119385,0.0,08,003069
119960,0,0,0,0,119960,0.0,08,003070
120073,0,0,0,0,120073,0.0,08,003071
120216,0,0,0,0,120216,0.0,08,003072
120806,0,0,0,0,120806,0.0,08,003073
121341,0,0,0,0,121341,0.0,08,003074
122148,0,0,0,0,122148,0.0,08,003075
123091,0,0,0,0,123091,0.0,08,003076
123364,0,0,0,0,123364,0.0,08,003077
123702,0,0,0,0,123702,0.0,08,003078
124036,0,0,0,0,124036,0.0,08,003079
124114,0,0,0,0,124114,0.0,08,003080
124504,0,0,0,0,124504,0.0,08,003081
124628,0,0,0,0,124628,0.0,08,003082
124619,0,0,0,0,124619,0.0,08,003083
124442,0,0,0,0,124442,0.0,08,003084
124401,0,0,0,0,124401,0.0,08,003085
124784,0,0,0,0,124784,0.0,08,003086
124902,0,0,0,0,124902,0.0,08,003087
124689,0,0,0,0,124689,0.0,08,003088
124731,0,0,0,0,124731,0.0,08,003089
124520,0,0,0,0,124520,0.0,08,003090
124216,0,0,0,0,124216,0.0,08,003091
124249,0,0,0,0,124249,0.0,08,003092
124710,0,0,0,0,124710,0.0,08,003093
124977,0,0,0,0,124977,0.0,08,003094
125240,0,0,0,0,125240,0.0,08,003095
125140,0,0,0,0,125140,0.0,08,003096
125406,0,0,0,0,125406,0.0,08,003097
125240,0,0,0,0,125240,0.0,08,003098
125472,0,0,0,0,125472,0.0,08,003099
125587,0,0,0,0,125587,0.0,08,003100
125582,0,0,0,0,125582,0.0,08,003101
125633,0,0,0,0,125633,0.0,08,003102
125724,0,0,0,0,125724,0.0,08,003103
125679,0,0,0,0,125679,0.0,08,003104
125378,0,0,0,0,125378,0.0,08,003105
125211,0,0,0,0,125211,0.0,08,003106
124964,0,0,0,0,124964,0.0,08,003107
124258,0,0,0,0,124258,0.0,08,003108
122900,0,0,0,0,122900,0.0,08,003109
121872,0,0,0,0,121872,0.0,08,003110
121199,0,0,0,0,121199,0.0,08,003111
120195,0,0,0,0,120195,0.0,08,003112
120505,0,0,0,0,120505,0.0,08,003113
121233,0,0,0,0,121233,0.0,08,003114
120845,0,0,0,0,120845,0.0,08,003115
120452,0,0,0,0,120452,0.0,08,003116
120743,0,0,0,0,120743,0.0,08,003117
122156,0,0,0,0,122156,0.0,08,003118
123684,0,0,0,0,123684,0.0,08,003119
124387,0,0,0,0,124387,0.0,08,003120
124666,0,0,0,0,124666,0.0,08,003121
124458,0,0,0,0,124458,0.0,08,003122
124193,0,0,0,0,124193,0.0,08,003123
124254,0,0,0,0,124254,0.0,08,003124
124251,0,0,0,0,124251,0.0,08,003125
124215,0,0,0,0,124215,0.0,08,003126
123829,0,0,0,0,123829,0.0,08,003127
123246,0,0,0,0,123246,0.0,08,003128
121944,0,0,0,0,121944,0.0,08,003129
120652,0,0,0,0,120652,0.0,08,003130
118775,0,0,0,0,118775,0.0,08,003131
117405,0,0,0,0,117405,0.0,08,003132
115268,0,0,0,0,115268,0.0,08,003133
116487,0,0,0,0,116487,0.0,08,003134
118015,0,0,0,0,118015,0.0,08,003135
118014,0,0,0,0,118014,0.0,08,003136
118347,0,0,0,0,118347,0.0,08,003137
118901,0,0,0,0,118901,0.0,08,003138
119795,0,0,0,0,119795,0.0,08,003139
120850,0,0,0,0,120850,0.0,08,003140
121444,0,0,0,0,121444,0.0,08,003141
121533,0,0,0,0,121533,0.0,08,003142
121529,0,0,0,0,121529,0.0,08,003143
120789,0,0,0,0,120789,0.0,08,003144
119212,0,0,0,0,119212,0.0,08,003145
118508,0,0,0,0,118508,0.0,08,003146
118789,0,0,0,0,118789,0.0,08,003147
119481,0,0,0,0,119481,0.0,08,003148
119745,0,0,0,0,119745,0.0,08,003149
120123,0,0,0,0,120123,0.0,08,003150
120605,0,0,0,0,120605,0.0,08,003151
121857,0,0,0,0,121857,0.0,08,003152
122608,0,0,0,0,122608,0.0,08,003153
123897,0,0,0,0,123897,0.0,08,003154
124806,0,0,0,0,124806,0.0,08,003155
125259,0,0,0,0,125259,0.0,08,003156
125622,0,0,0,0,125622,0.0,08,003157
125218,0,0,0,0,125218,0.0,08,003158
124569,0,0,0,0,124569,0.0,08,003159
124342,0,0,0,0,124342,0.0,08,003160
124220,0,0,0,0,124220,0.0,08,003161
123717,0,0,0,0,123717,0.0,08,003162
123672,0,0,0,0,123672,0.0,08,003163
124280,0,0,0,0,124280,0.0,08,003164
124814,0,0,0,0,124814,0.0,08,003165
124479,0,0,0,0,124479,0.0,08,003166
122956,0,0,0,0,122956,0.0,08,003167
121753,0,0,0,0,121753,0.0,08,003168
121209,0,0,0,0,121209,0.0,08,003169
120986,0,0,0,0,120986,0.0,08,003170
120076,0,0,0,0,120076,0.0,08,003171
120016,0,0,0,0,120016,0.0,08,003172
121265,0,0,0,0,121265,0.0,08,003173
122852,0,0,0,0,122852,0.0,08,003174
124155,0,0,0,0,124155,0.0,08,003175
125098,0,0,0,0,125098,0.0,08,003176
125454,0,0,0,0,125454,0.0,08,003177
125540,0,0,0,0,125540,0.0,08,003178
126001,0,0,0,0,126001,0.0,08,003179
126257,0,0,0,0,126257,0.0,08,003180
126311,0,0,0,0,126311,0.0,08,003181
126421,0,0,0,0,126421,0.0,08,003182
126349,0,0,0,0,126349,0.0,08,003183
126311,0,0,0,0,126311,0.0,08,003184
126157,0,0,0,0,126157,0.0,08,003185
125982,0,0,0,0,125982,0.0,08,003186
125969,0,0,0,0,125969,0.0,08,003187
125461,0,0,0,0,125461,0.0,08,003188
125011,0,0,0,0,125011,0.0,08,003189
125032,0,0,0,0,125032,0.0,08,003190
125043,0,0,0,0,125043,0.0,08,003191
125095,0,0,0,0,125095,0.0,08,003192
125918,0,0,0,0,125918,0.0,08,003193
126288,0,0,0,0,126288,0.0,08,003194
126572,0,0,0,0,126572,0.0,08,003195
126586,0,0,0,0,126586,0.0,08,003196
126459,0,0,0,0,126459,0.0,08,003197
126537,0,0,0,0,126537,0.0,08,003198
126544,0,0,0,0,126544,0.0,08,003199
126666,0,0,0,0,126666,0.0,08,003200
126779,0,0,0,0,126779,0.0,08,003201
126657,0,0,0,0,126657,0.0,08,003202
126530,0,0,0,0,126530,0.0,08,003203
126473,0,0,0,0,126473,0.0,08,003204
126387,0,0,0,0,126387,0.0,08,003205
126085,0,0,0,0,126085,0.0,08,003206
125734,0,0,0,0,125734,0.0,08,003207
125627,0,0,0,0,125627,0.0,08,003208
125140,0,0,0,0,125140,0.0,08,003209
124596,0,0,0,0,124596,0.0,08,003210
123960,0,0,0,0,123960,0.0,08,003211
122987,0,0,0,0,122987,0.0,08,003212
121781,0,0,0,0,121781,0.0,08,003213
120449,0,0,0,0,120449,0.0,08,003214
119572,0,0,0,0,119572,0.0,08,003215
118410,0,0,0,0,118410,0.0,08,003216
119180,0,0,0,0,119180,0.0,08,003217
120503,0,0,0,0,120503,0.0,08,003218
122187,0,0,0,0,122187,0.0,08,003219
123546,0,0,0,0,123546,0.0,08,003220
124277,0,0,0,0,124277,0.0,08,003221
124638,0,0,0,0,124638,0.0,08,003222
125112,0,0,0,0,125112,0.0,08,003223
125534,0,0,0,0,125534,0.0,08,003224
125696,0,0,0,0,125696,0.0,08,003225
125734,0,0,0,0,125734,0.0,08,003226
125661,0,0,0,0,125661,0.0,08,003227
125521,0,0,0,0,125521,0.0,08,003228
125452,0,0,0,0,125452,0.0,08,003229
125380,0,0,0,0,125380,0.0,08,003230
124980,0,0,0,0,124980,0.0,08,003231
124198,0,0,0,0,124198,0.0,08,003232
123155,0,0,0,0,123155,0.0,08,003233
122256,0,0,0,0,122256,0.0,08,003234
122547,0,0,0,0,122547,0.0,08,003235
121164,0,0,0,0,121164,0.0,08,003236
119175,0,0,0,0,119175,0.0,08,003237
119000,0,0,0,0,119000,0.0,08,003238
118762,0,0,0,0,118762,0.0,08,003239
118913,0,0,0,0,118913,0.0,08,003240
119331,0,0,0,0,119331,0.0,08,003241
119073,0,0,0,0,119073,0.0,08,003242
119958,0,0,0,0,119958,0.0,08,003243
121522,0,0,0,0,121522,0.0,08,003244
122839,0,0,0,0,122839,0.0,08,003245
123956,0,0,0,0,123956,0.0,08,003246
123941,0,0,0,0,123941,0.0,08,003247
123263,0,0,0,0,123263,0.0,08,003248
122060,0,0,0,0,122060,0.0,08,003249
122045,0,0,0,0,122045,0.0,08,003250
120952,0,0,0,0,120952,0.0,08,003251
119725,0,0,0,0,119725,0.0,08,003252
120356,0,0,0,0,120356,0.0,08,003253
120776,0,0,0,0,120776,0.0,08,003254
119846,0,0,0,0,119846,0.0,08,003255
117897,0,0,0,0,117897,0.0,08,003256
116817,0,0,0,0,116817,0.0,08,003257
117583,0,0,0,0,117583,0.0,08,003258
117437,0,0,0,0,117437,0.0,08,003259
118221,0,0,0,0,118221,0.0,08,003260
118332,0,0,0,0,118332,0.0,08,003261
117586,0,0,0,0,117586,0.0,08,003262
116180,0,0,0,0,116180,0.0,08,003263
114169,0,0,0,0,114169,0.0,08,003264
111380,0,0,0,0,111380,0.0,08,003265
109086,0,0,0,0,109086,0.0,08,003266
108796,0,0,0,0,108796,0.0,08,003267
108769,0,0,0,0,108769,0.0,08,003268
109553,0,0,0,0,109553,0.0,08,003269
110174,0,0,0,0,110174,0.0,08,003270
112774,0,0,0,0,112774,0.0,08,003271
115492,0,0,0,0,115492,0.0,08,003272
118536,0,0,0,0,118536,0.0,08,003273
120964,0,0,0,0,120964,0.0,08,003274
122258,0,0,0,0,122258,0.0,08,003275
122160,0,0,0,0,122160,0.0,08,003276
121527,0,0,0,0,121527,0.0,08,003277
121877,0,0,0,0,121877,0.0,08,003278
122677,0,0,0,0,122677,0.0,08,003279
123203,0,0,0,0,123203,0.0,08,003280
124347,0,0,0,0,124347,0.0,08,003281
125682,0,0,0,0,125682,0.0,08,003282
126037,0,0,0,0,126037,0.0,08,003283
126366,0,0,0,0,126366,0.0,08,003284
126222,0,0,0,0,126222,0.0,08,003285
126481,0,0,0,0,126481,0.0,08,003286
126605,0,0,0,0,126605,0.0,08,003287
126784,0,0,0,0,126784,0.0,08,003288
126970,0,0,0,0,126970,0.0,08,003289
126894,0,0,0,0,126894,0.0,08,003290
126944,0,0,0,0,126944,0.0,08,003291
126903,0,0,0,0,126903,0.0,08,003292
126940,0,0,0,0,126940,0.0,08,003293
126989,0,0,0,0,126989,0.0,08,003294
126878,0,0,0,0,126878,0.0,08,003295
126631,0,0,0,0,126631,0.0,08,003296
126349,0,0,0,0,126349,0.0,08,003297
125908,0,0,0,0,125908,0.0,08,003298
125606,0,0,0,0,125606,0.0,08,003299
125391,0,0,0,0,125391,0.0,08,003300
125040,0,0,0,0,125040,0.0,08,003301
124942,0,0,0,0,124942,0.0,08,003302
124563,0,0,0,0,124563,0.0,08,003303
124327,0,0,0,0,124327,0.0,08,003304
124077,0,0,0,0,124077,0.0,08,003305
123918,0,0,0,0,123918,0.0,08,003306
124377,0,0,0,0,124377,0.0,08,003307
124806,0,0,0,0,124806,0.0,08,003308
125316,0,0,0,0,125316,0.0,08,003309
125304,0,0,0,0,125304,0.0,08,003310
124996,0,0,0,0,124996,0.0,08,003311
124745,0,0,0,0,124745,0.0,08,003312
124700,0,0,0,0,124700,0.0,08,003313
124312,0,0,0,0,124312,0.0,08,003314
123379,0,0,0,0,123379,0.0,08,003315
121905,0,0,0,0,121905,0.0,08,003316
120259,0,0,0,0,120259,0.0,08,003317
119554,0,0,0,0,119554,0.0,08,003318
119510,0,0,0,0,119510,0.0,08,003319
119510,0,0,0,0,119510,0.0,08,003320
118939,0,0,0,0,118939,0.0,08,003321
118141,0,0,0,0,118141,0.0,08,003322
117332,0,0,0,0,117332,0.0,08,003323
118487,0,0,0,0,118487,0.0,08,003324
120060,0,0,0,0,120060,0.0,08,003325
120534,0,0,0,0,120534,0.0,08,003326
121306,0,0,0,0,121306,0.0,08,003327
122002,0,0,0,0,122002,0.0,08,003328
122891,0,0,0,0,122891,0.0,08,003329
123908,0,0,0,0,123908,0.0,08,003330
124880,0,0,0,0,124880,0.0,08,003331
125342,0,0,0,0,125342,0.0,08,003332
125027,0,0,0,0,125027,0.0,08,003333
124927,0,0,0,0,124927,0.0,08,003334
125043,0,0,0,0,125043,0.0,08,003335
125062,0,0,0,0,125062,0.0,08,003336
125159,0,0,0,0,125159,0.0,08,003337
124632,0,0,0,0,124632,0.0,08,003338
124347,0,0,0,0,124347,0.0,08,003339
123813,0,0,0,0,123813,0.0,08,003340
123301,0,0,0,0,123301,0.0,08,003341
123850,0,0,0,0,123850,0.0,08,003342
124133,0,0,0,0,124133,0.0,08,003343
125011,0,0,0,0,125011,0.0,08,003344
125833,0,0,0,0,125833,0.0,08,003345
126323,0,0,0,0,126323,0.0,08,003346
126625,0,0,0,0,126625,0.0,08,003347
126749,0,0,0,0,126749,0.0,08,003348
126763,0,0,0,0,126763,0.0,08,003349
126917,0,0,0,0,126917,0.0,08,003350
127180,0,0,0,0,127180,0.0,08,003351
127331,0,0,0,0,127331,0.0,08,003352
127283,0,0,0,0,127283,0.0,08,003353
127283,0,0,0,0,127283,0.0,08,003354
127186,0,0,0,0,127186,0.0,08,003355
127245,0,0,0,0,127245,0.0,08,003356
127232,0,0,0,0,127232,0.0,08,003357
127273,0,0,0,0,127273,0.0,08,003358
127207,0,0,0,0,127207,0.0,08,003359
127169,0,0,0,0,127169,0.0,08,003360
127225,0,0,0,0,127225,0.0,08,003361
127254,0,0,0,0,127254,0.0,08,003362
127252,0,0,0,0,127252,0.0,08,003363
127123,0,0,0,0,127123,0.0,08,003364
127033,0,0,0,0,127033,0.0,08,003365
127019,0,0,0,0,127019,0.0,08,003366
127160,0,0,0,0,127160,0.0,08,003367
127169,0,0,0,0,127169,0.0,08,003368
127196,0,0,0,0,127196,0.0,08,003369
127236,0,0,0,0,127236,0.0,08,003370
127279,0,0,0,0,127279,0.0,08,003371
127353,0,0,0,0,127353,0.0,08,003372
127471,0,0,0,0,127471,0.0,08,003373
127440,0,0,0,0,127440,0.0,08,003374
127480,0,0,0,0,127480,0.0,08,003375
127592,0,0,0,0,127592,0.0,08,003376
127637,0,0,0,0,127637,0.0,08,003377
127823,0,0,0,0,127823,0.0,08,003378
127853,0,0,0,0,127853,0.0,08,003379
127840,0,0,0,0,127840,0.0,08,003380
128037,0,0,0,0,128037,0.0,08,003381
128124,0,0,0,0,128124,0.0,08,003382
128286,0,0,0,0,128286,0.0,08,003383
128298,0,0,0,0,128298,0.0,08,003384
128443,0,0,0,0,128443,0.0,08,003385
128381,0,0,0,0,128381,0.0,08,003386
128414,0,0,0,0,128414,0.0,08,003387
128389,0,0,0,0,128389,0.0,08,003388
128383,0,0,0,0,128383,0.0,08,003389
128372,0,0,0,0,128372,0.0,08,003390
128227,0,0,0,0,128227,0.0,08,003391
128159,0,0,0,0,128159,0.0,08,003392
127872,0,0,0,0,127872,0.0,08,003393
127789,0,0,0,0,127789,0.0,08,003394
127784,0,0,0,0,127784,0.0,08,003395
127560,0,0,0,0,127560,0.0,08,003396
127502,0,0,0,0,127502,0.0,08,003397
127526,0,0,0,0,127526,0.0,08,003398
127446,0,0,0,0,127446,0.0,08,003399
127344,0,0,0,0,127344,0.0,08,003400
127271,0,0,0,0,127271,0.0,08,003401
127249,0,0,0,0,127249,0.0,08,003402
127199,0,0,0,0,127199,0.0,08,003403
127179,0,0,0,0,127179,0.0,08,003404
127125,0,0,0,0,127125,0.0,08,003405
127078,0,0,0,0,127078,0.0,08,003406
126985,0,0,0,0,126985,0.0,08,003407
127017,0,0,0,0,127017,0.0,08,003408
126967,0,0,0,0,126967,0.0,08,003409
126953,0,0,0,0,126953,0.0,08,003410
126859,0,0,0,0,126859,0.0,08,003411
127008,0,0,0,0,127008,0.0,08,003412
126964,0,0,0,0,126964,0.0,08,003413
126918,0,0,0,0,126918,0.0,08,003414
126920,0,0,0,0,126920,0.0,08,003415
126957,0,0,0,0,126957,0.0,08,003416
126848,0,0,0,0,126848,0.0,08,003417
126882,0,0,0,0,126882,0.0,08,003418
126991,0,0,0,0,126991,0.0,08,003419
127109,0,0,0,0,127109,0.0,08,003420
126956,0,0,0,0,126956,0.0,08,003421
127164,0,0,0,0,127164,0.0,08,003422
127063,0,0,0,0,127063,0.0,08,003423
127116,0,0,0,0,127116,0.0,08,003424
127058,0,0,0,0,127058,0.0,08,003425
127048,0,0,0,0,127048,0.0,08,003426
126943,0,0,0,0,126943,0.0,08,003427
126947,0,0,0,0,126947,0.0,08,003428
126875,0,0,0,0,126875,0.0,08,003429
126894,0,0,0,0,126894,0.0,08,003430
126858,0,0,0,0,126858,0.0,08,003431
126713,0,0,0,0,126713,0.0,08,003432
126728,0,0,0,0,126728,0.0,08,003433
126640,0,0,0,0,126640,0.0,08,003434
126460,0,0,0,0,126460,0.0,08,003435
126274,0,0,0,0,126274,0.0,08,003436
126307,0,0,0,0,126307,0.0,08,003437
126204,0,0,0,0,126204,0.0,08,003438
126126,0,0,0,0,126126,0.0,08,003439
126043,0,0,0,0,126043,0.0,08,003440
126050,0,0,0,0,126050,0.0,08,003441
126080,0,0,0,0,126080,0.0,08,003442
125933,0,0,0,0,125933,0.0,08,003443
125904,0,0,0,0,125904,0.0,08,003444
125952,0,0,0,0,125952,0.0,08,003445
125894,0,0,0,0,125894,0.0,08,003446
125918,0,0,0,0,125918,0.0,08,003447
126036,0,0,0,0,126036,0.0,08,003448
126129,0,0,0,0,126129,0.0,08,003449
126009,0,0,0,0,126009,0.0,08,003450
126158,0,0,0,0,126158,0.0,08,003451
125963,0,0,0,0,125963,0.0,08,003452
125752,0,0,0,0,125752,0.0,08,003453
125457,0,0,0,0,125457,0.0,08,003454
125600,0,0,0,0,125600,0.0,08,003455
125852,0,0,0,0,125852,0.0,08,003456
125423,0,0,0,0,125423,0.0,08,003457
124901,0,0,0,0,124901,0.0,08,003458
124918,0,0,0,0,124918,0.0,08,003459
125199,0,0,0,0,125199,0.0,08,003460
125381,0,0,0,0,125381,0.0,08,003461
125705,0,0,0,0,125705,0.0,08,003462
126335,0,0,0,0,126335,0.0,08,003463
126565,0,0,0,0,126565,0.0,08,003464
126865,0,0,0,0,126865,0.0,08,003465
126953,0,0,0,0,126953,0.0,08,003466
126854,0,0,0,0,126854,0.0,08,003467
126764,0,0,0,0,126764,0.0,08,003468
126623,0,0,0,0,126623,0.0,08,003469
126833,0,0,0,0,126833,0.0,08,003470
127081,0,0,0,0,127081,0.0,08,003471
127167,0,0,0,0,127167,0.0,08,003472
127291,0,0,0,0,127291,0.0,08,003473
127405,0,0,0,0,127405,0.0,08,003474
127402,0,0,0,0,127402,0.0,08,003475
127409,0,0,0,0,127409,0.0,08,003476
127392,0,0,0,0,127392,0.0,08,003477
127208,0,0,0,0,127208,0.0,08,003478
127175,0,0,0,0,127175,0.0,08,003479
127095,0,0,0,0,127095,0.0,08,003480
126937,0,0,0,0,126937,0.0,08,003481
126816,0,0,0,0,126816,0.0,08,003482
126345,0,0,0,0,126345,0.0,08,003483
125816,0,0,0,0,125816,0.0,08,003484
125006,0,0,0,0,125006,0.0,08,003485
124037,0,0,0,0,124037,0.0,08,003486
123041,0,0,0,0,123041,0.0,08,003487
122559,0,0,0,0,122559,0.0,08,003488
121846,0,0,0,0,121846,0.0,08,003489
120496,0,0,0,0,120496,0.0,08,003490
119752,0,0,0,0,119752,0.0,08,003491
118556,0,0,0,0,118556,0.0,08,003492
117381,0,0,0,0,117381,0.0,08,003493
116740,0,0,0,0,116740,0.0,08,003494
117462,0,0,0,0,117462,0.0,08,003495
117459,0,0,0,0,117459,0.0,08,003496
119026,0,0,0,0,119026,0.0,08,003497
121024,0,0,0,0,121024,0.0,08,003498
122590,0,0,0,0,122590,0.0,08,003499
123926,0,0,0,0,123926,0.0,08,003500
124663,0,0,0,0,124663,0.0,08,003501
124636,0,0,0,0,124636,0.0,08,003502
124195,0,0,0,0,124195,0.0,08,003503
124163,0,0,0,0,124163,0.0,08,003504
124138,0,0,0,0,124138,0.0,08,003505
123981,0,0,0,0,123981,0.0,08,003506
124089,0,0,0,0,124089,0.0,08,003507
124357,0,0,0,0,124357,0.0,08,003508
123866,0,0,0,0,123866,0.0,08,003509
123381,0,0,0,0,123381,0.0,08,003510
123128,0,0,0,0,123128,0.0,08,003511
123134,0,0,0,0,123134,0.0,08,003512
123886,0,0,0,0,123886,0.0,08,003513
124305,0,0,0,0,124305,0.0,08,003514
124568,0,0,0,0,124568,0.0,08,003515
124408,0,0,0,0,124408,0.0,08,003516
122962,0,0,0,0,122962,0.0,08,003517
121813,0,0,0,0,121813,0.0,08,003518
121443,0,0,0,0,121443,0.0,08,003519
120613,0,0,0,0,120613,0.0,08,003520
120404,0,0,0,0,120404,0.0,08,003521
119414,0,0,0,0,119414,0.0,08,003522
119022,0,0,0,0,119022,0.0,08,003523
118136,0,0,0,0,118136,0.0,08,003524
119346,0,0,0,0,119346,0.0,08,003525
120763,0,0,0,0,120763,0.0,08,003526
120964,0,0,0,0,120964,0.0,08,003527
120830,0,0,0,0,120830,0.0,08,003528
120751,0,0,0,0,120751,0.0,08,003529
120956,0,0,0,0,120956,0.0,08,003530
120616,0,0,0,0,120616,0.0,08,003531
120928,0,0,0,0,120928,0.0,08,003532
120884,0,0,0,0,120884,0.0,08,003533
119852,0,0,0,0,119852,0.0,08,003534
120191,0,0,0,0,120191,0.0,08,003535
119734,0,0,0,0,119734,0.0,08,003536
120623,0,0,0,0,120623,0.0,08,003537
120153,0,0,0,0,120153,0.0,08,003538
120306,0,0,0,0,120306,0.0,08,003539
121059,0,0,0,0,121059,0.0,08,003540
121754,0,0,0,0,121754,0.0,08,003541
121722,0,0,0,0,121722,0.0,08,003542
121134,0,0,0,0,121134,0.0,08,003543
119540,0,0,0,0,119540,0.0,08,003544
117217,0,0,0,0,117217,0.0,08,003545
116307,0,0,0,0,116307,0.0,08,003546
115171,0,0,0,0,115171,0.0,08,003547
114217,0,0,0,0,114217,0.0,08,003548
115467,0,0,0,0,115467,0.0,08,003549
115053,0,0,0,0,115053,0.0,08,003550
114678,0,0,0,0,114678,0.0,08,003551
114999,0,0,0,0,114999,0.0,08,003552
115837,0,0,0,0,115837,0.0,08,003553
116864,0,0,0,0,116864,0.0,08,003554
116008,0,0,0,0,116008,0.0,08,003555
115864,0,0,0,0,115864,0.0,08,003556
116720,0,0,0,0,116720,0.0,08,003557
117865,0,0,0,0,117865,0.0,08,003558
119085,0,0,0,0,119085,0.0,08,003559
120198,0,0,0,0,120198,0.0,08,003560
121090,0,0,0,0,121090,0.0,08,003561
121407,0,0,0,0,121407,0.0,08,003562
121815,0,0,0,0,121815,0.0,08,003563
123241,0,0,0,0,123241,0.0,08,003564
124482,0,0,0,0,124482,0.0,08,003565
124791,0,0,0,0,124791,0.0,08,003566
124555,0,0,0,0,124555,0.0,08,003567
123807,0,0,0,0,123807,0.0,08,003568
123365,0,0,0,0,123365,0.0,08,003569
124042,0,0,0,0,124042,0.0,08,003570
123352,0,0,0,0,123352,0.0,08,003571
122771,0,0,0,0,122771,0.0,08,003572
122823,0,0,0,0,122823,0.0,08,003573
123218,0,0,0,0,123218,0.0,08,003574
123036,0,0,0,0,123036,0.0,08,003575
122522,0,0,0,0,122522,0.0,08,003576
122379,0,0,0,0,122379,0.0,08,003577
122236,0,0,0,0,122236,0.0,08,003578
123155,0,0,0,0,123155,0.0,08,003579
123829,0,0,0,0,123829,0.0,08,003580
123826,0,0,0,0,123826,0.0,08,003581
123617,0,0,0,0,123617,0.0,08,003582
123772,0,0,0,0,123772,0.0,08,003583
123727,0,0,0,0,123727,0.0,08,003584
123114,0,0,0,0,123114,0.0,08,003585
122597,0,0,0,0,122597,0.0,08,003586
122148,0,0,0,0,122148,0.0,08,003587
121627,0,0,0,0,121627,0.0,08,003588
121189,0,0,0,0,121189,0.0,08,003589
119845,0,0,0,0,119845,0.0,08,003590
118129,0,0,0,0,118129,0.0,08,003591
118636,0,0,0,0,118636,0.0,08,003592
119068,0,0,0,0,119068,0.0,08,003593
119396,0,0,0,0,119396,0.0,08,003594
119290,0,0,0,0,119290,0.0,08,003595
119523,0,0,0,0,119523,0.0,08,003596
120128,0,0,0,0,120128,0.0,08,003597
120318,0,0,0,0,120318,0.0,08,003598
120356,0,0,0,0,120356,0.0,08,003599
120284,0,0,0,0,120284,0.0,08,003600
120765,0,0,0,0,120765,0.0,08,003601
121056,0,0,0,0,121056,0.0,08,003602
120868,0,0,0,0,120868,0.0,08,003603
121014,0,0,0,0,121014,0.0,08,003604
121110,0,0,0,0,121110,0.0,08,003605
121475,0,0,0,0,121475,0.0,08,003606
121763,0,0,0,0,121763,0.0,08,003607
121073,0,0,0,0,121073,0.0,08,003608
120509,0,0,0,0,120509,0.0,08,003609
120704,0,0,0,0,120704,0.0,08,003610
120916,0,0,0,0,120916,0.0,08,003611
120434,0,0,0,0,120434,0.0,08,003612
121263,0,0,0,0,121263,0.0,08,003613
121731,0,0,0,0,121731,0.0,08,003614
122185,0,0,0,0,122185,0.0,08,003615
122300,0,0,0,0,122300,0.0,08,003616
122341,0,0,0,0,122341,0.0,08,003617
123397,0,0,0,0,123397,0.0,08,003618
123154,0,0,0,0,123154,0.0,08,003619
123034,0,0,0,0,123034,0.0,08,003620
123720,0,0,0,0,123720,0.0,08,003621
125051,0,0,0,0,125051,0.0,08,003622
125841,0,0,0,0,125841,0.0,08,003623
126809,0,0,0,0,126809,0.0,08,003624
127006,0,0,0,0,127006,0.0,08,003625
127437,0,0,0,0,127437,0.0,08,003626
127419,0,0,0,0,127419,0.0,08,003627
127325,0,0,0,0,127325,0.0,08,003628
127340,0,0,0,0,127340,0.0,08,003629
127091,0,0,0,0,127091,0.0,08,003630
126508,0,0,0,0,126508,0.0,08,003631
125994,0,0,0,0,125994,0.0,08,003632
125688,0,0,0,0,125688,0.0,08,003633
126312,0,0,0,0,126312,0.0,08,003634
126038,0,0,0,0,126038,0.0,08,003635
125485,0,0,0,0,125485,0.0,08,003636
125364,0,0,0,0,125364,0.0,08,003637
124759,0,0,0,0,124759,0.0,08,003638
124405,0,0,0,0,124405,0.0,08,003639
124462,0,0,0,0,124462,0.0,08,003640
123149,0,0,0,0,123149,0.0,08,003641
122575,0,0,0,0,122575,0.0,08,003642
122951,0,0,0,0,122951,0.0,08,003643
123191,0,0,0,0,123191,0.0,08,003644
122957,0,0,0,0,122957,0.0,08,003645
122592,0,0,0,0,122592,0.0,08,003646
122034,0,0,0,0,122034,0.0,08,003647
121687,0,0,0,0,121687,0.0,08,003648
121043,0,0,0,0,121043,0.0,08,003649
121584,0,0,0,0,121584,0.0,08,003650
122653,0,0,0,0,122653,0.0,08,003651
122521,0,0,0,0,122521,0.0,08,003652
122641,0,0,0,0,122641,0.0,08,003653
123145,0,0,0,0,123145,0.0,08,003654
123917,0,0,0,0,123917,0.0,08,003655
124536,0,0,0,0,124536,0.0,08,003656
125343,0,0,0,0,125343,0.0,08,003657
126028,0,0,0,0,126028,0.0,08,003658
126475,0,0,0,0,126475,0.0,08,003659
126901,0,0,0,0,126901,0.0,08,003660
126904,0,0,0,0,126904,0.0,08,003661
126919,0,0,0,0,126919,0.0,08,003662
127139,0,0,0,0,127139,0.0,08,003663
127000,0,0,0,0,127000,0.0,08,003664
126900,0,0,0,0,126900,0.0,08,003665
126723,0,0,0,0,126723,0.0,08,003666
125830,0,0,0,0,125830,0.0,08,003667
125474,0,0,0,0,125474,0.0,08,003668
125394,0,0,0,0,125394,0.0,08,003669
124943,0,0,0,0,124943,0.0,08,003670
124237,0,0,0,0,124237,0.0,08,003671
124360,0,0,0,0,124360,0.0,08,003672
124995,0,0,0,0,124995,0.0,08,003673
125693,0,0,0,0,125693,0.0,08,003674
126115,0,0,0,0,126115,0.0,08,003675
125912,0,0,0,0,125912,0.0,08,003676
125208,0,0,0,0,125208,0.0,08,003677
124846,0,0,0,0,124846,0.0,08,003678
124559,0,0,0,0,124559,0.0,08,003679
124386,0,0,0,0,124386,0.0,08,003680
123563,0,0,0,0,123563,0.0,08,003681
124026,0,0,0,0,124026,0.0,08,003682
125051,0,0,0,0,125051,0.0,08,003683
125928,0,0,0,0,125928,0.0,08,003684
126237,0,0,0,0,126237,0.0,08,003685
126656,0,0,0,0,126656,0.0,08,003686
126905,0,0,0,0,126905,0.0,08,003687
126888,0,0,0,0,126888,0.0,08,003688
126712,0,0,0,0,126712,0.0,08,003689
126265,0,0,0,0,126265,0.0,08,003690
126543,0,0,0,0,126543,0.0,08,003691
126185,0,0,0,0,126185,0.0,08,003692
125796,0,0,0,0,125796,0.0,08,003693
124953,0,0,0,0,124953,0.0,08,003694
124278,0,0,0,0,124278,0.0,08,003695
124568,0,0,0,0,124568,0.0,08,003696
124305,0,0,0,0,124305,0.0,08,003697
124126,0,0,0,0,124126,0.0,08,003698
124634,0,0,0,0,124634,0.0,08,003699
125027,0,0,0,0,125027,0.0,08,003700
125137,0,0,0,0,125137,0.0,08,003701
124827,0,0,0,0,124827,0.0,08,003702
124053,0,0,0,0,124053,0.0,08,003703
122349,0,0,0,0,122349,0.0,08,003704
120388,0,0,0,0,120388,0.0,08,003705
119144,0,0,0,0,119144,0.0,08,003706
118957,0,0,0,0,118957,0.0,08,003707
118691,0,0,0,0,118691,0.0,08,003708
118693,0,0,0,0,118693,0.0,08,003709
118726,0,0,0,0,118726,0.0,08,003710
119005,0,0,0,0,119005,0.0,08,003711
119782,0,0,0,0,119782,0.0,08,003712
120009,0,0,0,0,120009,0.0,08,003713
120340,0,0,0,0,120340,0.0,08,003714
119715,0,0,0,0,119715,0.0,08,003715
120835,0,0,0,0,120835,0.0,08,003716
121082,0,0,0,0,121082,0.0,08,003717
121565,0,0,0,0,121565,0.0,08,003718
121393,0,0,0,0,121393,0.0,08,003719
121285,0,0,0,0,121285,0.0,08,003720
121644,0,0,0,0,121644,0.0,08,003721
122640,0,0,0,0,122640,0.0,08,003722
123218,0,0,0,0,123218,0.0,08,003723
123759,0,0,0,0,123759,0.0,08,003724
123602,0,0,0,0,123602,0.0,08,003725
123813,0,0,0,0,123813,0.0,08,003726
124382,0,0,0,0,124382,0.0,08,003727
124774,0,0,0,0,124774,0.0,08,003728
124970,0,0,0,0,124970,0.0,08,003729
125112,0,0,0,0,125112,0.0,08,003730
125103,0,0,0,0,125103,0.0,08,003731
125276,0,0,0,0,125276,0.0,08,003732
125247,0,0,0,0,125247,0.0,08,003733
125370,0,0,0,0,125370,0.0,08,003734
125370,0,0,0,0,125370,0.0,08,003735
125395,0,0,0,0,125395,0.0,08,003736
125492,0,0,0,0,125492,0.0,08,003737
125591,0,0,0,0,125591,0.0,08,003738
125543,0,0,0,0,125543,0.0,08,003739
125711,0,0,0,0,125711,0.0,08,003740
125798,0,0,0,0,125798,0.0,08,003741
125893,0,0,0,0,125893,0.0,08,003742
125797,0,0,0,0,125797,0.0,08,003743
125835,0,0,0,0,125835,0.0,08,003744
125806,0,0,0,0,125806,0.0,08,003745
125848,0,0,0,0,125848,0.0,08,003746
125781,0,0,0,0,125781,0.0,08,003747
125572,0,0,0,0,125572,0.0,08,003748
125556,0,0,0,0,125556,0.0,08,003749
125350,0,0,0,0,125350,0.0,08,003750
125374,0,0,0,0,125374,0.0,08,003751
125217,0,0,0,0,125217,0.0,08,003752
125167,0,0,0,0,125167,0.0,08,003753
125192,0,0,0,0,125192,0.0,08,003754
125169,0,0,0,0,125169,0.0,08,003755
125058,0,0,0,0,125058,0.0,08,003756
125162,0,0,0,0,125162,0.0,08,003757
125082,0,0,0,0,125082,0.0,08,003758
124981,0,0,0,0,124981,0.0,08,003759
124848,0,0,0,0,124848,0.0,08,003760
124552,0,0,0,0,124552,0.0,08,003761
124219,0,0,0,0,124219,0.0,08,003762
123877,0,0,0,0,123877,0.0,08,003763
123643,0,0,0,0,123643,0.0,08,003764
123600,0,0,0,0,123600,0.0,08,003765
123411,0,0,0,0,123411,0.0,08,003766
123600,0,0,0,0,123600,0.0,08,003767
123342,0,0,0,0,123342,0.0,08,003768
123186,0,0,0,0,123186,0.0,08,003769
123115,0,0,0,0,123115,0.0,08,003770
123677,0,0,0,0,123677,0.0,08,003771
123907,0,0,0,0,123907,0.0,08,003772
124297,0,0,0,0,124297,0.0,08,003773
124901,0,0,0,0,124901,0.0,08,003774
125255,0,0,0,0,125255,0.0,08,003775
125590,0,0,0,0,125590,0.0,08,003776
125694,0,0,0,0,125694,0.0,08,003777
125485,0,0,0,0,125485,0.0,08,003778
124970,0,0,0,0,124970,0.0,08,003779
124203,0,0,0,0,124203,0.0,08,003780
123638,0,0,0,0,123638,0.0,08,003781
123421,0,0,0,0,123421,0.0,08,003782
123153,0,0,0,0,123153,0.0,08,003783
123609,0,0,0,0,123609,0.0,08,003784
123989,0,0,0,0,123989,0.0,08,003785
124758,0,0,0,0,124758,0.0,08,003786
125353,0,0,0,0,125353,0.0,08,003787
125678,0,0,0,0,125678,0.0,08,003788
126212,0,0,0,0,126212,0.0,08,003789
126364,0,0,0,0,126364,0.0,08,003790
126330,0,0,0,0,126330,0.0,08,003791
125935,0,0,0,0,125935,0.0,08,003792
126160,0,0,0,0,126160,0.0,08,003793
126168,0,0,0,0,126168,0.0,08,003794
125978,0,0,0,0,125978,0.0,08,003795
125147,0,0,0,0,125147,0.0,08,003796
124699,0,0,0,0,124699,0.0,08,003797
124124,0,0,0,0,124124,0.0,08,003798
123041,0,0,0,0,123041,0.0,08,003799
120835,0,0,0,0,120835,0.0,08,003800
119252,0,0,0,0,119252,0.0,08,003801
118451,0,0,0,0,118451,0.0,08,003802
118329,0,0,0,0,118329,0.0,08,003803
117561,0,0,0,0,117561,0.0,08,003804
117871,0,0,0,0,117871,0.0,08,003805
118524,0,0,0,0,118524,0.0,08,003806
118562,0,0,0,0,118562,0.0,08,003807
119360,0,0,0,0,119360,0.0,08,003808
120130,0,0,0,0,120130,0.0,08,003809
120590,0,0,0,0,120590,0.0,08,003810
121997,0,0,0,0,121997,0.0,08,003811
122902,0,0,0,0,122902,0.0,08,003812
123008,0,0,0,0,123008,0.0,08,003813
122591,0,0,0,0,122591,0.0,08,003814
121907,0,0,0,0,121907,0.0,08,003815
122043,0,0,0,0,122043,0.0,08,003816
121686,0,0,0,0,121686,0.0,08,003817
121190,0,0,0,0,121190,0.0,08,003818
120373,0,0,0,0,120373,0.0,08,003819
118198,0,0,0,0,118198,0.0,08,003820
115922,0,0,0,0,115922,0.0,08,003821
114651,0,0,0,0,114651,0.0,08,003822
114725,0,0,0,0,114725,0.0,08,003823
114465,0,0,0,0,114465,0.0,08,003824
113237,0,0,0,0,113237,0.0,08,003825
110852,0,0,0,0,110852,0.0,08,003826
109386,0,0,0,0,109386,0.0,08,003827
110209,0,0,0,0,110209,0.0,08,003828
111629,0,0,0,0,111629,0.0,08,003829
112613,0,0,0,0,112613,0.0,08,003830
112378,0,0,0,0,112378,0.0,08,003831
112689,0,0,0,0,112689,0.0,08,003832
114625,0,0,0,0,114625,0.0,08,003833
116284,0,0,0,0,116284,0.0,08,003834
116718,0,0,0,0,116718,0.0,08,003835
116586,0,0,0,0,116586,0.0,08,003836
116746,0,0,0,0,116746,0.0,08,003837
117249,0,0,0,0,117249,0.0,08,003838
118568,0,0,0,0,118568,0.0,08,003839
118644,0,0,0,0,118644,0.0,08,003840
117918,0,0,0,0,117918,0.0,08,003841
118275,0,0,0,0,118275,0.0,08,003842
119644,0,0,0,0,119644,0.0,08,003843
119688,0,0,0,0,119688,0.0,08,003844
119897,0,0,0,0,119897,0.0,08,003845
120293,0,0,0,0,120293,0.0,08,003846
120246,0,0,0,0,120246,0.0,08,003847
119894,0,0,0,0,119894,0.0,08,003848
120640,0,0,0,0,120640,0.0,08,003849
122091,0,0,0,0,122091,0.0,08,003850
123132,0,0,0,0,123132,0.0,08,003851
123983,0,0,0,0,123983,0.0,08,003852
124498,0,0,0,0,124498,0.0,08,003853
125132,0,0,0,0,125132,0.0,08,003854
125432,0,0,0,0,125432,0.0,08,003855
125938,0,0,0,0,125938,0.0,08,003856
125974,0,0,0,0,125974,0.0,08,003857
126035,0,0,0,0,126035,0.0,08,003858
126150,0,0,0,0,126150,0.0,08,003859
126039,0,0,0,0,126039,0.0,08,003860
125711,0,0,0,0,125711,0.0,08,003861
125519,0,0,0,0,125519,0.0,08,003862
125293,0,0,0,0,125293,0.0,08,003863
125417,0,0,0,0,125417,0.0,08,003864
125513,0,0,0,0,125513,0.0,08,003865
125184,0,0,0,0,125184,0.0,08,003866
124905,0,0,0,0,124905,0.0,08,003867
124523,0,0,0,0,124523,0.0,08,003868
124167,0,0,0,0,124167,0.0,08,003869
123863,0,0,0,0,123863,0.0,08,003870
123620,0,0,0,0,123620,0.0,08,003871
123175,0,0,0,0,123175,0.0,08,003872
122644,0,0,0,0,122644,0.0,08,003873
122122,0,0,0,0,122122,0.0,08,003874
121213,0,0,0,0,121213,0.0,08,003875
120355,0,0,0,0,120355,0.0,08,003876
120062,0,0,0,0,120062,0.0,08,003877
119457,0,0,0,0,119457,0.0,08,003878
119132,0,0,0,0,119132,0.0,08,003879
118439,0,0,0,0,118439,0.0,08,003880
118894,0,0,0,0,118894,0.0,08,003881
118649,0,0,0,0,118649,0.0,08,003882
118787,0,0,0,0,118787,0.0,08,003883
118856,0,0,0,0,118856,0.0,08,003884
119872,0,0,0,0,119872,0.0,08,003885
121303,0,0,0,0,121303,0.0,08,003886
121963,0,0,0,0,121963,0.0,08,003887
121308,0,0,0,0,121308,0.0,08,003888
120956,0,0,0,0,120956,0.0,08,003889
121318,0,0,0,0,121318,0.0,08,003890
120400,0,0,0,0,120400,0.0,08,003891
119454,0,0,0,0,119454,0.0,08,003892
119255,0,0,0,0,119255,0.0,08,003893
119020,0,0,0,0,119020,0.0,08,003894
120537,0,0,0,0,120537,0.0,08,003895
121238,0,0,0,0,121238,0.0,08,003896
120646,0,0,0,0,120646,0.0,08,003897
120466,0,0,0,0,120466,0.0,08,003898
120019,0,0,0,0,120019,0.0,08,003899
119796,0,0,0,0,119796,0.0,08,003900
119492,0,0,0,0,119492,0.0,08,003901
117102,0,0,0,0,117102,0.0,08,003902
115359,0,0,0,0,115359,0.0,08,003903
113740,0,0,0,0,113740,0.0,08,003904
111513,0,0,0,0,111513,0.0,08,003905
110687,0,0,0,0,110687,0.0,08,003906
114768,0,0,0,0,114768,0.0,08,003907
116459,0,0,0,0,116459,0.0,08,003908
118109,0,0,0,0,118109,0.0,08,003909
119995,0,0,0,0,119995,0.0,08,003910
121262,0,0,0,0,121262,0.0,08,003911
122185,0,0,0,0,122185,0.0,08,003912
122414,0,0,0,0,122414,0.0,08,003913
122390,0,0,0,0,122390,0.0,08,003914
123000,0,0,0,0,123000,0.0,08,003915
123870,0,0,0,0,123870,0.0,08,003916
124409,0,0,0,0,124409,0.0,08,003917
124382,0,0,0,0,124382,0.0,08,003918
123994,0,0,0,0,123994,0.0,08,003919
123193,0,0,0,0,123193,0.0,08,003920
122735,0,0,0,0,122735,0.0,08,003921
121561,0,0,0,0,121561,0.0,08,003922
120514,0,0,0,0,120514,0.0,08,003923
120397,0,0,0,0,120397,0.0,08,003924
119877,0,0,0,0,119877,0.0,08,003925
119741,0,0,0,0,119741,0.0,08,003926
119465,0,0,0,0,119465,0.0,08,003927
118862,0,0,0,0,118862,0.0,08,003928
117783,0,0,0,0,117783,0.0,08,003929
118485,0,0,0,0,118485,0.0,08,003930
119365,0,0,0,0,119365,0.0,08,003931
120014,0,0,0,0,120014,0.0,08,003932
120387,0,0,0,0,120387,0.0,08,003933
119681,0,0,0,0,119681,0.0,08,003934
119353,0,0,0,0,119353,0.0,08,003935
118397,0,0,0,0,118397,0.0,08,003936
118449,0,0,0,0,118449,0.0,08,003937
118472,0,0,0,0,118472,0.0,08,003938
118433,0,0,0,0,118433,0.0,08,003939
119218,0,0,0,0,119218,0.0,08,003940
119823,0,0,0,0,119823,0.0,08,003941
120596,0,0,0,0,120596,0.0,08,003942
122092,0,0,0,0,122092,0.0,08,003943
123158,0,0,0,0,123158,0.0,08,003944
123319,0,0,0,0,123319,0.0,08,003945
124189,0,0,0,0,124189,0.0,08,003946
123443,0,0,0,0,123443,0.0,08,003947
123599,0,0,0,0,123599,0.0,08,003948
123459,0,0,0,0,123459,0.0,08,003949
123726,0,0,0,0,123726,0.0,08,003950
123780,0,0,0,0,123780,0.0,08,003951
123702,0,0,0,0,123702,0.0,08,003952
123111,0,0,0,0,123111,0.0,08,003953
122891,0,0,0,0,122891,0.0,08,003954
122338,0,0,0,0,122338,0.0,08,003955
122014,0,0,0,0,122014,0.0,08,003956
122050,0,0,0,0,122050,0.0,08,003957
120969,0,0,0,0,120969,0.0,08,003958
121088,0,0,0,0,121088,0.0,08,003959
121605,0,0,0,0,121605,0.0,08,003960
121526,0,0,0,0,121526,0.0,08,003961
121754,0,0,0,0,121754,0.0,08,003962
122012,0,0,0,0,122012,0.0,08,003963
122179,0,0,0,0,122179,0.0,08,003964
121754,0,0,0,0,121754,0.0,08,003965
121400,0,0,0,0,121400,0.0,08,003966
121781,0,0,0,0,121781,0.0,08,003967
122349,0,0,0,0,122349,0.0,08,003968
122592,0,0,0,0,122592,0.0,08,003969
122483,0,0,0,0,122483,0.0,08,003970
122519,0,0,0,0,122519,0.0,08,003971
122389,0,0,0,0,122389,0.0,08,003972
122373,0,0,0,0,122373,0.0,08,003973
122468,0,0,0,0,122468,0.0,08,003974
122493,0,0,0,0,122493,0.0,08,003975
122514,0,0,0,0,122514,0.0,08,003976
122440,0,0,0,0,122440,0.0,08,003977
122183,0,0,0,0,122183,0.0,08,003978
122216,0,0,0,0,122216,0.0,08,003979
122331,0,0,0,0,122331,0.0,08,003980
122373,0,0,0,0,122373,0.0,08,003981
122461,0,0,0,0,122461,0.0,08,003982
122518,0,0,0,0,122518,0.0,08,003983
122744,0,0,0,0,122744,0.0,08,003984
122777,0,0,0,0,122777,0.0,08,003985
122840,0,0,0,0,122840,0.0,08,003986
122703,0,0,0,0,122703,0.0,08,003987
122973,0,0,0,0,122973,0.0,08,003988
123023,0,0,0,0,123023,0.0,08,003989
123088,0,0,0,0,123088,0.0,08,003990
123149,0,0,0,0,123149,0.0,08,003991
123160,0,0,0,0,123160,0.0,08,003992
123277,0,0,0,0,123277,0.0,08,003993
123417,0,0,0,0,123417,0.0,08,003994
123661,0,0,0,0,123661,0.0,08,003995
123805,0,0,0,0,123805,0.0,08,003996
123978,0,0,0,0,123978,0.0,08,003997
124029,0,0,0,0,124029,0.0,08,003998
123913,0,0,0,0,123913,0.0,08,003999
123976,0,0,0,0,123976,0.0,08,004000
123962,0,0,0,0,123962,0.0,08,004001
123967,0,0,0,0,123967,0.0,08,004002
123916,0,0,0,0,123916,0.0,08,004003
123878,0,0,0,0,123878,0.0,08,004004
123780,0,0,0,0,123780,0.0,08,004005
123771,0,0,0,0,123771,0.0,08,004006
123772,0,0,0,0,123772,0.0,08,004007
123676,0,0,0,0,123676,0.0,08,004008
123788,0,0,0,0,123788,0.0,08,004009
123744,0,0,0,0,123744,0.0,08,004010
123646,0,0,0,0,123646,0.0,08,004011
123539,0,0,0,0,123539,0.0,08,004012
123322,0,0,0,0,123322,0.0,08,004013
123151,0,0,0,0,123151,0.0,08,004014
123086,0,0,0,0,123086,0.0,08,004015
122910,0,0,0,0,122910,0.0,08,004016
122956,0,0,0,0,122956,0.0,08,004017
122986,0,0,0,0,122986,0.0,08,004018
123026,0,0,0,0,123026,0.0,08,004019
122846,0,0,0,0,122846,0.0,08,004020
122884,0,0,0,0,122884,0.0,08,004021
122854,0,0,0,0,122854,0.0,08,004022
122809,0,0,0,0,122809,0.0,08,004023
123076,0,0,0,0,123076,0.0,08,004024
123302,0,0,0,0,123302,0.0,08,004025
123518,0,0,0,0,123518,0.0,08,004026
123698,0,0,0,0,123698,0.0,08,004027
123893,0,0,0,0,123893,0.0,08,004028
124006,0,0,0,0,124006,0.0,08,004029
124106,0,0,0,0,124106,0.0,08,004030
124154,0,0,0,0,124154,0.0,08,004031
124248,0,0,0,0,124248,0.0,08,004032
124312,0,0,0,0,124312,0.0,08,004033
124417,0,0,0,0,124417,0.0,08,004034
124425,0,0,0,0,124425,0.0,08,004035
124419,0,0,0,0,124419,0.0,08,004036
124387,0,0,0,0,124387,0.0,08,004037
124301,0,0,0,0,124301,0.0,08,004038
124250,0,0,0,0,124250,0.0,08,004039
124075,0,0,0,0,124075,0.0,08,004040
124013,0,0,0,0,124013,0.0,08,004041
124086,0,0,0,0,124086,0.0,08,004042
124222,0,0,0,0,124222,0.0,08,004043
124291,0,0,0,0,124291,0.0,08,004044
124218,0,0,0,0,124218,0.0,08,004045
124279,0,0,0,0,124279,0.0,08,004046
124263,0,0,0,0,124263,0.0,08,004047
124251,0,0,0,0,124251,0.0,08,004048
124273,0,0,0,0,124273,0.0,08,004049
124172,0,0,0,0,124172,0.0,08,004050
124110,0,0,0,0,124110,0.0,08,004051
124004,0,0,0,0,124004,0.0,08,004052
123977,0,0,0,0,123977,0.0,08,004053
123958,0,0,0,0,123958,0.0,08,004054
123925,0,0,0,0,123925,0.0,08,004055
123738,0,0,0,0,123738,0.0,08,004056
123472,0,0,0,0,123472,0.0,08,004057
123350,0,0,0,0,123350,0.0,08,004058
123316,0,0,0,0,123316,0.0,08,004059
123253,0,0,0,0,123253,0.0,08,004060
123314,0,0,0,0,123314,0.0,08,004061
123161,0,0,0,0,123161,0.0,08,004062
123323,0,0,0,0,123323,0.0,08,004063
123147,0,0,0,0,123147,0.0,08,004064
123277,0,0,0,0,123277,0.0,08,004065
123163,0,0,0,0,123163,0.0,08,004066
123282,0,0,0,0,123282,0.0,08,004067
122958,0,0,0,0,122958,0.0,08,004068
122576,0,0,0,0,122576,0.0,08,004069
122346,0,0,0,0,122346,0.0,08,004070
